Date,Close,High,Low,Open,Volume,MA7,MA21
2021-08-24,145.93504333496094,147.14450905669656,145.47661765156835,145.7692320065187,48606400,,
2021-08-25,144.7060546875,146.6177885615759,144.15984926147306,146.12033978338724,58991300,,
2021-08-26,143.90625,145.44733817166107,143.87699005673284,144.6963131171606,48597200,,
2021-08-27,144.9401397705078,145.08643947056316,143.21372889495123,143.847714105832,55802400,,
2021-08-30,149.3488006591797,149.7096980445359,144.94988286885493,145.3302769581914,90956700,,
2021-08-31,148.09056091308594,149.0366718472091,147.56385230904914,148.90012052078816,86453100,,
2021-09-01,148.7538299560547,151.16299758315895,148.5880186674378,149.0659558284964,80313700,146.52581133161272,
2021-09-02,149.8657684326172,150.90942268736845,148.64655451799135,150.08035127222993,71115500,147.08734348842077,
2021-09-03,150.499755859375,150.8216300915499,149.31955034140017,149.9730471583683,57808700,147.9150150844029,
2021-09-07,152.83091735839844,153.3868712092461,150.58756059759483,151.1532776856572,82278300,149.1899675641741,
2021-09-08,151.2898406982422,153.17230013553674,150.1876663830064,153.1137802396808,74420200,150.0970676967076,
2021-09-09,150.27540588378906,152.2651560265842,150.1583512521099,151.6604308143289,57305700,150.22943987165178,
2021-09-10,145.301025390625,151.65068551937273,145.03767104191758,151.18251158621138,140893200,149.83093479701452,
2021-09-13,145.8667449951172,147.69068411470718,145.0864451705449,146.9201475258426,102404300,149.41849408830916,
2021-09-14,144.4719696044922,147.34932639599026,143.2917788504928,146.64705797915482,109296300,148.64795139857702,
2021-09-15,145.35955810546875,145.75946384011283,142.76506733146184,144.9011324843855,83281300,147.91363743373327,
2021-09-16,145.12547302246094,145.30104757606733,143.59414799108714,144.78410203525485,68034100,146.81285967145647,
2021-09-17,142.4627227783203,145.15475696069768,142.1701084259335,145.15475696069768,129868800,145.55184282575334,
2021-09-20,139.41952514648438,141.2727239872893,137.7906574556132,140.25834475382314,123478900,144.0010027204241,
2021-09-21,139.89749145507812,141.03868891632874,139.26350609481372,140.3851770808151,75834000,143.22906930106026,
2021-09-22,142.2578887939453,142.82359096635926,140.16083188261564,140.89236024826914,76404300,142.71351841517858,146.21927461170014
2021-09-23,143.2137451171875,143.457587900221,142.0530510886709,143.03817057425258,64838200,142.53377205984933,146.08968898228235
2021-09-24,143.30154418945312,143.83800136075783,141.97503867631073,142.07258175581498,53477900,142.2397700718471,146.02280752999442
2021-09-27,141.7897186279297,142.36519899589,140.27790504587242,141.88726170941032,74150700,141.7632337297712,145.9220203218006
2021-09-28,138.4148712158203,141.18492066419117,138.20028845318822,139.72186449150524,108972300,141.18496922084265,145.61129324776786
2021-09-29,139.31227111816406,140.89236770909372,138.53197117688373,138.9611368887371,74602000,141.16964721679688,145.13336326962425
2021-09-30,138.01498413085938,140.82405712165914,137.80040133945224,140.1217888739592,89056700,140.90071759905135,144.65357389904204
2021-10-01,139.1366729736328,139.40002732180153,135.68386603878685,138.40514469326044,94639600,140.454829624721,144.19561404273622
2021-10-04,135.71315002441406,138.70754679310303,134.8645818313905,138.26861784072736,98322000,139.38331604003906,143.5216798328218
2021-10-05,137.6346435546875,138.73681787676418,135.9277437943665,136.05454682483122,80861100,138.5737588065011,142.90905543736048
2021-10-06,138.5027313232422,138.64903107214994,134.962128569818,136.0350430050937,83221100,138.10418919154577,142.2267608642578
2021-10-07,139.76089477539062,140.66799748439982,139.20494108139994,139.5365636274982,61732700,138.29647827148438,141.67776343936012
2021-10-08,139.38050842285156,140.6289820985626,139.04888585839274,140.48268240335435,58773200,138.3062264578683,141.1589587983631
2021-10-11,139.2927703857422,141.24351294952652,138.31739910385002,138.76607644203366,64452200,138.48876735142298,140.8728514171782
2021-10-12,138.02476501464844,139.72191616043952,137.56633938704366,139.7024045703548,73035900,138.32992335728235,140.49942379906065
2021-10-13,137.43955993652344,137.9174823014052,135.77166862906188,137.76143421982243,78762700,138.57655334472656,140.16454714820497
2021-10-14,140.21934509277344,140.3363997461316,138.024760100328,138.60998871817293,69907100,138.945796421596,139.9197750999814
2021-10-15,141.27273559570312,141.33125547588753,139.97549034735292,140.22909633879294,67940300,139.34151131766183,139.73631141299293
2021-10-18,142.94064331054688,143.22349439217342,139.63413574665708,139.91698682828363,85589200,139.79576110839844,139.75906953357514
2021-10-19,145.09617614746094,145.49608180607396,142.9406146975332,143.38927699692093,76378900,140.61228506905692,140.02938624790735
2021-10-20,145.5839385986328,146.06187597137284,144.47201573079795,145.0377329629227,58418800,141.51102338518416,140.3001694452195
2021-10-21,145.79852294921875,145.9545859561012,144.2281742895596,145.1450258512595,61421000,142.6215602329799,140.46877107166108
2021-10-22,145.02789306640625,146.48118609776577,144.9791215476474,146.00326390967163,58883400,143.70560782296317,140.55515906924293
2021-10-25,144.97918701171875,145.6912038815736,143.98430413512364,145.0181953145529,50720600,144.38558523995536,140.63504682268416
2021-10-26,145.64239501953125,147.12494812357627,145.34001752826617,145.65214337099945,60893400,145.00982230050224,140.8185076032366
2021-10-27,145.1840057373047,146.04232225315448,144.83287151805337,145.68143968000115,56094900,145.33030264718192,141.1408473423549
2021-10-28,148.81239318847656,149.39760698679012,146.0325792767904,146.13012235133445,100077900,145.86119079589844,141.59323410760788
2021-10-29,146.11062622070312,146.247177609724,142.80411805235417,143.59416643761676,124953200,145.93643188476562,141.9787408737909
2021-11-01,145.2913055419922,146.01307072992742,144.1598713388164,145.3205654883688,74588300,145.86397225516183,142.27181861514137
2021-11-02,146.3251953125,147.8370236875447,144.98892661408803,144.99868985144568,69122000,146.04930114746094,142.77715410505022
2021-11-03,147.7589874267578,148.2271614322934,146.13011931995035,146.6860731609645,54511500,146.4464154924665,143.25926571800596
2021-11-04,147.2420196533203,148.67580139860405,146.92989377476803,147.84674493928904,60394600,146.67493329729353,143.67542230515252
2021-11-05,147.7694854736328,148.66813471450217,146.57779487265975,148.36533077411934,65463900,147.0442875453404,144.05678376697358
2021-11-08,146.948974609375,148.0527572213007,146.67547332752292,147.8964665160418,55020900,146.77808489118303,144.4171869187128
2021-11-09,147.3104248046875,147.9160328251653,146.57782868777164,146.71457936674102,56787900,146.9494846888951,144.7989799862816
2021-11-10,144.4874267578125,146.64614895330263,144.41905889983127,146.53870097244655,65187100,146.8346448625837,145.10672578357514
2021-11-11,144.43861389160156,145.96241109507744,144.25302053135974,145.50333134171993,41000000,146.56513323102678,145.4400140671503
2021-11-12,146.50942993164062,146.90990439693277,144.05766590459464,144.9856178095641,63804000,146.3866250174386,145.73954191662017
2021-11-15,146.51919555664062,148.3555742437889,145.9624154592678,146.88060480284193,59222800,146.28336443219865,145.98937334333147
2021-11-16,147.4960174560547,147.97465228236786,145.87453448172622,146.46061733416252,59256200,146.24429757254464,146.206295921689
2021-11-17,149.92823791503906,151.40319268452978,147.48625093625634,147.4960135184774,88807000,146.66990661621094,146.43639410109748
2021-11-18,154.2065887451172,154.9880275581461,149.49844560723523,150.14313374583702,137827700,147.65507289341517,146.8469964890253
2021-11-19,156.82435607910156,157.28345067512842,152.8976381128572,153.99164315630802,117305600,149.41749136788505,147.37203616187685
2021-11-22,157.28347778320312,161.8548695638248,157.26393771700205,157.9281509208038,117467900,151.25247192382812,147.9556354341053
2021-11-23,157.6644287109375,158.04537802988585,155.36895531169498,157.3811499145866,96041900,152.8460431780134,148.55969456263952
2021-11-24,158.18212890625,158.3774848564214,155.9354982175197,157.01974088138022,69463600,154.51217651367188,149.15682474772134
2021-11-26,153.1711883544922,156.72672078738918,152.73163368073872,155.867151508964,76959800,155.32291521344865,149.53716677711122
2021-11-29,156.52154541015625,157.44949714116228,155.10518155763626,155.6717241177042,88748200,156.2648162841797,149.90426926385788
2021-11-30,161.4641876220703,161.67908367603815,156.20902669183067,156.2774094838687,174048100,157.30161612374442,150.63539123535156
2021-12-01,160.94647216796875,166.34814584365344,160.71203606659066,163.5935775451036,152052500,157.89048985072546,151.38087536039808
2021-12-02,159.95989990234375,160.38969196905754,154.1382116478701,155.0564010804487,136739200,158.27283586774553,152.0301470075335
2021-12-03,158.08444213867188,161.13205157338396,156.01364225594332,160.21386222018816,118023100,158.3328377859933,152.52183532714844
2021-12-06,161.48370361328125,163.98429560873123,160.4678287996897,160.47759138079394,107497000,158.8044913155692,153.20001075381325
2021-12-07,167.2077178955078,167.5984447377344,164.43362438687151,165.15645786646198,120405400,160.80970982142858,154.12564086914062
2021-12-08,171.01719665527344,171.87678065417452,166.73883163036436,168.1356556285786,116998900,162.8805171421596,155.27174668085007
2021-12-09,170.50927734375,172.6484600825667,169.8841293433167,170.85116144440897,108923700,164.17267281668526,156.37645394461495
2021-12-10,175.2857666015625,175.46159735855397,170.6362302385688,171.14416754190958,115402700,166.2211434500558,157.8430415562221
2021-12-13,171.66189575195312,177.9036129181879,171.45676231906222,176.91704079075097,153237000,167.89285714285714,159.13938831147692
2021-12-14,170.2846221923828,173.6154957034132,168.21382219359762,171.18327152968024,139380400,169.63574000767298,160.27154032389322
2021-12-15,175.13925170898438,175.33460762233094,168.31145298797125,171.04648048892548,131063300,171.58653259277344,161.63440014067152
2021-12-16,168.2626495361328,176.93659123544322,166.78769490587976,175.11975249855263,150185800,171.73723711286272,162.62328738257997
2021-12-17,167.1686248779297,169.444558052229,165.75227570894924,165.9866968706162,195432700,171.18744114467077,163.44425819033668
2021-12-20,165.8109130859375,166.6216545378973,163.5740596088574,164.37502357405398,107499100,170.51624625069755,163.9968450637091
2021-12-21,168.9757080078125,169.1808265329912,165.1955026634982,167.57888393978646,91185900,169.61480930873327,164.57548086983817
2021-12-22,171.56423950195312,171.77913555211592,168.15522025592128,169.02456703895956,92135300,169.6008584158761,165.2555171421596
2021-12-23,172.18939208984375,172.74617229930396,171.20283467351487,171.76937746561768,68356600,169.87296840122767,165.94718206496466
2021-12-27,176.14537048339844,176.23327841950962,172.96102548062714,172.9805506410723,74919600,170.0166996547154,166.80257452101935
2021-12-28,175.12950134277344,177.12217071968058,174.38714279522745,175.9793227997058,79144300,170.99767848423548,167.84820847284226
2021-12-29,175.21743774414062,176.4384311169709,174.00620695259946,175.16859502828655,62348900,172.1475088936942,168.73848906017486
2021-12-30,174.06475830078125,176.37977115336017,173.95731032108603,175.30529135640796,59773000,173.32662963867188,169.33851623535156
2021-12-31,173.44943237304688,175.0709001571645,173.14661351296067,173.9573548573712,64062300,173.96573311941964,169.93389529273622
2022-01-03,177.786376953125,178.63619837680892,173.5861721636794,173.70338274431063,104487900,174.8546098981585,170.78277515229723
2022-01-04,175.52999877929688,178.69481886787932,174.96345608354855,178.39201490568885,99310400,175.33183942522322,171.61351594470796
2022-01-05,170.86093139648438,175.9891036993743,170.58743006603996,175.44210103848545,94537600,174.57691955566406,172.06005060105096
2022-01-06,168.0086669921875,171.23209207239668,167.65702034880644,168.6924202141222,96904000,173.55965750558036,172.0981910342262
2022-01-07,168.1747589111328,170.09904585932276,167.06121343542898,168.8780523594411,86709100,172.5535605294364,171.96283685593377
2022-01-10,168.19427490234375,168.4970788622131,164.2675561955421,165.1564429133354,106765600,171.7149200439453,171.85259864443825
2022-01-11,171.01719665527344,171.1148671703379,166.85605711502512,168.3212489833143,76138300,171.3674577985491,171.64933340890067
2022-01-12,171.45675659179688,173.06846173538992,170.7632407657719,172.0330618342014,74805200,170.46322631835938,171.63956487746466
2022-01-13,168.19427490234375,172.52146809219963,167.80354809549323,171.70096415486904,84505800,169.41526576450892,171.54002453031995
2022-01-14,169.05384826660156,169.7473640846977,167.1197842307582,167.36398288031089,80440800,169.15711103166853,171.25024341401598
2022-01-18,165.8597412109375,168.53614912039677,165.47879187832885,167.53005178287384,90956700,168.8501216343471,171.13581920805433
2022-01-19,162.37258911132812,167.11004966883394,162.08932518842298,166.0551095373263,94815000,168.021240234375,170.90743655250185
2022-01-20,160.69248962402344,165.74251639966073,160.3701455866801,163.10517370877471,91420500,166.9495566231864,170.66370210193452
2022-01-21,158.6411895751953,162.4702220155114,158.5337415899316,160.60454104625038,122848900,165.18155561174666,170.1715821765718
2022-01-24,157.86952209472656,158.5337501042213,151.11010595295735,156.30665983978236,162294600,163.24052211216517,169.51945277622767
2022-01-25,156.07225036621094,158.98309429431202,153.37630245676536,155.29081165334586,115798400,161.50880432128906,168.75196983700707
2022-01-26,155.98434448242188,160.57527648713483,154.15774320444362,159.70592982008216,108275300,159.64173235212053,167.79192097981772
2022-01-27,155.5252227783203,160.0380086364196,154.60703355591713,158.68026486629398,121954600,158.16537257603235,166.85838390531995
2022-01-28,166.37744140625,166.39698147337538,159.0221785798324,161.86465470605705,179935700,158.73749433244978,166.43743169875373
2022-01-31,170.72412109375,170.93901705041793,165.5764105212587,166.2113358131228,115541600,160.17058454241072,166.27835373651413
2022-02-01,170.55810546875,170.78276405312576,168.31147491088436,169.97202274767105,86213900,161.8730010986328,166.1406715029762
2022-02-02,171.75953674316406,171.7986168687593,169.30778797894317,170.69483434355706,84914300,163.85728890555245,165.85367911202567
2022-02-03,168.8878173828125,172.1503233892282,168.1259186202505,170.43115497753465,89418100,165.6880841936384,165.53738475981214
2022-02-04,168.6041259765625,170.27657906796233,166.93167288516267,167.90971178865772,82465400,167.49091012137276,165.42991783505394
2022-02-07,167.89022827148438,170.12993168140494,167.19581380846196,169.06387243592252,77251200,169.25733947753906,165.42427789597284
2022-02-08,170.99063110351562,171.49921577315683,167.66528816964242,167.9587029761161,74829200,169.91636657714844,165.55836704799108
2022-02-09,172.40875244140625,172.77062217708496,171.05905354274313,172.1838075995271,71285000,170.1570281982422,165.7590564546131
2022-02-10,168.34007263183594,171.62628436106874,167.78259814649985,170.31571564595043,90865900,169.84016636439733,165.63157435825892
2022-02-11,164.93653869628906,169.2790353586412,164.34970917619486,168.54550592037077,98670700,168.8654523577009,165.32108779180618
2022-02-14,165.1712646484375,165.8558891027738,162.9022065441299,163.69441590726865,86185500,168.33451625279017,165.17713492257255
2022-02-15,168.99537658691406,169.1518664311418,166.5111637354937,167.2153531108256,62527400,168.3904091971261,165.17435055687315
2022-02-16,168.7606658935547,169.5333102903167,166.31556790878483,168.07604144255788,61177400,168.51475742885046,165.31248982747397
2022-02-17,165.1712646484375,168.1347222265384,164.7702649952927,167.27404295611913,69589300,167.68341936383928,165.44576009114584
2022-02-18,163.62596130371094,166.79479876362558,162.54033719370844,166.0906242687398,82772700,166.4287349155971,165.58544921875
2022-02-22,160.7113800048828,163.02932772220805,158.58902218443671,161.35687442039574,91162800,165.33892168317522,165.68402971540178
2022-02-23,156.55471801757812,162.5011823133144,156.24173835796486,161.90457789540673,90009200,164.14151872907365,165.62141999744233
2022-02-24,159.16610717773438,159.27369208830245,148.66196063900136,149.22922517438823,141147500,163.28363909040178,165.76874651227678
2022-02-25,161.2297821044922,161.4938419663862,157.33717500506495,160.24195287546036,91974200,162.1742684500558,166.0185292561849
2022-02-28,161.49383544921875,161.7872502076219,158.8629074909049,159.47907699118204,95056600,161.13614981515067,166.30274890718005
2022-03-01,159.6160125732422,162.94135518491746,158.41302839932598,161.08307153976776,83474400,160.34254237583704,165.98077610560827
2022-03-02,162.90220642089844,163.68464076398826,159.37148431939156,160.77986315221446,79724800,160.23914882114954,165.60830397832962
2022-03-03,162.57943725585938,165.20058983386846,161.91437782369874,164.77025023720336,76678400,160.50601414271765,165.2283673967634
2022-03-04,159.58663940429688,161.91437725608384,158.54014531943216,160.87765818976635,83737200,160.93914576939173,164.6487056187221
2022-03-07,155.80166625976562,161.39605234966348,155.54736648605487,159.7725035009549,96418800,160.45851135253906,164.02555556524368
2022-03-08,153.98251342773438,159.3030497335725,152.3785295346828,155.3322124692921,131148300,159.42318725585938,163.32928830101378
2022-03-09,159.37147521972656,159.8213797915154,155.90922322313332,157.9337564869507,91454900,159.11999293736048,162.9236333937872
2022-03-10,155.03878784179688,156.86771648439594,152.5545597614365,156.68188663700346,105342000,158.46610369001115,162.16402180989584
2022-03-11,151.3319854736328,155.78206635482195,151.1070406596988,155.43974670100266,96970100,156.81321498325892,161.16036624000185
2022-03-14,147.31224060058594,150.73537736075448,146.80367102699051,148.1240148231261,108732100,154.63218688964844,160.15904090518043
2022-03-15,151.68408203125,152.1535515492418,147.0775261791108,147.58609577139651,92964300,153.5032501220703,159.52797154017858
2022-03-16,156.0852813720703,156.48628104894496,151.06795013405093,153.60106822684398,102300200,153.54376656668526,159.09530566987536
2022-03-17,157.09266662597656,157.46432633327734,154.16833868809496,155.1268130175759,75615400,153.98807416643416,158.52850995744978
2022-03-18,160.3788604736328,160.86788006337628,156.25153394230247,156.98506332691767,123511700,154.1319863455636,158.12937636602493
2022-03-21,161.74815368652344,162.69685305700403,159.43019026159942,159.91920994025145,95811400,155.09046718052454,157.96637108212425
2022-03-22,165.11256408691406,165.69937857870127,161.2884277154457,161.8752422072329,81532000,157.05912126813615,158.03716169084822
2022-03-23,166.47206115722656,168.8486892835288,163.9682682338466,164.3008129085659,98062700,159.7962384905134,158.31147984095983
2022-03-24,170.24728393554688,170.31573891650316,166.4720521767643,167.30337650948087,90131400,162.4481244768415,158.96350678943452
2022-03-25,170.8830108642578,171.43071043053845,168.95627243907444,170.06146151483682,80546200,164.5620858328683,159.5214545840309
2022-03-28,171.74368286132812,171.87081780430975,168.22273590773543,168.38900077447545,90371900,166.65508815220423,160.0221165248326
2022-03-29,175.02987670898438,175.0787667230212,172.467404224187,172.80972386459516,100589400,168.74809047154017,160.66668991815476
2022-03-30,173.8660430908203,175.66563174403498,172.81953392128133,174.62891251824163,92633200,170.47921752929688,161.3452627999442
2022-03-31,170.77540588378906,174.120297776475,170.5700111087268,173.93446796182153,103049300,171.28819492885046,161.72017706008185
2022-04-01,170.48202514648438,171.0395147015426,168.1640768197994,170.208175340956,78751300,171.86104692731584,162.09649076915923
2022-04-04,174.5213165283203,174.57022147286082,170.60915974417932,170.73630961524591,76468400,172.47162301199776,162.8076658703032
2022-04-05,171.2155303955078,174.3843825989403,170.58958593943763,173.60194829792937,73401800,172.51912580217635,163.54165940057663
2022-04-06,168.0564422607422,169.81691543605135,166.39377895438548,168.57480173407063,89058800,171.99237714494978,164.21184648786272
2022-04-07,168.35964965820312,169.55285855113002,166.11994669119974,167.4011755212215,77594700,171.03948756626673,164.63985479445685
2022-04-08,166.3546905517578,168.00757925318007,165.48423622614246,168.00757925318007,76575500,169.96643720354353,165.17870730445497
2022-04-11,162.1099853515625,165.31795249524248,161.8654755697351,165.00498773482366,72246700,168.728519984654,165.69194539388022
2022-04-12,163.97805786132812,166.13951616252308,162.98045368647982,164.3301525745867,79265200,167.79938180106026,166.48555573962983
2022-04-13,166.65785217285156,167.28379658301122,163.10758048377514,163.71395993382896,70618900,166.676029750279,167.19859241303942
2022-04-14,161.6600341796875,167.5087172198714,161.41552446835271,166.87298301618785,75329400,165.3109588623047,167.46405683244978
2022-04-18,161.4449005126953,162.94129894819648,159.97784205250275,160.3201467390001,69023900,164.36645289829798,167.67130606515067
2022-04-19,163.7237548828125,164.1345444765827,160.31040765157212,161.39603175237912,67723800,163.70418221609933,167.8305867513021
2022-04-20,163.55747985839844,165.17125338034182,162.45230578739907,165.05387853639598,67929800,163.30458068847656,167.916745140439
2022-04-21,162.76528930664062,167.76307044383682,162.26649466439048,165.2006123983915,87227800,163.39819553920202,167.80497015090216
2022-04-22,158.23692321777344,164.18340212764667,157.95329847424364,162.80437847987656,84882400,162.57803344726562,167.41282072521392
2022-04-25,159.3030242919922,159.58664908398902,154.98009296481885,157.5816658069576,96046400,161.52734375,166.89166550409226
2022-04-26,153.3564910888672,158.77481962510305,153.27824619184904,158.6867997123407,95623200,160.34112330845423,166.05706932431175
2022-04-27,153.13160705566406,156.2808795981602,151.967738002025,152.48609759207858,88063200,159.15350995744978,165.17078000023253
2022-04-28,160.0463104248047,160.906989569117,155.43973990755873,155.75271956865106,130216800,158.62816074916296,164.457276843843
2022-04-29,154.18788146972656,162.55012002443183,153.7966717400247,158.2858683064252,131747600,157.2896466936384,163.52022152855284
2022-05-02,154.49105834960938,154.75511815394006,149.9040527150275,153.26850950984627,123055300,156.10761369977678,162.7447764078776
2022-05-03,155.97769165039062,157.18069064394373,152.88709903691972,154.67689768841237,88966500,155.7848663330078,162.05409386044457
2022-05-04,162.37408447265625,162.82397418149506,155.76252942825218,156.16352911233955,108256500,156.22358921595983,161.47565423874627
2022-05-05,153.32720947265625,160.47667363266967,151.5471709663278,160.25172879543595,130525300,156.2194061279297,160.6238294328962
2022-05-06,154.052001953125,156.16767394547392,151.0156200226824,152.8080631040653,116124600,156.35089111328125,159.95695132300966
2022-05-09,148.93914794921875,152.63177739233632,148.38085428930862,151.75023984870148,131577900,154.76415361676897,159.03216552734375
2022-05-10,151.3388671875,153.5231099451531,149.7912929478581,152.32814774676658,115366700,154.3571515764509,158.31712631952195
2022-05-11,143.49327087402344,152.2595803376125,142.81742986905113,150.34960463592216,142689800,152.7860390799386,157.4306161063058
2022-05-12,139.63412475585938,143.1994175279536,135.95129962230052,139.8398213340432,182602000,150.4512438092913,156.2713811965216
2022-05-13,144.09072875976562,145.06041547307086,140.17282438448345,141.6224448185645,113990900,147.83933585030692,155.19675627208892
2022-05-16,142.5529327392578,144.49230601105745,141.22084476017127,142.56273706460962,86643800,146.30015345982142,154.28689429873512
2022-05-17,146.17701721191406,146.69613834453236,143.66954586445135,145.80481151470883,78336300,145.17515563964844,153.55985223679315
2022-05-18,137.92982482910156,144.335591633693,137.02869370903522,143.8360642275501,109742900,143.6023951939174,152.3315698532831
2022-05-19,134.53106689453125,138.75260707730666,133.7964597180681,137.00914057415054,136095600,141.20128086635046,150.9493597121466
2022-05-20,134.76612854003906,137.81230015984903,129.8883411847853,136.23534285932448,137426100,139.95454624720983,149.61606634230841
2022-05-23,140.17282104492188,140.31973647724712,134.82487512400195,134.9620011760451,117726300,140.03150285993303,148.75587100074404
2022-05-24,137.47926330566406,139.05622039365426,134.51145197634384,137.92002455292192,104132700,139.0870077950614,147.71664428710938
2022-05-25,137.635986328125,138.87991021944293,135.50072064953915,135.58886991195646,92482700,138.38458687918526,146.96804882231214
2022-05-26,140.82908630371094,141.37759058232152,134.3253649583187,134.57023400738558,90601500,137.62059674944197,146.38221450079055
2022-05-27,146.56883239746094,146.6080048732437,142.27872143657157,142.4060581377044,90978500,138.854740687779,145.7404298328218
2022-05-31,145.78524780273438,147.567901829154,143.8262952175465,146.01053811087894,103718400,140.46248081752233,145.34030442010788
2022-06-01,145.6578826904297,148.6256937779253,144.64900865939228,146.823446577346,74286600,142.01844569614954,144.91967700776598
2022-06-02,148.10659790039062,148.16536407915592,143.8458705924634,144.79596367082308,72348100,143.15184238978796,144.54486301967077
2022-06-03,142.39625549316406,144.93309527765794,141.49513917786348,143.88504856420633,88570300,143.8542698451451,143.59353783017113
2022-06-06,143.14064025878906,145.52077501341512,141.92608448379778,144.01237341190438,71598400,144.6406489780971,143.10846310570128
2022-06-07,145.6578826904297,145.94192415465892,141.1424977278199,141.38736672807937,67808200,145.33047703334265,142.708743140811
2022-06-08,144.92330932617188,146.7940975636926,144.43357121198528,145.53057980516448,53950200,145.09540230887276,142.51751273018974
2022-06-09,139.7124481201172,144.91346299390733,139.60470516840178,144.0613237048235,69473000,144.2278594970703,141.96387372698103
2022-06-10,134.31552124023438,137.87100823131271,134.24695076033748,137.4008640320721,91437900,142.6075221470424,141.52683803013392
2022-06-13,129.17332458496094,132.4251777606438,128.7423526705115,130.14299644685158,122207100,139.90276881626673,141.02870468866257
2022-06-14,130.03524780273438,131.1420606306549,128.7815195311164,130.39766413988795,84784300,138.13691057477678,140.35939607166108
2022-06-15,132.65042114257812,134.52122379977993,129.44754553707168,131.5338191539686,91533000,136.63830784388952,139.88784790039062
2022-06-16,127.39063262939452,129.67281326031437,126.3915630308045,129.3691781238841,108123900,134.02870069231307,138.99325815836588
2022-06-17,128.85989379882812,130.34870189215334,127.145810351483,127.40048374314352,134520300,131.73392704554968,138.5613566807338
2022-06-21,133.08140563964844,134.2469845261448,130.58375367786297,130.68169231513036,81000500,130.78663526262557,138.49232519240607
2022-06-22,132.5720977783203,134.93262385029735,131.16164978530637,132.0235786011109,73409200,130.5375747680664,138.38784753708612
2022-06-23,135.4321746826172,135.74559928638683,132.84635818263115,134.0119372202921,72433800,131.43169621058874,138.16210247221449
2022-06-24,138.7526092529297,138.99747831559026,136.90139973704072,137.02872148660157,89116800,132.67703356061662,138.22273799351282
2022-06-27,138.7526092529297,140.5450525850796,138.0767682486871,139.77125797752416,70207900,133.54877471923828,138.27591051374162
2022-06-28,134.6191864013672,140.47644880841756,134.50165406172098,139.212931320367,67083400,134.5814252580915,137.9802009945824
2022-06-29,136.37245178222656,137.78289974267364,133.8649953839291,134.63878986432783,66242400,135.65464782714844,137.49465906052362
2022-06-30,133.9140167236328,135.53014683096814,131.02456428701487,134.43313802820109,98964500,135.77359226771765,136.92936234247117
2022-07-01,136.07864379882812,136.1863867964731,132.87576685593524,133.24795771047167,71051600,136.27452741350447,136.47320810953775
2022-07-05,138.65464782714844,138.70362462604172,134.11966825992553,134.94243962271915,73353800,136.73488071986608,136.02311524890717
2022-07-06,139.9867401123047,141.16210859174285,138.1845074474581,138.44897021265854,74064300,136.91118512834822,135.9083764212472
2022-07-07,143.34632873535156,143.54222096010838,140.33933002838788,140.34911940865916,66253700,137.5674307686942,135.91817111060732
2022-07-08,144.0221710205078,144.5217134378149,142.02404618814074,142.27870461467543,64547800,138.91071428571428,135.8402800787063
2022-07-11,141.89669799804688,143.63037488194183,140.82907263468897,142.6802818681296,63141600,139.69989231654577,135.69615572974794
2022-07-12,142.86639404296875,145.40323372369386,142.07302074051665,142.76844044820817,77588800,140.97880336216517,135.84634363083612
2022-07-13,142.5039825439453,143.44427122627144,139.2031379384123,140.0552923046931,71185600,141.89670889718192,136.23627035958427
2022-07-14,145.4227752685547,145.89291947440012,140.30991032493912,141.12287704385585,78140700,142.86358424595423,137.01005372546967
2022-07-15,147.0879669189453,147.76380801578927,145.15839724514754,146.70597172668005,76259900,143.87804521833147,137.82208796909876
2022-07-18,144.05154418945312,148.4591862413332,143.6891279021673,147.64621935829007,81420900,143.97879028320312,138.36499859037855
2022-07-19,147.9009246826172,148.1262000519952,143.89487011094474,144.88413581614606,82982400,144.53289794921875,139.3416791643415
2022-07-20,149.89901733398438,150.5650688606649,147.2838179131366,148.01842499581136,64823400,145.67608642578125,140.34354218982514
2022-07-21,152.16162109375,152.3771070356204,148.821603940378,151.32906041419434,65086600,147.00397600446428,141.2521238781157
2022-07-22,150.92747497558594,153.07253011561605,150.2614383736218,152.20079694797485,66675400,148.20733206612724,142.12618945893786
2022-07-25,149.81088256835938,151.85798424989775,149.1546353044719,150.849124954379,53623900,148.8342045375279,142.8108898344494
2022-07-26,148.4886016845703,149.94801169458665,147.70501771546552,149.13504463438227,55138700,149.03429521833147,143.27450852167038
2022-07-27,153.57205200195312,154.1009774684585,149.03708779660727,149.44846596743406,78620700,150.39436776297433,143.9801962716239
2022-07-28,154.12060546875,154.40464702646852,151.2409426865888,153.75818906606037,81378700,151.28289358956474,144.9088352748326
2022-07-29,159.17465209960938,160.2716754702952,156.22643448443253,157.93072824104914,101786900,152.6079842703683,145.9946543375651
2022-08-01,158.1951446533203,160.23245628562887,157.58787438780325,157.70540671129274,67829400,153.46991620744978,147.15089852469308
2022-08-02,156.72598266601562,159.07673453265352,156.35379186998745,156.81414688340993,59907000,154.29827444893974,148.1341051374163
2022-08-03,162.72036743164062,163.1709180629882,157.45078129075776,157.53893055181024,82507500,156.14248657226562,149.28009178524925
2022-08-04,162.4069366455078,163.75861850349844,161.0552547875172,162.60282888470158,55474100,158.13082013811385,150.34772019159226
2022-08-05,162.18136596679688,162.67178435198056,159.876393569881,160.08237587686597,56697000,159.3607221330915,151.24462672642298
2022-08-08,161.71054077148438,164.59420304327227,161.05338198319762,163.18179581085533,60276900,160.44499860491072,152.08693004789808
2022-08-09,161.7595977783203,162.64235984823435,160.12160217379457,160.87685067478762,63135500,160.81427655901228,153.03278241838728
2022-08-10,165.996826171875,166.0949008724902,163.70165667502752,164.4667081851827,70170500,161.92880249023438,154.1342315673828
2022-08-11,165.26116943359375,167.713261012407,164.9669154508603,166.80107516257124,57149200,163.14811488560267,155.21790713355654
2022-08-12,168.80201721191406,168.87066800455992,166.15374591104305,166.56571053244468,68039400,164.0169219970703,156.33120436895462
2022-08-15,169.87109375,170.0672580774187,168.06635799154176,168.2330984181666,54091700,165.0832301548549,157.41611517043341
2022-08-16,169.71417236328125,170.38114909928225,168.3704308785935,169.46896318920653,56377100,166.15934535435267,158.63814508347284
2022-08-17,171.20504760742188,172.7743773350279,169.26299514755854,169.45915949271176,79542000,167.51570347377233,159.74786522274925
2022-08-18,170.8126983642578,171.54832585930868,169.80243780169835,170.42036968678258,62290100,168.80900355747767,160.74375479561942
2022-08-19,168.2331085205078,170.41056710828244,168.02712623620275,169.71416649279175,70346300,169.12847246442522,161.50906372070312
2022-08-22,164.3588104248047,166.6049198473659,163.9370428679026,166.43817940694694,69026800,168.99956403459822,162.14865112304688
2022-08-23,164.0252685546875,165.47691721640174,163.45638164126586,163.87814907982667,54147100,168.31717136928015,162.82552664620536
2022-08-24,164.319580078125,164.88846719098774,163.06411023124903,164.11361274111158,53841500,167.5240979875837,163.57938276018416
2022-08-25,166.77163696289062,166.87952958176348,165.12383874706296,165.54559127859812,51218200,167.1037357875279,164.2079344249907
2022-08-26,160.48448181152344,167.7721056277997,160.42563400937078,167.3013082441995,78961000,165.57222638811385,164.51097615559897
2022-08-29,158.2873992919922,159.7782599974509,156.75729674532928,158.06179612101135,73314000,163.78289794921875,164.4687260219029
2022-08-30,155.8647918701172,159.44484048815386,154.69759359071182,159.02308781449068,77906200,162.0159955705915,164.35775684175036
2022-08-31,154.2071533203125,157.50276536238007,154.1286845852179,157.23793525223348,87991100,160.56575884137834,164.23781258719308
2022-09-01,154.93295288085938,155.38412932683354,151.70599214901193,153.6382414104045,74229900,159.26685660226005,163.86698332287017
2022-09-02,152.8241729736328,157.2869832188541,152.00027368828214,156.6886721974106,76957800,157.6246555873326,163.41066124325707
2022-09-06,151.56866455078125,154.079603619405,150.74476547508485,153.47148977301632,73714800,155.45280238560267,162.90529450916108
2022-09-07,152.97129821777344,153.6676838931478,150.66632598771957,151.85314497915547,87449600,154.3794904436384,162.4891401018415
2022-09-08,151.5000457763672,153.36362955067997,149.75414265238146,151.67658920142858,84923800,153.40986851283483,162.0005900065104
2022-09-09,154.35426330566406,154.79565178409123,151.78447599724632,152.49067960307377,68028800,153.19407871791296,161.44618225097656
2022-09-12,160.29812622070312,161.11222243462,156.24728104104713,156.53171708379904,104956000,154.06421770368303,161.20984685988654
2022-09-13,150.8919219970703,157.46352522744408,150.43092752735453,156.83579030622826,122656600,153.48692757742745,160.3569851829892
2022-09-14,152.33372497558594,154.0894308134101,150.66630580332588,151.82368576965968,87965400,153.41686357770647,159.5218723842076
2022-09-15,149.45008850097656,152.2651001071562,148.4790697119515,151.68639505914092,90481100,153.1142098563058,158.55691600981214
2022-09-16,147.81210327148438,148.44965617349064,145.52675172371437,148.312339619677,162278800,152.37718200683594,157.4429662795294
2022-09-19,151.51962280273438,151.5980915210163,146.24273245408108,146.44869974399057,81474200,152.3799787248884,156.52424839564733
2022-09-20,153.89324951171875,155.05064442927653,150.1464616536784,150.46032156880003,107689800,152.31411961146765,155.84139796665735
2022-09-21,150.77420043945312,155.69800426701255,150.65650483896582,154.3248240736869,101696800,150.95355878557478,155.19451177687873
2022-09-22,149.81300354003906,151.50984684718208,148.0180705759549,149.4599017279835,86652500,150.79942757742745,154.51773725237166
2022-09-23,147.5472869873047,148.5673657396687,145.71312678219724,148.29273260627454,96029900,150.1156507219587,153.71905662899925
2022-09-26,147.88075256347656,150.82326264584486,146.77240230987616,146.79202323434507,93339400,149.89145987374442,152.81949070521765
2022-09-27,148.85179138183594,151.75507497309587,147.07647912072952,149.81302224747262,84442700,150.03998674665178,152.2655530657087
2022-09-28,146.96856689453125,147.75323924438212,142.06438341593866,144.81072915722658,146691400,149.38983590262276,151.726561046782
2022-09-29,139.74961853027344,143.9083718149734,137.98410935439225,143.30025780798485,128138200,147.36931719098772,150.95917184012276
2022-09-30,135.55160522460938,140.35771319334796,135.35544091221504,138.5725835278908,124925300,145.19466073172433,150.07081240699404
2022-10-03,139.72015380859375,140.32828260431316,135.051377544142,135.56141670515206,114311700,143.75282505580358,149.34639340355284
2022-10-04,143.30026245117188,143.41795807791704,141.4955113649154,142.25075989142124,87830100,143.14610726492745,148.8928738548642
2022-10-05,143.59446716308594,144.55569777280346,140.2694318056122,141.30913113651346,79471000,142.53378077915735,148.51315016973587
2022-10-06,142.64309692382812,144.712663290669,142.43712956504083,143.0158197187154,68402200,141.6468244280134,148.02133106050036
2022-10-07,137.40536499023438,140.3576920748344,136.77763030519617,139.80841112984746,85925600,140.28065272739954,147.35015578497024
2022-10-10,137.72909545898438,139.1709266873786,135.91455644051044,137.72909545898438,74899000,139.99200657435827,146.55848112560454
2022-10-11,136.31668090820312,138.64127407342733,135.57125040118655,137.21904887976436,77033700,140.10130310058594,145.41650753929503
2022-10-12,135.68896484375,137.67025945099226,135.51242139642648,136.46383432846753,70433700,139.5254189627511,144.69255719866072
2022-10-13,140.24986267089844,140.83835578471064,131.79503908177543,132.40316808901153,113224000,139.0896475655692,144.11713518415178
2022-10-14,135.7281951904297,141.75053227831364,135.5418338120233,141.5445499741852,88598000,137.9658944266183,143.46371169317337
2022-10-17,139.6809539794922,140.16155437004147,137.5819641011487,138.36663643162046,85250900,137.54273114885603,143.0765141078404
2022-10-18,140.9952850341797,143.88875049899616,137.91545818930572,142.70194639396894,99136600,138.05557686941964,142.57535516648065
2022-10-19,141.1031951904297,142.1723038055395,138.78841953799576,138.974780941184,61758300,138.53759111676897,141.96630496070497
2022-10-20,140.6421661376953,143.0942577538532,139.91634163141595,140.2792613677454,64522000,139.155517578125,141.48382713681175
2022-10-21,144.4478302001953,145.0167173026428,139.9163543059083,140.1321395849877,86548600,140.4067840576172,141.22834269205728
2022-10-24,146.58602905273438,147.35108041478094,143.20214572577777,144.36934369172494,75981900,141.31195068359375,141.1825685046968
2022-10-25,149.42068481445312,149.5678193244191,146.49779513966664,147.21380186240924,74732300,143.2680206298828,141.25589861188615
2022-10-26,146.48797607421875,149.07738452163943,145.20306734701933,148.06712385627637,88194300,144.2404523577009,141.1433359781901
2022-10-27,142.02517700195312,146.19373355952823,141.36801811707775,145.23251764978033,109180200,144.38757978166853,140.90793645949591
2022-10-28,152.75552368164062,154.48179100593666,144.98729827273644,145.36000606754794,164762400,146.0521981375558,141.52726527622767
2022-10-31,150.40147399902344,151.2842358798015,149.0086878845991,150.22493060269468,97943200,147.4463849748884,142.2344018845331
2022-11-01,147.76303100585938,152.4710497811702,146.27217011734126,152.10814502054632,80379300,147.91998508998327,142.61739603678384
2022-11-02,142.250732421875,149.2539052221096,142.22130852087065,146.09561013902547,93604600,147.30065699986048,142.56741841634116
2022-11-03,136.21861267089844,140.0634909361085,136.09109910411752,139.33766635298934,97918500,145.4146466936384,142.21618725004652
2022-11-04,135.95335388183594,140.1681172493776,132.0234984378513,139.59828641105477,140814800,143.90970066615515,141.89762805757067
2022-11-07,136.4838409423828,136.70980337190065,133.29083425573356,134.7055842324109,83374600,143.11808122907365,141.85374596005394
2022-11-08,137.05368041992188,138.94982808586678,135.07893386231837,137.94772594743225,89908500,140.87496076311385,141.8215833391462
2022-11-09,132.5048828125,136.12035725287217,132.2297941583769,136.07123106652006,74917800,138.31830487932478,141.64006914411272
2022-11-10,144.29444885253906,144.29444885253906,137.0536956773793,138.7631880310501,118854000,137.82279314313615,142.0498540969122
2022-11-11,147.07479858398438,147.37935990276293,141.83826577346156,143.26284999283982,93979700,138.51194545200892,142.3748510451544
2022-11-14,145.6796875,147.64461451239947,144.84458752324886,146.35758971787035,73374100,139.86352757045202,142.8487316313244
2022-11-15,147.40887451171875,150.8966242970365,145.95483216140596,149.55065357357725,89868300,141.50003051757812,143.2167278471447
2022-11-16,146.18077087402344,147.24183349471545,144.70707528826344,146.51481993344615,64218300,142.88530622209822,143.46365574428015
2022-11-17,148.0769500732422,148.8236171893066,143.5870831617381,143.8621718356149,80389400,144.4600590297154,143.79573931012834
2022-11-18,148.6369171142578,150.022194440957,147.3400729082456,149.63903422199823,74829600,146.76463535853796,144.1764417375837
2022-11-21,145.41441345214844,147.733027851429,145.12950564069578,147.5267189168743,58724100,146.92463030133928,144.22246951148622
2022-11-22,147.54641723632812,147.78221396265934,144.35340964940343,145.53237828985053,51804100,146.99200439453125,144.26820228213356
2022-11-23,148.4208221435547,149.16748927839564,146.72114887646376,146.82922050043365,58301400,147.3835950578962,144.22058977399553
2022-11-25,145.51268005371094,146.26918120067512,144.5400357218998,145.70916976960694,35195900,147.11271013532365,144.1741471063523
2022-11-28,141.69091796875,144.06847835661756,140.86565204725017,142.59478278627932,69246000,146.47130257742745,144.1582300095331
2022-11-29,138.69439697265625,142.2705641956943,137.88878454429147,141.75967888062996,83763800,145.13093784877233,143.48865254720053
2022-11-30,145.43411254882812,146.11201495746124,138.0852876520207,138.92037287256267,111380900,144.67339433942522,143.25211152576264
2022-12-01,145.70921325683594,146.51484082101652,144.0390276864429,145.610975865171,71250400,144.71550859723772,143.15431068057106
2022-12-02,145.2179718017578,145.40464232225125,143.09584639700262,143.4004227674544,65447400,144.38287353515625,143.2956077938988
2022-12-05,144.0586700439453,148.27343309869434,143.21375058654476,145.17867816271277,68826400,143.75970894949776,143.668943859282
2022-12-06,140.40386962890625,144.71688401684585,139.43122531687646,144.4909215977212,64727200,143.0298788888114,143.88087318057106
2022-12-07,138.46847534179688,140.8558556105538,137.54495680465763,139.69655531326703,69721100,142.5695299421038,143.97537958054315
2022-12-08,140.14845275878906,141.0032064446931,138.62564588690643,139.86354485762612,62128300,142.77725219726562,144.1227496919178
2022-12-09,139.66702270507812,143.0172270285968,138.42910903026953,139.8438589493627,76097000,141.95338221958704,144.46380397251673
2022-12-12,141.95616149902344,141.9659807375352,138.5863037802082,140.19754337716597,70462700,141.417231968471,144.35245695568267
2022-12-13,142.91905212402344,147.34014052136496,141.7106254929562,146.87838120056784,93886200,141.08881487165178,144.1545642671131
2022-12-14,140.69862365722656,144.0881201971517,138.6845702087708,142.80109523487565,82291200,140.60880824497767,143.91737075079055
2022-12-15,134.1063232421875,139.31338494507114,133.64456400681874,138.63548245096763,98931900,139.70915876116072,143.28391592843192
2022-12-16,132.1511993408203,135.23613504981998,131.38487878191776,134.2929782040358,160156900,138.8066907610212,142.61584109351747
2022-12-19,130.0487060546875,132.82907992971283,129.01713123497163,132.74066180080095,79592600,137.3638698032924,141.75735328311012
2022-12-20,129.97991943359375,130.91325672721703,127.6121788847663,129.08587408244605,77432800,135.97999790736608,140.8689248221261
2022-12-21,133.07472229003906,134.41087369361549,130.42207295695286,130.64803543949063,85928000,134.71122087751115,140.2813204810733
2022-12-22,129.91116333007812,132.20030541745464,128.01501569466643,131.9939964474779,77852100,132.8529510498047,139.44154648553757
2022-12-23,129.5476837158203,130.09786107261186,127.36661277196195,128.62416529925935,63814900,131.2599596296038,138.54282560802642
2022-12-27,127.74974060058594,129.10554516462403,126.46271568426796,129.07607245594536,69007800,130.35187639508928,137.6969713483538
2022-12-28,123.82972717285156,128.73221899747332,123.66271014073897,127.39606774936588,85438400,129.16309465680803,136.846438453311
2022-12-29,127.33712768554688,128.19186635387044,125.49009852746012,125.74553370652504,75703700,128.77572631835938,136.3056161063058
2022-12-30,127.65150451660156,127.6711579886276,125.19535270118398,126.15817044916967,77034200,128.44309561593192,135.45882524762834
2023-01-03,122.8767547607422,128.60451337209517,121.99253578697105,127.99539057563403,112117500,126.98624311174665,134.37156531924293
2023-01-04,124.14411163330078,126.40378110334797,122.88655931785308,124.66481618620304,89113600,126.1623785836356,133.36804816836403
2023-01-05,122.82760620117188,125.5293813261351,122.57217104073682,124.90060516942826,80962700,125.2023675101144,132.35704512823196
2023-01-06,127.3469467163086,128.0051956310965,122.69989736764362,123.80025946812164,87754700,125.1448255266462,131.73528689429872
2023-01-09,127.8676300048828,131.07047089671403,127.6121948687902,128.182025548878,70790800,125.72166878836495,131.23048473539808
2023-01-10,128.43748474121094,128.95818934117645,125.87325369613974,127.97572556898378,63896200,125.87886265345982,130.67281959170387
2023-01-11,131.14910888671875,131.16874737067045,128.1722445262406,128.94838439618852,69458900,126.37852042061942,130.26720464797248
2023-01-12,131.07049560546875,131.90558081812333,129.13504077259947,131.5322547782573,71379600,127.54905482700893,129.74883960542223
2023-01-13,132.3967742919922,132.55397204801548,129.35114647285715,129.7146531663583,57809700,128.72800663539343,129.2477787562779
2023-01-17,133.55616760253906,134.88248509762596,131.77791004071557,132.46563188904346,63646600,130.26065826416016,128.9076618012928
2023-01-18,132.8389434814453,136.17931456809228,132.66209219338052,134.4207108763407,69672800,131.04522923060827,128.8473103841146
2023-01-19,132.89784240722656,133.86065244378065,131.42414715096476,131.72870843866633,58280400,131.76383100237166,128.88286481584822
2023-01-20,135.45225524902344,135.59963378756996,131.8662690124696,132.9076780568954,80223600,132.7659410749163,129.14017668224517
2023-01-23,138.63548278808594,140.80673462294286,135.48176704430378,135.6979103035641,81760300,133.8354230608259,129.5523463657924
2023-01-24,140.03054809570312,140.64950501564115,137.83965827143598,137.84947751147084,66435100,135.1154305594308,129.88357616606214
2023-01-25,139.372314453125,139.93231102042415,136.37579688239575,138.41932337339787,65799300,136.11193629673548,130.33410717192152
2023-01-26,141.43548583984375,141.72039372676826,139.41159795380088,140.65933109437518,54105100,137.237553187779,130.9001929873512
2023-01-27,143.37094116210938,144.64814715401417,140.57092820918845,140.64952711543583,70555800,138.74212428501673,131.64405968075707
2023-01-30,140.49232482910156,142.99761054282715,140.34496125408572,142.41796049282078,64015300,139.8270503452846,132.43751671200707
2023-01-31,141.7596893310547,141.80881551729502,139.78494257033407,140.19757555057984,65874500,140.72811235700334,133.12430536179315
2023-02-01,142.8797149658203,144.03903014040526,138.84180280794712,141.44532609516176,77663600,141.33443123953683,133.84945824032738
2023-02-02,148.17518615722656,148.52885870656533,145.57164829200897,146.2888426135127,118339000,142.4979509626116,135.05414544968377
2023-02-03,151.79066467285156,154.62016535520215,145.23763259886508,145.4341223704264,154357300,144.2720009940011,136.37064797537667
2023-02-06,149.06919860839844,150.4151839414419,148.1358611817687,149.89447943002094,69858300,145.36253138950892,137.62024761381605
2023-02-07,151.9380340576172,152.5078649107581,147.9983592694092,147.9983592694092,83322600,146.5864018031529,138.79125177292596
2023-02-08,149.25587463378906,151.8692315183495,148.5190269025848,151.18150996746658,64120100,147.83833748953683,139.8097396123977
2023-02-09,148.22430419921875,151.6236354399285,147.782198500911,151.0832773681269,56007100,148.76185389927454,140.75196911039808
2023-02-10,148.58837890625,148.913088785703,146.82709018156558,147.06324691592152,57450700,149.57737731933594,141.58241053989954
2023-02-13,151.38282775878906,151.7862414824205,148.49980618651492,148.52932389765635,62199000,150.03561183384485,142.54966445196243
2023-02-14,150.7432403564453,151.3041068890254,148.4407688328002,149.68055772689488,61707600,149.88597978864397,143.42330569312685
2023-02-15,152.8390655517578,153.00633755961738,150.428357769875,150.65466519061528,65573800,150.4245322091239,144.34153892880394
2023-02-16,151.2450714111328,153.82305157694913,150.8908438680814,151.04826665403036,68167900,150.3255375453404,145.21802121117003
2023-02-17,150.1036834716797,150.54646418705764,148.43094798353164,149.90689371085574,59144100,150.44665309361048,146.03734697614397
2023-02-21,146.09896850585938,148.87375415444836,146.0300988341385,147.79138776370112,58867200,150.14303370884485,146.5443333217076
2023-02-22,146.52206420898438,147.54538003263738,144.80012742797703,146.48269724609548,51011300,149.84784589494978,146.91988481794084
2023-02-23,147.00418090820312,147.92910925221886,144.8788305804024,147.6831183102613,48394200,149.22232491629464,147.25196257091704
2023-02-24,144.35733032226562,144.82962872471046,143.3832007915086,144.75090982195374,55469600,148.31005205426897,147.48934427897134
2023-02-27,145.5479278564453,146.7778826433076,145.08546365545735,145.3413038601465,44998500,147.2684609549386,147.68517485119048
2023-02-28,145.04608154296875,146.68929899478212,144.47538083886278,144.69185403745792,50547000,146.38289097377233,147.76494344075522
2023-03-01,142.9797821044922,144.86899086128216,142.68458995191014,144.4754113339038,55479000,145.36519077845983,147.88339378720238
2023-03-02,143.57017517089844,144.35734928778834,141.59239813777418,142.0647116163666,52238100,145.0039345877511,147.9696073986235
2023-03-03,148.60804748535156,148.6867663889097,144.96738452683869,145.66599039801153,70732300,145.30193219866072,148.2423851376488
2023-03-06,151.36318969726562,153.79358207113015,150.9991278078858,151.323822727868,87558000,145.92464773995536,148.3941948300316
2023-03-07,149.1689453125,151.55997057615258,148.70648104096165,151.2352606611938,56182000,146.61202130998885,148.26935105096726
2023-03-08,150.4185333251953,151.00891757952724,149.39521763366128,150.35949790258118,47204800,147.30782209123885,148.33360508510046
2023-03-09,148.17510986328125,152.06176399701366,147.82088228318355,151.09748364556307,53833600,147.75482613699776,148.15441821870348
2023-03-10,146.11862182617188,148.5194958597798,145.242894659562,147.80120650188752,68572400,148.20323181152344,148.0050252278646
2023-03-13,148.05706787109375,150.6842500131036,145.33148332105827,145.43971996424668,84457100,148.8442164829799,147.99706159319197
2023-03-14,150.1430206298828,150.94002884188114,147.6929605728649,148.85403055723415,73695900,149.0634983607701,148.0710921514602
2023-03-15,150.53662109375,150.7924462663543,147.51584514285557,148.76548332238644,77167900,148.94541713169642,148.03079659598214
2023-03-16,153.3507537841797,153.95097226183628,149.20825986230471,149.71992520737962,76161100,149.5428183419364,148.15496390206474
2023-03-17,152.51438903808594,154.22649145558808,151.80593390078133,153.57707174404285,98944600,149.84222630092077,148.1395031156994
2023-03-20,154.87588500976562,155.28916298853815,151.6780028890537,152.5832627325511,73641400,150.79947989327567,148.31239900134858
2023-03-21,156.72573852539062,156.8438093660786,154.0296725549558,154.79717806171172,73938300,152.31478227887834,148.6277349562872
2023-03-22,155.2989959716797,159.53987720924363,155.27931249330243,156.74542384346483,75701800,153.3493434361049,149.06583150227866
2023-03-23,156.38136291503906,158.9593583364734,155.15140813839363,156.28297554136526,67622100,154.24053519112724,149.53532191685267
2023-03-24,157.68020629882812,157.76875944157217,155.31869907440637,156.31249715364865,59196500,155.26104736328125,150.043704078311
2023-03-27,155.74179077148438,158.19186606543823,155.33836200567538,157.37517430078694,52390300,155.60262407575334,150.58582124255952
2023-03-28,155.12191772460938,155.94845889069038,153.47869965551462,155.43679340961148,45992200,155.97512817382812,151.04172552199591
2023-03-29,158.19189453125,158.46740324672123,156.79466747018907,156.81433593979492,51305700,156.44884381975447,151.66771661667596
2023-03-30,159.7563934326172,159.86463007168524,158.68387629082392,158.93970152221254,49501700,156.88179452078683,152.4666028703962
2023-03-31,162.25563049316406,162.35403288236776,159.31358823359025,159.8350878653574,68749800,157.87559945242745,153.35638645717077
2023-04-03,163.50523376464844,163.62330459513862,161.58650769871608,161.63570888278477,56976200,158.89329528808594,154.06577627999442
2023-04-04,162.9739227294922,164.16451047380076,162.46225736922722,163.92836877990578,46278300,159.6495404924665,154.61866832914808
2023-04-05,161.13389587402344,162.4032175003463,159.2053353608918,162.09819114468434,51511700,160.41984122140067,155.1884278796968
2023-04-06,162.0194854736328,162.31467762112032,159.40213812085784,159.8252353547828,45390100,161.40520804268974,155.74085417247954
2023-04-10,159.43170166015625,159.43170166015625,157.51297467112607,158.8314829595775,47716900,161.5823233468192,156.2768823532831
2023-04-11,158.2213897705078,159.75637097122245,157.93603184667683,159.7465367378167,47644200,161.363037109375,156.85320463634673
2023-04-12,157.5326385498047,159.46119953470492,157.21776287074414,158.6346733983191,50133100,160.68832397460938,157.30442228771392
2023-04-13,162.90505981445312,163.14121655398105,158.83144989570576,159.0380889195549,68445600,160.6025848388672,157.91213843936012
2023-04-14,162.56068420410156,163.6528847449455,161.19297496954,161.9506163702145,49386500,160.5435507638114,158.4847128731864
2023-04-17,162.58035278320312,162.73779061232008,161.39959909302152,162.44259843625022,41516200,160.75018746512276,158.9242175874256
2023-04-18,163.8004608154297,164.7253892225956,162.99360326395418,163.43639900098648,49923000,161.0046125139509,159.4616495768229
2023-04-19,164.9418487548828,165.46334834295578,162.8853530999642,163.14119328481948,47720200,161.7917763846261,159.94098118373327
2023-04-20,163.97756958007812,165.17800667808302,162.90505258707114,163.42655222639002,52456400,162.6140877859933,160.2863064720517
2023-04-21,162.37371826171875,163.78077935638615,161.85221862385353,162.4032359760057,58337300,163.30567060198103,160.62319800967262
2023-04-24,162.67872619628906,162.94440060882783,161.26181601487568,162.3540163618739,41949600,163.2733372279576,160.9230724516369
2023-04-25,161.14373779296875,163.64299896057264,161.10437083745688,162.54096443175132,48714100,163.07091631208147,161.08800252278647
2023-04-26,161.13389587402344,162.62952495549953,160.18929909610858,160.44512426219072,45498800,162.8642796107701,161.34476943243118
2023-04-27,165.70938110351562,165.85696969810766,162.54101581741398,162.54101581741398,64902300,163.13698250906808,161.84893435523622
2023-04-28,166.95895385742188,167.12624089927414,165.18783120394306,165.7880496631181,55275900,163.42514038085938,162.26641337076822
2023-05-01,166.87042236328125,167.71663185783257,165.9356597273935,166.56539597816914,52472900,163.8384050641741,162.6051766531808
2023-05-02,165.83726501464844,167.6182522416185,164.8533011388869,167.36241202489828,48425700,164.33319745744978,162.7757306780134
2023-05-03,164.7647247314453,168.17908009941613,164.47938185396285,166.7818533947913,65136000,164.6311972481864,162.83570643833704
2023-05-04,163.13134765625,164.36130237503923,161.67508547315035,162.24578626436005,81235400,164.91514151436942,162.84320286342077
2023-05-05,170.7865753173828,171.50486456691797,168.02162489145863,168.23809809226543,113453200,166.2940957205636,163.30285426548548
2023-05-08,170.7177276611328,171.06212101363838,169.35001851271124,169.71408033203093,55962800,167.00957380022322,163.71705627441406
2023-05-09,169.01547241210938,170.7570775926942,168.84820036158354,170.27494492179522,45326900,167.30336216517858,164.17342631022134
2023-05-10,170.77676391601562,171.23922812803062,169.14338031673282,170.24543004162442,53724500,167.86141095842635,164.77130126953125
2023-05-11,170.96368408203125,171.7902099441389,169.4090197142991,171.06208645260807,49514700,168.59375653948103,165.41087486630394
2023-05-12,170.03750610351562,171.50563041723674,168.49053896760506,171.07208510437357,45533100,169.34701102120536,165.7505151657831
2023-05-15,169.5448455810547,170.66811525184778,168.95364468701064,170.6188460048669,37266700,170.26322501046317,166.08309427897134
2023-05-16,169.5448455810547,170.5991352991019,169.27880367524853,169.46601779285794,42110300,170.08583504813058,166.41473679315476
2023-05-17,170.15576171875,170.3922300756776,167.91906995533154,169.19014751327734,57951600,170.00555419921875,166.71737016950334
2023-05-18,172.48110961914062,172.6683237371227,170.04735615510018,170.46119076780954,65496700,170.50064522879464,167.07638259161087
2023-05-19,172.58950805664062,173.80145343851697,172.37273538217633,173.80145343851697,55809500,170.75960867745536,167.4864749000186
2023-05-22,171.6436004638672,172.14612580242743,170.9046067635048,171.42682777563832,43570900,170.8567395891462,167.92789786202567
2023-05-23,169.04234313964844,170.83564173486545,168.7664533611328,170.58931050155752,50747300,170.7145734514509,168.2309272402809
2023-05-24,169.3182373046875,169.8897275849513,168.01761617725649,168.57924358561866,45143500,170.6822008405413,168.6201891217913
2023-05-25,170.45135498046875,171.34798918728478,169.17042964019168,169.87986475065702,56058300,170.81170218331474,169.06387765066964
2023-05-26,172.85552978515625,173.19055165787438,170.56958397024448,170.77650880236848,54835000,171.1973833356585,169.4041704450335
2023-05-30,174.69808959960938,176.36329091292328,173.978806707213,174.36308277683443,55964400,171.51409476143974,169.772700718471
2023-05-31,174.64878845214844,176.71797616284587,174.1659739770229,174.72761622573182,99625300,171.8082776750837,170.14309910365515
2023-06-01,177.44715881347656,177.47671735788407,174.33352850038895,175.0922328882,68901800,172.6373574393136,170.6959511893136
2023-06-02,178.29449462890625,179.11231590276506,176.6292935441097,178.37332240607034,61996900,173.95909336635046,171.34022594633558
2023-06-05,176.94459533691406,182.23578368352,175.42718701740114,179.94983840555687,121946500,175.04857308523995,171.9979996454148
2023-06-06,176.58009338378906,177.47672767437876,174.82620111609043,177.3289349437502,64848400,175.92410714285714,172.27388145810082
2023-06-07,175.21044921875,178.55069942371497,174.71778685793004,175.8213457350109,61944600,176.2605242047991,172.48782057989212
2023-06-08,177.92010498046875,178.18613184931536,174.85574427470908,175.28927455408018,50214900,176.72081211635046,172.91185070219495
2023-06-09,178.3043975830078,179.5557493602978,177.97923856717878,178.83646640490514,48900000,177.2430419921875,173.2703094482422
2023-06-12,181.0928497314453,181.1913882315691,178.31424143935143,178.60984190485868,54274900,177.76385498046875,173.75265066964286
2023-06-13,180.6198883056641,181.4475575367352,179.76266053311636,180.11737806569877,54929100,178.09605407714844,174.25657363164993
2023-06-14,181.25050354003903,181.684048880549,179.3488337921871,180.6790133216272,57462900,178.71118382045202,174.81398591541108
2023-06-15,183.28025817871097,183.78278344228747,181.08298811392547,181.26035439367692,65433200,179.66835021972656,175.46805318196616
2023-06-16,182.2062530517578,184.245882524342,181.56579797087073,183.989688464097,101256200,180.6677507672991,176.04188610258558
2023-06-20,182.29493713378903,183.36895259993452,181.7037512704965,181.7037512704965,49799100,181.29272678920202,176.50921122233072
2023-06-21,181.26036071777344,182.68907870149724,179.91045548906328,182.1865534203878,49515700,181.71500723702567,176.92210896809897
2023-06-22,184.25575256347656,184.3050218144504,180.9746189088309,181.04359886716716,51245300,182.16685049874442,177.52268763950892
2023-06-23,183.94041442871097,184.807505007212,182.29492392440983,182.82700770116728,53117000,182.6412113734654,178.23211960565476
2023-06-26,182.55111694335935,185.2903184900679,182.51169553463515,184.0882211166361,48088700,182.82701328822546,178.8622567313058
2023-06-27,185.30018615722656,185.6253451571229,182.94526040179295,183.1620330683905,50730800,183.1155744280134,179.56934393019904
2023-06-28,186.4727020263672,187.11315707618536,184.84692226306757,185.1720661878379,51216800,183.72506713867188,180.21778070359002
2023-06-29,186.8077392578125,187.2807060224463,186.16728410364277,186.30522898461157,46347300,184.36975315638952,180.794430687314
2023-06-30,191.1234588623047,191.62596911406445,188.45322195229383,188.81780236383452,85213200,185.77876717703683,181.57893880208334
2023-07-03,189.6356201171875,191.0347795474039,188.9458807202263,190.93624105216273,31458200,186.54731968470983,182.15934172130767
2023-07-05,188.5222015380859,190.1479814937267,187.8226142934088,188.75868490984945,46920300,187.20186070033483,182.64637538364954
2023-07-06,188.9951629638672,189.20208780415717,186.42346442381324,187.05407174607456,45094300,188.12243870326452,183.220211937314
2023-07-07,187.8817138671875,189.8425155087971,187.44818361165477,188.6010117511895,46815000,188.49122837611608,183.75838434128534
2023-07-10,185.84213256835935,187.20188576037833,184.29516523716504,186.4825877482977,59922200,188.4011470249721,184.26465497698103
2023-07-11,185.3198699951172,186.52196732292177,183.86159365977753,186.3840224673472,46638100,188.1885942731585,184.61702473958334
2023-07-12,186.9850921630859,188.88676181703667,185.70416691161032,186.8964015042781,60750200,187.59739903041296,185.0303911481585
2023-07-13,187.7437744140625,188.38424453327508,186.99493300399135,187.7043680387378,41342300,187.32713535853796,185.34710184733072
2023-07-14,187.8916015625,188.3744011257073,186.8471596075647,187.4383455076915,41616200,187.23704964773995,185.69337390718005
2023-07-17,191.1431579589844,191.4683169379724,188.9951421376018,189.08381775872684,50520200,187.54390607561385,186.1644526890346
2023-07-18,190.88699340820312,191.4781943768324,189.5962201627232,190.5125801606121,48288200,187.97323172433036,186.52667817615327
2023-07-19,192.23687744140625,195.32093388898537,189.82281961650224,190.26622781119136,80507300,188.8867667061942,187.00432695661272
2023-07-20,190.29579162597656,193.58677299126168,189.6750321641012,192.22701989757817,59581200,189.59761265345983,187.38532002766928
2023-07-21,189.12326049804688,192.10879369152832,188.42367321559357,191.25156585425083,71951700,189.90306527273995,187.7597438267299
2023-07-24,189.92137145996097,192.04967681854123,189.42870901778204,190.57168949200457,45377800,190.21415056501115,188.02953520275298
2023-07-25,190.77859497070312,191.58656857428397,190.08887057427083,190.49285737606127,37283200,190.62657819475447,188.35516284760973
2023-07-26,191.6456756591797,192.7689453418544,190.48299959942145,190.82785426220883,47471900,190.69836643763952,188.78823707217262
2023-07-27,190.38446044921875,194.30604897209747,189.72429463258095,193.1433729163405,47460200,190.62657601492745,189.0303453717913
2023-07-28,192.95616149902344,193.7444243627897,191.29096014596897,191.8131810983056,48291400,190.72933088030135,189.3390815371559
2023-07-31,193.56704711914065,193.6064685292723,192.394508242959,193.18277106210203,38824100,191.19665309361048,189.66095334007628
2023-08-01,192.73936462402344,193.8429234737508,192.4142056697584,193.36012399442592,35175100,191.71323939732142,189.73790123349144
2023-08-02,189.7538604736328,192.31569604997568,189.03457754647135,192.17775117305615,50389300,191.6893092564174,189.7435317266555
2023-08-03,188.36456298828125,189.54694988427917,187.89161123685508,188.75870197685728,61235200,191.34444754464286,189.73602512904577
2023-08-04,179.31927490234375,184.6301752435833,179.25029494609427,182.79747042079737,115956800,189.58353315080916,189.2752685546875
2023-08-07,176.22535705566406,180.44254624962392,174.74736976708382,179.4572213905704,97576100,187.56080409458704,188.72020394461495
2023-08-08,177.16139221191406,177.62449604499406,174.97397007455905,177.05300588853655,67823000,185.30440848214286,188.3068353562128
2023-08-09,175.5750274658203,178.27480777933516,174.41233639065635,178.2156906972674,60378500,182.73411996023995,187.8427952357701
2023-08-10,175.3582305908203,178.09743193733033,174.99366527850802,176.8460654118823,54686900,180.25110081263952,187.2891351609003
2023-08-11,175.41744995117188,176.2363757071569,174.1940069392339,174.95373578240464,52036700,178.20304216657365,186.7021673293341
2023-08-14,177.06520080566406,177.2921273528478,174.94388246971033,175.595078706152,43675600,176.58884756905692,186.18662443615142
2023-08-15,175.0819854736328,177.08489459113486,174.68732936330193,176.49291042563854,43622600,175.9835205078125,185.42180669875373
2023-08-16,174.21376037597656,176.15745776554937,174.14468726786023,174.7662850202376,46964900,175.69614955357142,184.62784322102866
2023-08-17,171.6780548095703,175.1412101505236,171.1649897406694,174.77615243783515,66062900,174.9128156389509,183.6488516671317
2023-08-18,172.16151428222656,172.76337470680727,169.6652772069575,170.0007364455324,61172200,174.4251708984375,182.78531465076264
2023-08-21,173.4934844970703,173.77962299820936,171.42151715942626,172.7337706675176,46311900,174.15877859933036,182.0410396030971
2023-08-22,174.86492919921875,175.30892111024494,173.89801113995804,174.6971995908385,42038900,174.07984706333704,181.32406616210938
2023-08-23,178.7030029296875,179.12727253692543,175.95024126986627,176.13770818549477,52722800,174.3138187953404,180.74903796968005
2023-08-24,174.02626037597656,178.6832744289853,173.66118769058747,178.25900483655056,54945800,174.16300092424666,179.91001819428942
2023-08-25,176.2265167236328,176.7593040006282,173.4737548580186,175.0129348306344,51449600,174.4505375453404,179.23583039783296
2023-08-28,177.7854461669922,178.1801023209798,176.1673318473753,177.68677460091166,43820700,175.3230220249721,178.51341538202195
2023-08-29,181.6629943847656,182.43258442181371,177.10465107991652,177.3019791564373,53003900,176.68037632533483,177.94655572800409
2023-08-30,185.14588928222656,185.34323241647965,182.27473336292013,182.4720614420058,60813900,178.34500558035714,177.58496166410902
2023-08-31,185.36294555664065,186.59626480914432,184.97815055206615,185.33334709899387,60794500,179.844722202846,177.37587047758558
2023-09-01,186.93174743652344,187.38560051082152,185.76748618147488,186.96134589549212,45766500,181.02025713239397,177.3076411655971
2023-09-05,187.16856384277344,187.44482620567177,185.10645725715037,185.76751470088348,45280000,182.8977290562221,177.6814168294271
2023-09-06,180.4691619873047,186.3298980943545,179.0483756516359,185.88589107308175,81755800,183.50382123674666,177.88350277855284
2023-09-07,175.1905517578125,175.8318868790433,171.22419235116297,172.84230680208358,112488800,183.13312203543526,177.78965323311942
2023-09-08,175.80226135253906,177.83478423163749,175.41746632815568,175.97000602806156,65551300,182.2958744594029,177.80047389439173
2023-09-11,176.9665069580078,177.89396541040293,174.97345890425444,177.6670388917848,58953100,181.1273912702288,177.87705848330543
2023-09-12,173.9473419189453,177.72623373133553,172.487096210491,177.09477490699047,90370200,179.49659075055803,177.8070533389137
2023-09-13,171.88523864746094,174.93400012779577,171.65829707262083,174.15453395453247,84267900,177.34708949497767,177.56038847423736
2023-09-14,173.39483642578125,173.75003299454158,171.2636570132194,171.6780505009118,60895800,175.37941414969308,177.48004804338728
2023-09-15,172.67453002929688,174.14465177290464,171.50042292713772,174.12491445244186,109259500,174.2658952985491,177.40675136021204
2023-09-18,175.5950469970703,176.9862345995646,173.81906442528663,174.12492516303394,67257600,174.3236803327288,177.59327479771204
2023-09-19,176.6803741455078,177.23289871202428,174.7662604292434,175.1510553991506,51826900,174.4491250174386,177.80845860072546
2023-09-20,173.1481475830078,177.30195805066697,173.0593371622532,176.86782730089922,58436200,173.90364510672433,177.7920139857701
2023-09-21,171.6089630126953,173.94734650075085,171.53990496478352,172.22069958579337,63149100,173.56959097726005,177.63696797688803
2023-09-22,172.4574737548828,174.71692282922322,171.72735846610487,172.33907993619778,56725400,173.6513388497489,177.33956182570685
2023-09-25,173.73028564453125,174.60840835340898,171.82603288281885,171.87536866413782,46172700,173.69926016671317,177.3254677908761
2023-09-26,169.66526794433594,172.8620217812148,169.3692683155077,172.4871029695211,64588900,173.26936558314733,177.01302737281435
2023-09-27,168.1556854248047,170.7308568174817,166.79411110643792,170.31646332448594,66921800,172.20659964425224,176.5544673374721
2023-09-28,168.41221618652344,169.7343308371659,165.38317681816312,167.08022534636603,56294400,171.02543422154017,175.92347789946058
2023-09-29,168.92526245117188,170.7604419321708,168.06686209293406,169.72445084440017,51861100,170.4221649169922,175.15106709798178
2023-10-02,171.43138122558594,171.97404472395215,168.64900568223578,168.93514418826848,52164500,170.39679609026228,174.48765927269346
2023-10-03,170.09938049316406,171.31297744317223,168.54047825044546,169.96124934298015,49594600,170.05992562430245,173.68611798967635
2023-10-04,171.34255981445312,171.8852232303615,168.68845469814508,168.80684851428336,53020300,169.7188219342913,172.93249875023253
2023-10-05,172.57591247558594,173.10869980697885,170.3756599300563,171.47084810780015,48527900,170.13462829589844,172.55662972586495
2023-10-06,175.12147521972656,175.61480292776608,170.8689777300858,171.48071432556827,57266700,171.12974112374442,172.5533403669085
2023-10-09,176.60145568847656,176.66065260372454,173.45402254968238,174.45053908507856,42390800,172.2996324811663,172.59139724004837
2023-10-10,176.0094757080078,177.32172934204314,175.57534487507365,175.7233522345748,43698000,173.31166294642858,172.5458243233817
2023-10-11,177.40066528320312,177.45000107017458,175.23002615297557,175.82201043112758,47551100,174.16441781180245,172.71026829310827
2023-10-12,178.29852294921875,179.90676118500224,176.6507950071692,177.6670640281674,56743100,175.33572387695312,173.01566278366815
2023-10-13,176.4633331298828,179.5022186651883,175.76280113660414,178.99902980590412,51427100,176.06726292201452,173.16178167433966
2023-10-16,176.33505249023438,176.69024903281087,174.15453745424634,174.39134016768617,52517000,176.60428292410714,173.33609226771765
2023-10-17,174.78598022460938,176.03903666999224,172.46734930467605,174.29265257502803,57549400,176.55635506766183,173.29756527855284
2023-10-18,173.4934844970703,175.21027033840411,172.77323025982977,173.23695950912395,54764400,176.11235918317522,173.14580862862724
2023-10-19,173.1185760498047,175.466805839834,172.85217485644313,173.69082297603654,59302900,175.69937351771765,173.14440046037947
2023-10-20,170.572998046875,173.0790962513972,170.3361953203569,172.97056355030566,64244000,174.72399248395647,173.0950687953404
2023-10-23,170.6913604736328,171.6878768692555,167.662321590194,168.62925458750877,55980100,173.6372549874442,173.01096816289993
2023-10-24,171.12551879882812,171.35244533043914,169.16206908920728,170.74072378645857,43816600,172.8747100830078,172.88693164643786
2023-10-25,168.8167266845703,170.75056262830392,168.37271975850888,169.5863166088348,57157000,171.8006635393415,172.84652491978235
2023-10-26,164.66290283203125,169.09299056011605,163.45918215856796,168.0964590692853,70625300,170.35450962611608,172.6802019391741
2023-10-27,165.9751434326172,166.70527372020223,164.60369326977082,164.68262749452305,58499100,169.28046090262276,172.56415085565476
2023-10-30,168.01754760742188,168.88580920893756,166.61649869462795,166.76450604315932,51131000,168.55174255371094,172.52092633928572
2023-10-31,168.49114990234375,168.61940486913602,165.65943861592592,167.09010101577766,44846000,168.25433567592077,172.38091532389322
2023-11-01,171.64842224121094,171.9049471971035,167.84979334743332,168.71805482147735,56934900,168.39105878557478,172.45467921665735
2023-11-02,175.2003936767578,175.40758286457637,173.11855033416663,173.17774724497193,77334800,168.97318376813615,172.63838559105284
2023-11-03,174.2926483154297,174.46039296073306,171.03669795189808,171.91482054448556,79829200,169.75545828683036,172.72013491675966
2023-11-06,176.83822631835938,177.03555436857033,173.858538133294,174.02626772873157,63841300,171.49479021344865,172.80188496907553
2023-11-07,179.3937225341797,180.0054441684603,176.58174814434753,176.78893738265648,70530000,173.41173008510046,172.93485005696616
2023-11-08,180.44943237304688,181.00195707049215,179.1667771510238,179.91664500198718,49340300,175.18771362304688,173.14627656482514
2023-11-09,179.97579956054688,181.66297171772456,179.38380034968415,180.51846299464347,53763500,176.82837785993303,173.2689020066034
2023-11-10,184.15484619140625,184.32281184408907,181.3194195461175,181.7541222530608,66133400,178.61500985281808,173.54777454194567
2023-11-13,182.57415771484375,183.7893386144101,181.9912676571252,183.58187642607092,43627500,179.66840471540178,173.83876618884858
2023-11-14,185.1823272705078,185.84425545326624,184.0560589323069,185.4391901985185,60108400,181.2240731375558,174.26006498790923
2023-11-15,185.74546813964844,187.2175269447368,185.51824264456812,185.5874067506803,53790500,182.4965362548828,174.78194536481584
2023-11-16,187.4250030517578,188.65994715340477,186.37775779056017,187.28668991537344,54412900,183.64386204310827,175.44535101027716
2023-11-17,187.40525817871097,188.08694980194565,186.29875297867935,187.95851077872672,50922700,184.6375514439174,176.12566920689173
2023-11-20,189.14402770996097,189.598493753426,187.59294582194016,187.60281994734137,46505100,185.94729832240515,177.01000395275298
2023-11-21,188.3437957763672,189.21320125507725,187.45464204586924,189.10452557023848,38134500,186.54571969168526,177.85059611002603
2023-11-22,189.0057373046875,190.60622016215152,188.53152295340232,189.18357710829596,39617700,187.46451677594865,178.70203508649553
2023-11-24,187.681884765625,188.6006760331266,186.9705556859451,188.5710385777235,24048300,187.82159641810827,179.60037594749815
2023-11-27,187.50401306152344,188.37341847212545,186.62473352580105,187.6324520630897,40552600,188.07281712123327,180.68804786318825
2023-11-28,188.106689453125,188.77850691885152,187.11873411970524,187.4941619704054,38415400,188.17020089285714,181.74193100702195
2023-11-29,187.0890655517578,189.77630481775705,186.69388951411068,188.60063575450744,43014200,188.12503051757812,182.6500985281808
2023-11-30,187.66209411621097,188.02764780463457,185.92329832735996,187.55341843722024,48794400,187.913325718471,183.56300063360305
2023-12-01,188.9365692138672,189.25270705783993,186.95076949469112,188.0375263099119,45704800,187.99800763811385,184.38624572753906
2023-12-04,187.1483459472656,187.7608884211111,185.19219887595256,187.69172432124148,43389500,187.732666015625,184.9551958356585
2023-12-05,191.09030151367188,192.05849343193452,187.8893210956394,187.91897362196437,66628400,188.2195826939174,185.75508408319382
2023-12-06,190.00357055664065,192.41416882595195,189.79609331061303,192.1079050949125,41089700,188.57666233607702,186.3820052373977
2023-12-07,191.93006896972656,192.6512720749557,191.2582515665674,191.29777821822415,47477700,189.12285940987724,186.9789741152809
2023-12-08,193.3527374267578,193.629363703371,191.33730018286,191.86091528323507,53406400,190.01766967773438,187.59341721307663
2023-12-11,190.8531951904297,191.15947399253525,189.11439931154695,190.78404615931,60943700,190.47354125976562,188.11138843354723
2023-12-12,192.36477661132812,192.3746507369947,189.4107849369075,190.75440470261375,52696900,190.9632851736886,188.50233750116257
2023-12-13,195.57562255859375,195.61513413450965,192.50308121236984,192.740180817866,70404200,192.16718183244978,189.12145487467447
2023-12-14,195.72378540039065,197.21559217390632,193.79727597101643,195.63487305941916,66831600,192.82910810198103,189.62342907133558
2023-12-15,195.1903381347656,196.01032777733312,194.62719637119332,195.1508114803035,128538400,193.57007489885603,190.07318478538878
2023-12-18,193.5305633544922,194.2616557044012,192.04863040265064,193.7281513997374,55751900,193.79871695382255,190.36392575218565
2023-12-19,194.56793212890625,194.57780625556217,193.5305759799423,193.7973281496765,40714100,193.9723161969866,190.7050054640997
2023-12-20,192.4833526611328,195.29901651008248,192.4833526611328,194.52841250300128,52242800,194.2051958356585,190.86402093796502
2023-12-21,192.33511352539065,194.7062150802908,191.16933361068988,193.7380231930817,46482500,194.20095825195312,191.05408368791853
2023-12-22,191.2681427001953,193.0563392932213,190.6457260678158,192.82909873139977,37149600,193.58560398646765,191.1618172781808
2023-12-26,190.7247772216797,191.55465607108985,190.50742584564344,191.2780297879531,28919300,192.8714599609375,191.3067169189453
2023-12-27,190.8235626220703,191.16935301152336,188.7883770898652,190.1715235726757,48087700,192.2476348876953,191.4647907075428
2023-12-28,191.24838256835935,192.31537606668743,190.84331729052167,191.80163510638113,34049900,191.9216090611049,191.61439514160156
2023-12-29,190.2110137939453,192.05848519728596,189.42064661751613,191.56450759639273,42672100,191.29919215611048,191.76305934361048
2024-01-02,183.40402221679688,186.17030008579113,181.6751004330507,184.89582930034305,82488700,190.00214494977678,191.56029401506697
2024-01-03,182.03074645996097,183.64111826756871,181.22061595613368,182.0011090098209,58414500,188.53009251185827,191.2314453125
2024-01-04,179.71893310546875,180.88471299934187,178.70134046081682,179.95603270422265,71983600,186.88020542689733,190.8776637486049
2024-01-05,178.9977264404297,180.5586975573488,177.99989705667167,179.79798286255345,62379700,185.20491245814733,190.3018268403553
2024-01-08,183.324951171875,183.3644778190013,179.3138557634904,179.89674567111302,59144500,184.13368225097656,189.98379734584265
2024-01-09,182.91001892089844,182.91989304556353,180.5290433516585,181.7047124117811,42841800,182.94248744419642,189.5542711530413
2024-01-10,183.9473876953125,184.1548498527509,181.70472508990332,182.12955368013527,46792900,182.0476837158203,189.1063973563058
2024-01-11,183.3546142578125,184.7970355796361,181.4083411771675,184.2931687458137,49128400,182.0406254359654,188.74932207380022
2024-01-12,183.68063354492188,184.49076406507768,182.95943045197853,183.81894667336303,40477800,182.27632359095983,188.3357914515904
2024-01-16,181.418212890625,182.04061439740985,178.75072186869164,179.9659175831278,65603000,182.51907784598214,187.66162908644904
2024-01-17,180.47964477539065,180.72663357001977,178.12832170152117,179.08663943068214,47317400,182.7307804652623,186.9357176281157
2024-01-18,186.35801696777344,186.86186875433015,183.59173905481111,183.84860201119264,78005800,183.16407557896204,186.51513090587798
2024-01-19,189.2527008056641,189.63800274105876,186.5457131326349,187.0495648712278,68903000,184.07017299107142,186.3114231654576
2024-01-22,191.55462646484375,192.97728431537945,189.94425472083472,189.9837813694604,60133900,185.15692138671875,186.16793241954986
2024-01-23,192.82908630371097,193.39222799671276,191.4953558452852,192.67102493067517,42355600,186.51041739327567,186.18439592633928
2024-01-24,192.15728759765625,194.0146482092326,191.999211146671,193.06620457832125,53631300,187.72136797223772,186.1759280250186
2024-01-25,191.8312835693359,193.9059957810049,190.78405333725613,192.8686396751704,54822100,189.20894949776786,186.20274425688245
2024-01-26,190.1023712158203,192.41418317249008,189.62815685740148,191.9300946873343,44594000,190.58362470354353,186.17310587565103
2024-01-29,189.420654296875,189.8849944665396,187.29655655692048,189.69728055859,47145600,191.0211443219866,186.10630071730841
2024-01-30,185.7750701904297,189.48979101081807,185.21194362297624,188.64014902264395,55859400,190.5243399483817,185.84566679454986
2024-01-31,182.17892456054688,184.84641553917143,182.129538862794,184.7871255668693,55467800,189.18495396205358,185.4631863548642
2024-02-01,184.60931396484375,184.6982263171025,181.6059367135455,181.77388729281213,64885400,188.01070077078683,185.5205812000093
2024-02-02,183.6114959716797,185.07366557426653,177.0909850527091,177.6936383802958,102551700,186.78987339564733,185.5958549862816
2024-02-05,185.41943359375,186.9705305681493,183.60159955655655,185.88377376602236,69668800,185.87389482770647,185.86730739048548
2024-02-06,187.01991271972656,187.02978684421677,184.5203873987695,184.6092997441792,43490800,185.4335436139788,186.2493162609282
2024-02-07,187.1286163330078,188.74886241631057,186.33824908078665,188.3437971267345,53439000,185.10610961914062,186.4304431733631
2024-02-08,186.05174255371097,187.257034106798,185.09342474162452,187.1088468471974,40962000,185.1456342424665,186.58004906063988
2024-02-09,186.8134307861328,187.94113632063824,185.97259122428568,186.61557552858977,45155200,185.80770656040735,186.7165273030599
2024-02-12,185.1317443847656,186.63535673641036,184.77562606711913,186.3880527684402,41781900,185.88233947753906,186.80115254720053
2024-02-13,183.0444793701172,184.20187510350613,181.5309804501283,183.7666177497931,56529500,185.80133710588728,186.77085949125745
2024-02-14,182.16409301757812,183.52921572281525,180.4725423642709,183.32148884677065,54630500,185.33628845214844,186.8063775925409
2024-02-15,181.87722778320312,182.5004386022798,179.3943014199978,181.57057328309747,65434500,184.60161917550224,186.8729291643415
2024-02-16,180.3439483642578,182.8565652037317,179.7108507918506,181.44197861733377,49752500,183.63238089425224,186.5865449451265
2024-02-20,179.60203552246094,180.46264852115328,178.0588611409836,179.82955095197704,53665600,182.71099417550224,186.12698945545014
2024-02-21,180.3538360595703,180.91768122956833,178.71173417109264,179.97792921674792,41371400,181.78819492885046,185.59361848377046
2024-02-22,182.3817596435547,182.9654085889493,180.4923684458442,181.50135795637885,52292200,181.3953399658203,185.09612673804872
2024-02-23,180.5516815185547,183.04449459753943,180.26480046872615,183.01481932952075,45119700,181.03922598702567,184.5434788295201
2024-02-26,179.2063446044922,180.78908088671756,178.70183486744935,180.2746995194681,40867400,180.61669049944197,183.94229125976562
2024-02-27,180.66049194335935,181.9365737231629,177.62359209867634,179.14699293032547,54318900,180.44287109375,183.49267796107702
2024-02-28,179.46353149414062,181.14519536218177,178.18744973320082,180.5417731107642,48953900,180.31709725516183,183.0185292561849
2024-02-29,178.80076599121094,180.6011460945577,177.59392143922238,179.31516246277232,136682600,180.20263017926897,182.68641953241257
2024-03-01,177.7225341796875,178.5831471920378,175.46712311031385,177.6137198257161,73563100,179.82672991071428,182.47421046665735
2024-03-04,173.2117156982422,174.99229230011673,171.9158301484072,174.25038035125658,81510100,178.5167236328125,181.93146769205728
2024-03-05,168.28538513183594,170.18467763470022,167.7907772375202,168.9184826327907,95132400,176.76439557756697,181.20165289015998
2024-03-06,167.29617309570312,169.39332087872134,166.8609157238647,169.21525418377138,68587700,175.0629425048828,180.33864048549108
2024-03-07,167.17747497558594,168.88881413208614,166.67298033709926,167.32585131213037,71765100,173.13679722377233,179.39376249767486
2024-03-08,168.8888397216797,171.82681238429842,167.11814976227143,167.17750030588184,76267000,171.6261269705636,178.52520170665923
2024-03-11,170.8870391845703,172.49946586057737,170.1945911039721,171.07499261235472,60139500,170.49559456961495,177.80307297479538
2024-03-12,171.36187744140625,172.1532532324886,169.16581679091567,171.28273835287425,59825400,169.58692932128906,177.0672847202846
2024-03-13,169.28453063964844,171.3223130850131,168.91851047344855,170.90684419661972,52488700,169.0259028843471,176.31265549432663
2024-03-14,171.1343536376953,172.43022407386235,170.19460153541087,171.04532782778392,72913500,169.43289838518416,175.7455066499256
2024-03-15,170.75843811035156,170.75843811035156,168.4535633292171,169.32407812222547,121752700,169.92750767299108,175.20238022577195
2024-03-18,171.84658813476562,175.79356502758816,171.64874797271588,173.67664359575858,75604200,170.59452383858817,174.72473071870348
2024-03-19,174.18113708496094,174.70542030322298,171.16402557801365,172.45989598897214,55215200,171.35056631905692,174.43126351492745
2024-03-20,176.74317932128906,176.74317932128906,173.2017850632652,173.82499582678088,53423100,172.1871577671596,174.29512750534784
2024-03-21,169.5218963623047,175.5759069490651,168.99761322817335,175.14064960882752,106181300,171.92430332728796,173.7793208530971
2024-03-22,170.422119140625,171.18381963278856,168.22605856941686,169.90772263085665,71160100,172.0868159702846,173.2098141624814
2024-03-25,169.00755310058594,170.085794876263,167.6226416976105,168.73057383883838,54288300,171.7829873221261,172.66009376162575
2024-03-26,167.87985229492188,169.57140318495337,167.75124938607289,168.16671829054096,57388400,171.37176077706474,172.12073698497954
2024-03-27,171.44100952148438,171.72789059246503,168.27552158079686,168.5722893771007,60273300,171.3138209751674,171.6817140125093
2024-03-28,169.63075256347656,170.37266455083602,168.67121185228598,169.8978451053126,65672700,170.66376604352678,171.21348644438245
2024-04-01,168.1963653564453,169.40320986933065,167.65229363436822,169.34385933496506,46240500,169.44279261997767,170.7085149855841
2024-04-02,167.01919555664062,167.51380346702695,166.41577330219988,167.25661278755086,49329500,169.08526393345423,170.1988321940104
2024-04-03,167.8204803466797,168.83937157047524,166.7620271262386,166.9697540235435,47691700,168.7136012486049,169.94210670107887
2024-04-04,166.99942016601562,170.06598011820813,166.99942016601562,168.45355351894443,53704400,168.42672511509485,169.88087027413505
2024-04-05,167.75123596191406,168.5524984345705,167.12802510796487,167.7611226870966,42104800,168.4083513532366,169.9025399344308
2024-04-08,166.6334228515625,167.37533481002382,166.4256959559663,167.20716991074772,37425500,167.7215532575335,169.8766326904297
2024-04-09,167.84027099609375,168.24585316442327,166.53451377109624,166.88073030235694,42373800,167.4657701764788,169.82670084635416
2024-04-10,165.9706573486328,167.26652787853376,165.30788444762385,166.9796618833238,49709300,167.14781188964844,169.59258742559524
2024-04-11,173.15235900878906,173.56784300454478,166.3465633103838,166.5246149420751,91070300,168.02397809709822,169.67784845261346
2024-04-12,174.64608764648438,176.43656618963917,172.33132583138607,172.38077455594663,101670900,168.99906485421317,169.93316069103423
2024-04-15,170.8276824951172,174.72519524382946,170.6397290741028,173.46888692512982,73531800,169.54595947265625,169.9185573032924
2024-04-16,167.55340576171875,171.88616144450353,166.45537543168857,169.89784277952464,73711200,169.51769801548548,169.76593671526228
2024-04-17,166.18829345703125,168.8097099054139,166.18829345703125,167.78093187309736,50901200,169.45410810198103,169.49649411156065
2024-04-18,165.23861694335938,166.8213684176903,164.75391081370103,166.21794611620325,43122900,169.0824432373047,169.0706598191034
2024-04-19,163.22061157226562,164.60550769336635,162.31053482208006,164.41756936525923,68149400,168.6895795549665,168.4267280215309
2024-04-22,164.0515594482422,165.45624419964858,162.99310629576294,163.73501821268977,48116400,167.38946533203125,168.1662357875279
2024-04-23,165.1001434326172,165.24853488832454,163.14149999003314,163.56687071664174,49537800,166.02575901576452,167.91280837286087
2024-04-24,167.19729614257812,167.47427542099652,164.4176015378687,164.74402954196006,48251800,165.50713239397322,167.82660566057478
2024-04-25,168.05787658691406,168.77011319134087,166.33663561051003,167.70175828470067,50558300,165.5791996547154,167.8350830078125
2024-04-26,167.47425842285156,169.49225225997063,167.35554224826544,168.04800546826704,44838400,165.76290893554688,167.6461900983538
2024-04-29,171.62896728515625,174.13168243053624,171.2332869429431,171.5003643815301,68169400,166.67581612723214,167.74134318033853
2024-04-30,168.4931640625,173.1029142716877,168.1667209693098,171.46081207960546,65934800,167.42903791155135,167.75547645205543
2024-05-01,167.47425842285156,170.84748833564953,167.28630498280754,167.75123767315736,50383100,167.9179949079241,167.7771461123512
2024-05-02,171.1640167236328,171.5498103000238,169.04709541575278,170.64962025703286,94214900,168.78426252092635,167.93636213030135
2024-05-03,181.40240478515625,184.98336128032037,180.69016817589636,184.6371297001228,163224100,170.81356375558036,168.6222185407366
2024-05-06,179.7504119873047,182.21354970089277,178.474315136007,180.38350950373416,78569700,172.48392595563615,169.193607875279
2024-05-07,180.43296813964844,182.9060078076493,179.36462828599997,181.47164781905605,77305800,174.33517020089286,169.85072907947358
2024-05-08,180.7693328857422,181.09577596912635,179.4932358239461,180.87814724687024,45057100,175.64093671526228,170.46639869326637
2024-05-09,182.57960510253903,182.6686309202814,180.1461270912472,180.59127127419717,48983000,177.65328543526786,171.2573009672619
2024-05-10,181.3215789794922,183.34230991411323,180.4102677646858,183.1541015442068,50759500,179.6314740862165,171.64631144205728
2024-05-13,184.5210723876953,185.3333368917867,182.87674310968825,183.6890076137796,72044800,181.5396248953683,172.1165488106864
2024-05-14,185.6602020263672,186.52199740854093,184.53096697721375,185.73944844741243,52393600,182.14788164411272,172.82285926455543
2024-05-15,187.9285888671875,188.849800179078,185.6007724639543,186.13568203158255,70400000,183.31619262695312,173.79310607910156
2024-05-16,188.0474548339844,189.29556710780693,187.86916171755817,188.67151097089564,52845200,184.4039764404297,174.83401852562315
2024-05-17,188.07717895507812,189.008305578226,187.39369174809892,187.7205775912068,41282900,185.44795445033483,175.92156909760973
2024-05-20,189.23611450195312,190.10781001398533,187.22528381236825,187.5422694948197,44361300,186.39888436453683,177.16040257045202
2024-05-21,190.5337829589844,190.91018461353585,189.11727756366656,189.28567056183377,42309400,187.71491350446428,178.4214608328683
2024-05-22,189.09744262695312,190.9993265483893,188.47340160760692,190.45451683728567,34648500,188.3686806815011,179.56418936593192
2024-05-23,185.1154022216797,189.1964945447871,184.86776283091424,189.17667916140735,51005900,188.29085213797433,180.4174325125558
2024-05-24,188.18614196777344,188.78048261582595,186.2644576690755,187.03710655742805,36327000,188.32764543805803,181.37592134021577
2024-05-28,188.196044921875,191.1776178733189,187.31444925751387,189.7016815997372,52280100,188.348872593471,182.36267307826452
2024-05-29,188.49317932128903,190.43467866451712,187.7205456833483,187.81960747886188,53068000,188.4083012172154,183.16573079427084
2024-05-30,189.48374938964844,190.365345015264,188.82999288588945,188.95875509095092,49889100,188.4436776297433,184.16528247651598
2024-05-31,190.43467712402344,190.75166277533643,188.1167762289514,189.63232797686064,75158300,188.4295196533203,185.25863574800036
2024-06-03,192.1979217529297,193.1488638569082,190.7021849704834,191.07858664282503,50080500,188.87244524274553,186.26025027320497
2024-06-04,192.5148773193359,193.47571940906457,191.2073340206378,192.80213237542048,47471400,189.92951311383928,186.78941563197546
2024-06-05,194.02053833007812,195.04081158591265,193.02998059705732,193.55497498638144,54156800,190.76299830845423,187.4689454578218
2024-06-06,192.6436462402344,194.64457691185424,192.33657578915964,193.8422276391208,41181800,191.39836992536272,188.05040631975447
2024-06-07,195.0308837890625,195.08041469163095,192.30685040959915,192.81202934049512,53103900,192.33232770647322,188.72952779134116
2024-06-10,191.2965087890625,195.43704806418344,190.33566655763516,195.04081589339745,97010200,192.59129333496094,189.14461844308036
2024-06-11,205.19398498535156,205.20390023400176,191.80165814772772,191.82145841561143,172373300,194.69976588657923,190.28139968145462
2024-06-12,211.05812072753903,218.1207863262847,204.94636687125956,205.4119301648784,198134300,197.39408002580916,191.5450686500186
2024-06-13,212.21707153320312,214.70336573665497,209.60200000148347,212.71235034689784,97862700,200.20867919921875,192.80968148367745
2024-06-14,210.48358154296875,213.13826855094433,209.30481562722255,211.8307404302917,70122700,202.560542515346,193.88372875395277
2024-06-17,214.6241149902344,216.88258512602053,210.7114154637887,211.35527186274084,93728300,205.7006094796317,195.14928399948846
2024-06-18,212.26658630371097,216.5656178731208,210.98877362098577,215.5354294813442,79943300,208.16285269601005,196.30116053989954
2024-06-20,207.7001190185547,212.2170745602359,206.87796947703916,211.90998899500863,86172500,210.5062255859375,197.18039885021392
2024-06-21,205.53082275390625,209.8892705909824,205.15440599094305,208.40343403997312,241805100,210.5543452671596,197.89454360235305
2024-06-24,206.17466735839844,210.6916077953884,204.63929998769703,205.75863496180304,80727000,209.85670907156808,198.7077447800409
2024-06-25,207.0959014892578,209.3840873125504,206.64023830581655,207.1751328027417,55549700,209.12511335100447,199.75443522135416
2024-06-26,211.2364196777344,212.8312181049777,208.6510635966682,209.5029437835443,66213200,209.232661655971,200.85206749325707
2024-06-27,212.0783843994141,213.70289822966825,210.3449086305272,212.6628097453943,49772700,208.86898585728235,201.98932175409226
2024-06-28,208.63124084472656,214.0297919592074,208.3142702663448,213.7326216506115,82542700,208.34965079171317,202.94827706473214
2024-07-01,214.703369140625,215.4561875080808,209.91897391071575,210.0873668962765,60402900,209.35011509486608,204.14921133858817
2024-07-02,218.19012451171875,218.29908645117231,213.0689435868198,214.1090169642201,58046200,211.15858677455358,205.4708993094308
2024-07-03,219.45802307128903,219.45802307128903,216.96181387179615,217.92265588190668,37369800,213.05620901925224,206.76899937220983
2024-07-05,224.20281982421875,224.3117817727132,219.55710192478037,219.55710192478037,60412400,215.50005449567522,208.27794901529947
2024-07-08,225.6688690185547,225.69858454124025,221.14201294311235,224.945750993976,59085900,217.56183297293526,209.7850123814174
2024-07-09,226.52072143554688,227.23392416937492,224.23253562897796,225.77780318070188,48076100,219.6250239780971,211.39820643833704
2024-07-10,230.7801055908203,230.8791673967792,227.0853299721382,227.13486087511765,62627700,222.78914751325334,213.10055033365884
2024-07-11,225.4212188720703,230.19569903805672,223.63821202212716,229.2051413563895,64710600,224.32026890345983,214.7255365280878
2024-07-12,228.3631591796875,230.44333633793113,226.52072130415215,226.75846058686048,53046500,225.7735595703125,215.8288305373419
2024-07-15,232.1866912841797,234.989971056324,230.88906326950251,234.24705286947437,62631300,227.5919407435826,216.83495294480096
2024-07-16,232.60275268554688,234.0390582431099,230.1362587163494,232.781045805997,43234300,228.79193115234375,217.80569966634116
2024-07-17,226.71885681152344,229.27449755440023,224.50000206743292,227.2834668548167,57345900,228.94192940848214,218.5788080124628
2024-07-18,222.063232421875,228.26413370193544,220.1712785785942,228.10564083206225,66034600,228.30514526367188,218.93305169968377
2024-07-19,222.1919708251953,224.65846466815103,221.17169771561296,222.6971648700337,49151500,227.0782688685826,219.4056890578497
2024-07-22,221.8452911376953,225.62921338494564,220.98349573063444,224.86647978572935,48201800,226.56742204938615,220.07926868257067
2024-07-23,222.88536071777344,224.7971447504236,220.57735968997056,222.25140445670337,39960300,225.78487941196985,220.90567525227866
2024-07-24,216.4764404296875,222.67734036905603,215.07976577070053,221.88489130573663,61777600,223.54055786132812,221.396235874721
2024-07-25,215.43638610839844,218.76466037633443,212.59347540961951,216.86277641061952,51391200,221.08821977887834,221.79340180896577
2024-07-26,215.9019470214844,217.417498981548,213.9703475571551,216.6349499920164,41601300,219.5429469517299,222.01556977771577
2024-07-29,216.1792907714844,217.22927938341869,213.7127969665886,214.91137828370984,36311800,218.702383858817,222.21085103352866
2024-07-30,216.73402404785156,218.2495760935564,214.07932159795172,217.1203409396055,41643800,217.9226771763393,222.59669785272507
2024-07-31,219.98301696777344,221.70659250258416,218.54671157945197,219.349060756356,50036300,217.65663800920763,222.84810965401786
2024-08-01,216.29818725585935,222.36039574716864,214.97084352071977,222.2514337919132,62501000,216.71561322893416,222.75801740373885
2024-08-02,217.78402709960935,223.469834014941,215.65433398710104,217.08072444799248,105568600,216.90241132463728,222.67830330984933
2024-08-05,207.29400634765625,211.4840610296135,194.1493019288255,197.21012147966275,119548600,215.73921421595983,221.8731217157273
2024-08-06,205.2732391357422,208.00718767754023,199.1714160471065,203.3614702980554,69660500,214.22082737513952,220.9019012451172
2024-08-07,207.8388214111328,211.6227439207339,204.4412006806638,204.94637966039352,63516400,213.0293317522321,220.01228695824034
2024-08-08,211.2958526611328,212.17744837655164,206.8581585633277,211.097744151489,47161100,212.252450125558,219.08446539015998
2024-08-09,214.19818115234375,214.7330756065884,209.9684959625569,210.09727328743648,42201600,211.42604500906805,218.55003502255394
2024-08-12,215.72540283203125,217.6889728146819,213.81142108338884,214.27752324509848,38028100,211.34421866280692,217.94823710123697
2024-08-13,219.43438720703125,220.04923895369575,217.19312608520667,217.19312608520667,44155300,211.5799843924386,217.34098452613466
2024-08-14,219.88064575195312,221.1797757696837,217.8773991282609,218.7401920302427,41960600,213.3780757359096,216.73516991024925
2024-08-15,222.8557891845703,223.4805677293667,220.91204211865187,222.73678951211636,46414000,215.8898686000279,216.55121430896577
2024-08-16,224.17474365234375,224.94827173921567,221.7946444270254,222.0624088054674,44340200,218.22357177734375,216.65176246279762
2024-08-19,224.01605224609375,224.11522871504155,221.18968933533225,223.84746435464615,40687800,220.0407431466239,216.7386234828404
2024-08-20,224.6309356689453,225.2854641390349,223.57973153152028,223.89708417115403,30299000,221.53113664899553,216.87127322242372
2024-08-21,224.52182006835935,226.08871448701353,223.1830285060583,224.64083485973637,34765500,222.7877676827567,216.9491998581659
2024-08-22,222.6673583984375,226.44574924370923,222.04257986640772,225.9003088690964,43695300,223.24962071010046,217.24400547572546
2024-08-23,224.95816040039065,226.32671693712516,222.4689884907251,223.78795679469897,38677300,223.9749799455915,217.69742329915366
2024-08-26,225.29537963867188,225.39455612332776,222.03267909150793,224.87886564108967,30602200,224.32349286760603,218.1447296142578
2024-08-27,226.13832092285156,226.95152567852384,223.02437015551791,224.1251624880706,35934600,224.60400390625,218.6189691452753
2024-08-28,224.611083984375,227.95312221094204,223.80779089178384,226.02921369079436,38052200,224.68900844029017,218.9940672374907
2024-08-29,227.8836975097656,230.9877364442669,226.98125820388415,228.19113851748892,51906300,225.15368870326452,219.37029012044272
2024-08-30,227.10025024414065,228.4886300006117,225.59285569982603,228.28038060324323,52990800,225.52203587123327,219.88467407226562
2024-09-03,220.9219512939453,227.10026429068756,219.335218503661,226.65400042223428,50190600,225.27269199916296,220.03409903390067
2024-09-04,219.01788330078125,219.94016096302124,215.6758297855004,219.82116129878528,43840200,224.42408098493303,220.5923788888114
2024-09-05,220.53518676757812,223.6094607351492,219.6823205428289,219.79140861107143,36615400,223.74405343191964,221.3191382998512
2024-09-06,218.98812866210935,223.37145940933704,217.94683622588397,222.09215251756703,48423000,222.72259739467077,221.85005769275483
2024-09-09,219.07736206054688,219.43437615112032,214.91220775865924,218.9881123209545,67180000,221.93206569126673,222.2206057593936
2024-09-10,218.2840118408203,219.6426417511051,214.9320468059923,217.10388142289187,51591000,220.56068202427454,222.41516912551154
2024-09-11,220.81285095214844,221.23927647566495,216.0824178921796,219.62280899168329,44587100,219.66248212541853,222.65742855980284
2024-09-12,220.9219512939453,221.69547936785247,217.9964268983011,220.6541869199912,37455600,219.66248212541853,222.72826494489397
2024-09-13,220.65419006347656,222.18140791181287,220.06908820245332,221.72523244234597,36766600,219.896240234375,222.76510038829986
2024-09-16,214.5254669189453,215.4179946756504,212.14536768072225,214.74362792854853,59357400,219.03770882742745,222.36841837565103
2024-09-17,214.99154663085935,215.1006346980314,212.72055067344832,213.96018092212807,45519300,218.4667685372489,221.93112327938988
2024-09-18,218.8592071533203,220.86245391858552,215.7353297749969,215.7452565018275,59894900,218.43560355050224,221.68555922735305
2024-09-19,226.97132873535156,227.913459803403,222.7665127356472,223.12352684243388,66781300,219.67664882114954,221.79700651622954
2024-09-20,226.306884765625,231.1563174701668,225.7316945408236,228.0622053540531,318679900,220.46151079450334,221.8820095970517
2024-09-23,224.59124755859375,227.54652178723228,223.9367191660146,225.4540253555904,54146000,220.9856959751674,221.97362336658296
2024-09-24,225.4837646484375,227.44734973367457,223.85737047004787,226.75314473243895,43556100,221.6756352015904,221.99865214029947
2024-09-25,224.4920654296875,225.40443143928672,222.1615697374452,223.06400902085235,42308700,223.09943498883928,221.9603990827288
2024-09-26,225.63253784179688,226.60440369502516,223.54004142995944,225.41436171300208,36636700,224.61957659040178,221.93631417410714
2024-09-27,225.90028381347656,227.6159429044405,225.41435845997736,226.56473891662023,34026000,225.62544468470983,221.9977046421596
2024-09-30,231.06707763671875,231.06707763671875,227.74486252768645,228.13162655878588,54541900,226.21055167061942,222.14929417201452
2024-10-01,224.3334045410156,227.74485413807125,221.88389405688537,227.615942887257,63285000,225.92862592424666,222.01753961472284
2024-10-02,224.8986663818359,225.48376819979168,221.16986421787885,224.01605029183685,32880600,225.97254289899553,222.20690699986048
2024-10-03,223.79788208007812,224.928424248049,221.46738631978812,223.27228007150777,34044200,225.73170253208704,222.43452598935082
2024-10-04,224.91851806640625,226.10856009308668,222.27066963907552,226.00938361911108,37245100,225.7926243373326,222.64325605119978
2024-10-07,219.8508758544922,223.81769210120316,219.49386178700007,222.63756184665417,39505400,224.96667262486048,222.68433925083704
2024-10-08,223.8970642089844,224.1053136194961,221.3979653574062,222.43925780658088,31855700,224.68049839564733,222.91384887695312
2024-10-09,227.63577270507812,227.84403724277385,222.96485445261257,223.3615300750172,33591100,224.1903119768415,223.35917082287017
2024-10-10,227.1399078369141,227.59609839600836,225.2854259515482,225.8903660776275,28183500,224.59124101911272,223.66045924595423
2024-10-11,225.66229248046875,227.5068628874906,225.4540279414576,227.39777482080956,31759200,224.70033046177454,223.88618977864584
2024-10-14,229.3811798095703,229.8076053434174,226.70358155060512,226.80274288926017,39882100,225.49794442313058,224.301760718936
2024-10-15,231.9100341796875,235.51983687729248,230.44230106244424,231.67201972311165,64751400,226.4967324393136,225.12959725516183
2024-10-16,229.8571929931641,230.19436878170097,227.93328446814013,229.6786935047168,34082200,227.92620631626673,225.83748517717635
2024-10-17,230.22412109375,231.91003031839952,228.60765355789445,231.49350124327563,32993800,228.83007158551897,226.37867155529204
2024-10-18,233.0504913330078,234.2206950473064,232.0686987091599,234.2206950473064,46431500,229.60360281808036,226.66815548851378
2024-10-21,234.5181884765625,234.8851292946414,232.5050303027995,232.5050303027995,36254500,230.6576429094587,227.05916995093935
2024-10-22,233.90335083007812,234.26036494372264,230.67040061866737,231.94969236544068,38846600,231.8349369594029,227.50260344005767
2024-10-23,228.8456573486328,233.18932661738793,225.87054472777703,232.13812257917175,52287000,231.75843375069755,227.6626935686384
2024-10-24,228.6572265625,228.9051525928802,226.5151420282862,228.0721096303277,31109500,231.2937469482422,227.8610345749628
2024-10-25,229.4902801513672,231.2852623916401,227.6655479946858,227.83413589840256,38802300,231.24133082798548,228.04473658970423
2024-10-28,231.46372985839844,232.78269812140084,230.620790456467,231.38440684709025,36087100,231.41841779436385,228.3096625918434
2024-10-29,231.73150634765625,232.38603471678388,230.39271482775456,231.1662428522856,35417200,231.22999136788505,228.34130205426897
2024-10-30,228.1911163330078,231.5331542618632,227.64567605904836,230.680288142273,47070900,230.3261239188058,228.5250026157924
2024-10-31,224.035888671875,227.9233671329233,223.5003599556127,227.43742665071557,64370100,228.91648646763392,228.48391796293714
2024-11-01,221.0607757568359,223.4805363045207,218.44267740554844,219.1368672842602,65276700,227.80436052594865,228.35357956659226
2024-11-04,220.16824340820312,220.94177147156717,217.88733586004025,219.15671602208408,44944500,226.5916486467634,228.12737601143974
2024-11-05,221.59629821777344,222.09215031274817,219.3054639601429,219.9599923572388,28111300,225.46393694196428,228.21049136207216
2024-11-06,220.87234497070312,224.19455985797964,219.3550388628842,220.76325691115125,54561100,223.9508819580078,228.06645711263022
2024-11-07,225.5928649902344,225.9895557457087,222.7070172967094,222.7665171269793,42137700,223.07393319266183,227.96917579287575
2024-11-08,225.32481384277344,227.0125627173092,224.77877343219785,225.53329235935945,38328800,222.66446140834265,227.88274274553572
2024-11-11,222.6144866943359,224.07389700260043,219.90415975706793,223.3789433198207,42005600,222.4614039829799,227.73760913667223
2024-11-12,222.6144866943359,223.96468891324545,221.75075962779928,222.93218846295187,40398300,222.68336268833704,227.41538565499442
2024-11-13,223.49807739257812,225.0170530189228,221.1550798335016,222.39607398240116,48566200,223.1590532575335,227.0148162841797
2024-11-14,226.57574462890625,227.22105551450989,223.3789425502784,223.398802697962,44923900,223.87040274483817,226.85855683826264
2024-11-15,223.37893676757812,225.28510187679905,222.65420045885568,224.76884409236823,47923700,224.2284872872489,226.5325956798735
2024-11-18,226.3771820068359,228.08479108540536,223.54770942404784,223.62713486361545,44633700,224.34053257533483,226.2148190452939
2024-11-19,226.63528442382812,228.5017442258817,225.02696106605572,225.34464764897945,36211800,224.52774265834265,225.83944266183036
2024-11-20,227.35011291503903,228.27340522879027,224.2625190725532,226.4168829534927,35169600,225.20426068987166,225.52738371349517
2024-11-21,226.8735809326172,228.50176458087773,224.0838286281757,227.230987838277,42108300,225.81270272391183,225.43347531273253
2024-11-22,228.21383666992188,229.0577186823492,226.4168797117104,226.4168797117104,38168300,226.48638262067522,225.41236150832404
2024-11-25,231.19223022460935,231.5694972757357,228.08479132337305,229.79240040372403,90152800,227.14588056291853,225.493406749907
2024-11-26,233.366455078125,233.87279036398945,231.6489234928732,231.6489234928732,45986200,228.57266889299666,225.5840127127511
2024-11-27,233.2373809814453,233.99191506726265,232.12545514826604,232.78070364946953,33498400,229.55269731794084,225.65572102864584
2024-11-29,235.62008666992188,236.0966241243161,232.2842941914573,233.1182385238603,28481400,230.83624049595423,226.00948152087983
2024-12-02,237.8638153076172,239.0551666028684,235.45133007089743,235.5605381566453,48137100,232.33819798060827,226.66795421781995
2024-12-03,240.9017639160156,241.01097200063165,237.1787816889052,238.0822290117422,38861000,234.34222412109375,227.6127631777809
2024-12-04,241.2591857910156,242.3512667049628,239.5118714775545,241.12019505186365,44383900,236.2058454241071,228.6170937674386
2024-12-05,241.28895568847656,242.77814859306412,240.38552350615552,242.2321233137982,40033900,237.64823477608815,229.5548393612816
2024-12-06,241.09039306640625,242.867505033938,240.33587413565135,241.15989600483465,36870600,238.75165448869976,230.5176035563151
2024-12-09,244.9722442626953,245.4587194212017,240.00826768189097,240.08769312504631,44649200,240.4280635288783,231.440431140718
2024-12-10,245.98487854003903,246.4217108653419,243.57237825215392,245.11121388943337,36914800,241.9087480817522,232.4242437453497
2024-12-11,244.714111328125,248.9930565140259,244.48575750906295,246.17352158557495,45205800,242.8873617989676,233.47660682314918
2024-12-12,246.17352294921875,246.9479020514793,243.9099357862414,245.11122473397327,32777500,243.64047023228235,234.59846569242933
2024-12-13,246.34230041503903,247.4939314395242,244.46591792091505,246.0345362986312,33155300,244.36662946428572,235.68628583635603
2024-12-16,249.23130798339844,249.56886987487528,245.86573275817128,246.20329464964811,51694800,245.50125122070312,236.76512218656995
2024-12-17,251.6537322998047,252.0012166921119,247.98039295462073,248.2782345553336,51356400,247.0102996826172,238.11154102143786
2024-12-18,246.26284790039065,252.44795764195715,245.9550838178176,250.3432367039591,56774100,247.19467163085938,239.05847749255952
2024-12-19,247.9903259277344,250.184410158509,245.3097817058068,245.71683140567848,60882300,247.48116411481584,240.07538423084077
2024-12-20,252.6564788818359,253.16279902630112,243.919877297432,246.2529371403228,147495300,248.61578805106026,241.28044927687873
2024-12-23,253.4308624267578,253.80811434244583,251.6239676953758,252.9344647729303,40858800,249.65255083356584,242.54508172898065
2024-12-24,256.3397521972656,256.34965954757746,253.45069916161225,253.64927033575188,23234700,251.08075823102678,243.88441103980654
2024-12-26,257.15380859375,258.2260444048055,255.77383898408215,256.32980188696064,27237100,252.21254403250558,245.12067667643228
2024-12-27,253.74853515625,256.836144148833,251.2367643772991,255.97238682838488,42355300,252.51180158342635,246.09125191824776
2024-12-30,250.38296508789065,251.67360197393796,248.9434149702759,250.4127477342041,35557500,253.1003897530692,246.90770830426897
2024-12-31,248.61578369140625,251.4551787009883,247.63291094425557,250.6212343300531,39480700,253.18974086216517,247.52655101957777
2025-01-02,242.09315490722656,247.305330553937,240.07778153574023,247.13654201152733,55740700,251.68069458007812,247.72794814336868
2025-01-03,241.60665893554688,242.42074318433572,240.14724866814672,241.60665893554688,40244100,249.99152265276228,247.76151457287017
2025-01-06,243.23484802246097,245.54806288478193,241.4478134561986,242.5498168429892,45045600,248.11939348493303,247.8555937267485
2025-01-07,240.4649353027344,243.78086767976055,239.6111308132576,241.2293767098772,40856000,245.73526872907368,247.8163546607608
2025-01-08,240.9514007568359,241.95413364050103,238.32049944087447,240.17702168463396,37628900,243.90710667201452,247.80973597935267
2025-01-10,235.14356994628903,238.4297199246896,231.32130202918376,238.28079154222544,61710900,241.73005022321428,247.34170386904762
2025-01-13,232.71121215820312,232.9792711307645,228.06493742769467,231.84748509521592,49630700,239.45796857561385,246.7096245175316
2025-01-14,231.5992889404297,234.41882398797216,230.79512716232853,233.05869925952223,39435300,237.95884486607142,246.0851091657366
2025-01-15,236.1562042236328,237.2383625727966,232.74098609709984,232.94947976770305,39832000,237.18020847865515,245.60809398832777
2025-01-16,226.61544799804688,236.29520209930612,226.3871093224655,235.6399687194268,71759100,234.8060084751674,244.6687200637091
2025-01-17,228.3230743408203,230.61642921557544,226.83388128979956,230.447655820989,68488300,233.07145690917966,243.67308989025298
2025-01-21,221.03591918945312,222.803093405302,217.79941234276583,222.38612124582832,98070400,230.22638811383928,242.21509878976005
2025-01-22,222.2173614501953,222.5052654056773,218.2064601780486,218.2064601780486,64126500,228.3797869001116,241.07007562546502
2025-01-23,222.0485992431641,225.394314538592,220.69839703644928,223.1208199792776,60234800,226.85655648367745,239.83475530715216
2025-01-24,221.17494201660156,224.00441476166836,219.8148172645265,223.1605326731103,54697900,225.36736406598772,238.33563450404577
2025-01-27,228.2039337158203,230.47742834163907,222.36629236472388,222.40601266103107,94863400,224.23132542201452,237.1343521844773
2025-01-28,236.5433807373047,238.4594833656038,229.14705946957608,229.1867797612423,75707600,225.64960152762276,236.19166782924108
2025-01-29,237.63546752929688,238.1318651456976,232.3240069742682,232.4332150558305,45486100,226.97994341169084,235.26222301664808
2025-01-30,235.87823486328125,239.0551768362328,235.5009829454289,236.95045561956255,55658300,229.10027422223772,234.4112563360305
2025-01-31,234.29969787597656,245.4090800423025,231.7581442550369,245.4090800423025,100959800,230.8263222830636,233.64538646879652
2025-02-03,226.3672332763672,230.15971829856625,224.0738787357251,228.33297872450572,73063300,231.44327000209265,232.58593168712798
2025-02-04,231.12274169921875,231.4503659559167,225.0170417043348,225.61272492539547,45067300,232.8643842424665,232.06353105817522
2025-02-05,230.79510498046875,230.99366099381652,226.62536810475493,226.88348940722173,39620300,233.23455156598772,231.54869515555245
2025-02-06,231.5397186279297,232.1155417136993,228.7698112868805,229.62361584180033,29925300,232.51974269321985,230.99178423200334
2025-02-07,225.989990234375,232.31409120281864,225.6226456863809,230.9241838961893,39707200,230.8561030796596,230.30250113351005
2025-02-10,226.25833129882812,229.1803610121675,225.81108525741095,228.16660736242451,33115600,229.48183114188058,229.6028311593192
2025-02-11,231.19793701171875,233.7919821040532,226.7353950927951,226.8049592810601,53718400,229.0387224469866,229.4149438767206
2025-02-12,235.4219665527344,235.51142789245537,229.26980470124647,229.78663009476247,45243300,230.33225577218195,229.54402741931733
2025-02-13,240.0534820556641,240.85852795215615,234.1299251101732,235.4617298072221,53614100,231.60807582310267,229.9466080438523
2025-02-14,243.10470581054688,244.04889519264196,239.5167740261789,239.77517912233392,40896200,233.36659022739954,230.2774890718006
2025-02-18,242.9755096435547,243.6811607859394,240.36158248040348,242.6574585849239,48822500,235.00027465820312,231.05653962634858
2025-02-19,243.37306213378903,244.50609250836237,241.6735241546838,243.16435439309657,32204200,237.4835706438337,231.77320571172805
2025-02-20,244.32720947265625,245.2713989598738,242.7966152101895,243.44265077076676,32316900,240.06483895438058,232.88231477283296
2025-02-21,244.0489044189453,247.1697083342209,243.72091995824803,244.44645306890683,53197400,241.90069144112724,233.92191205705916
2025-02-24,245.5894317626953,247.3386670527108,242.92580728065096,243.43268408373555,51326400,243.35318647112166,235.04290408179872
2025-02-25,245.52980041503903,248.47171215983585,243.41283173998391,246.48393846255715,48013300,244.13551766531808,236.20265924362909
2025-02-26,238.89064025878903,243.48239258336395,237.66816369812489,242.83637220684057,44433600,243.53350830078122,236.71155003138952
2025-02-27,235.84933471679688,240.97779411500133,235.61079643123784,237.94643641845556,41153600,242.5154833112444,236.67850022088913
2025-02-28,240.3615875244141,240.61005923211764,228.7927454203557,235.5014815283524,56833400,242.08527265276228,236.80831545875185
2025-03-03,236.57485961914065,242.53818006191796,234.66659889731284,240.31186830369816,47184000,240.97779410226005,236.84148806617372
2025-03-04,234.4877166748047,238.60242278275777,233.2453581153048,236.2568492158015,53798100,239.6119101388114,236.85044134230841
2025-03-05,234.29888916015625,235.1039350742086,227.82867612475383,233.98083809185871,47227600,237.9989754813058,237.22813924153647
2025-03-06,233.8914031982422,236.4059358119138,231.73467047090975,233.00684447444675,45170400,236.33634730747767,237.35998026529947
2025-03-07,237.60853576660156,239.89446338205195,233.3248707174565,233.67273718007357,46273600,236.1531895228795,237.6844293503534
2025-03-10,226.08937072753903,234.71631625547707,222.84930513729455,234.10009611136832,72071200,234.75890895298548,237.42488897414435
2025-03-11,219.48995971679688,224.4593937721428,216.1206840338927,222.4418047589131,76137400,231.7772478376116,237.11536371140252
2025-03-12,215.653564453125,220.39440897367027,213.5962265598192,218.7942505386503,62547500,228.78849138532365,236.6103748139881
2025-03-13,208.3981781005859,215.5144112677834,207.14588618522245,214.6298526174969,61368300,225.0614144461495,235.52467200869606
2025-03-14,212.1848907470703,212.64207016591416,208.29878985935505,209.95857893569573,60107600,221.90227181570867,234.41814458937873
2025-03-17,212.6917724609375,213.904315554563,208.6864099217596,212.0059881512876,48073400,218.87375313895086,233.1152060372489
2025-03-18,211.38980102539065,213.83475423543345,210.19713981325924,212.85081593904235,42432400,215.1282196044922,231.60497247605096
2025-03-19,213.92420959472656,217.4226803637017,212.443312738742,212.91044076829724,54385400,213.39033944266183,230.22157723563058
2025-03-20,212.7911834716797,216.1604593312179,210.92267131595003,212.6818553101102,48862900,212.4333714076451,228.76529729933966
2025-03-21,216.93568420410156,217.5021918152461,209.9884097524224,210.2666968536003,94127800,212.6165313720703,227.460938953218
2025-03-24,219.38064575195312,220.1260609084734,217.2437950361324,219.64899945464327,44299500,214.18545532226562,226.28625996907553
2025-03-25,222.38218688964844,222.73005335992565,218.73462390108503,219.4204082670252,34493600,215.6422119140625,225.18115307035902
2025-03-26,220.1757354736328,223.64440576884627,219.12221792138408,222.1436270366165,34466100,216.7113494873047,223.97381664457777
2025-03-27,222.4815673828125,223.61459773398053,219.21167130142223,220.03659916949772,37094800,218.29588753836495,223.1924322219122
2025-03-28,216.5679473876953,222.44182255065115,216.3492910585304,220.31490521146455,39818600,218.67356436593192,222.27427092052642
2025-03-31,220.77207946777344,224.24073468961828,214.908138255618,215.683368745432,65299300,219.8136923653739,221.34143720354353
2025-04-01,221.82562255859375,222.31261744008,217.56183920876015,218.46627993939285,36412700,220.5122549874442,220.63909258161272
2025-04-02,222.52134704589844,223.81340310480925,219.66889637265393,219.96706548863503,35905900,220.96092660086495,220.0692654564267
2025-04-03,201.94786071777344,206.22157697816277,200.0197179050274,204.28348559152053,103419000,218.04173714773995,218.52874029250373
2025-04-04,187.22840881347656,198.65810753704545,186.19475800144227,192.70471987275084,125910900,213.33497619628906,216.30669294084822
2025-04-07,180.3507080078125,192.96311894309864,173.55251067175698,176.11674047268428,160466300,207.31628199986048,213.5801297142392
2025-04-08,171.36595153808594,189.17640027021665,168.17558356470508,185.5586531084637,120859500,200.85885402134485,210.97425260997954
2025-04-09,197.63438415527344,199.383619356675,170.8391909937331,170.89882177160354,184395900,197.55346897670202,209.93351091657365
2025-04-10,189.25592041015625,193.58926741380884,181.88128226075605,187.9141823452429,121880000,192.90065438406808,208.67648024786087
2025-04-11,196.9386749267578,198.32017705332044,184.92258644836303,184.96235041538483,87435900,189.24598693847656,208.13078962053572
2025-04-14,201.28195190429688,211.6382501762583,199.9302652972083,210.14742002868311,101352900,189.1508571079799,207.6116020565941
2025-04-15,200.90426635742188,202.2658863473441,198.5785750100267,200.62597928160577,51343900,191.10455104282923,207.05029224214098
2025-04-16,193.0823974609375,199.47308245703653,191.19400339685228,197.1473909296092,59732400,192.9233638218471,206.17851112002418
2025-04-17,195.77581787109375,197.6145145196776,193.2314700862815,195.99447418061752,52164700,196.41048758370536,205.31430199032738
2025-04-21,191.97918701171875,192.6152739871965,188.64966000796989,192.08851517151223,46742500,195.60260227748327,204.32325453985305
2025-04-22,198.5189514160156,200.35763286451953,194.7719939992729,194.92107095045932,52976400,196.92589242117745,203.4462672642299
2025-04-23,203.3492431640625,206.7284521815966,201.56024391015845,204.74067860292735,52929200,197.84168788364954,202.68286714099702
2025-04-24,207.09620666503903,207.5534013078127,201.69940812530305,203.6374845300284,47311000,198.67229570661272,201.95496332077752
2025-04-25,208.00064086914065,208.46776890662989,204.9394675201618,205.10842646651815,38222300,199.6860634940011,201.3751969110398
2025-04-28,208.8553771972656,210.2070638884643,206.1917677806294,208.71623364812055,38743100,201.93934631347656,200.72633071172805
2025-04-29,209.9188537597656,210.94255602883885,207.096203506044,207.41425458581944,36827600,203.95978001185827,200.40970720563615
2025-04-30,211.20095825195312,212.2743578831654,205.4065960245207,208.0205233254963,52286500,206.70574733189173,199.95393952869233
2025-05-01,212.01596069335935,213.2483707428857,207.62296725165953,207.80187477964563,57365700,208.63389151436942,199.48681277320497
2025-05-02,204.09466552734375,205.7246393133032,200.92416412992952,204.83013207172817,101010600,208.7403804234096,198.6093517485119
2025-05-05,197.67416381835935,202.8523212109494,196.99832800962005,201.85843431656065,69018500,207.39437430245536,198.40584237234933
2025-05-06,197.2964782714844,199.42339557924856,195.8155965323487,196.99832434112832,51216500,205.8652082170759,198.8852742513021
2025-05-07,195.05027770996097,198.22077891807172,192.0686174137577,197.95242524507103,68536700,203.89305114746094,199.5852537609282
2025-05-08,196.28271484375,198.82706269335063,193.4898801219913,196.51130456752412,50478900,201.94503130231584,200.77176629929315
2025-05-09,197.3163604736328,199.3140676367793,196.33240700583875,197.78348851905432,36453900,199.96151733398438,200.75662231445312
2025-05-12,209.776123046875,210.2538252478288,205.7555615605907,209.95526516858175,63775800,199.64154052734375,201.73377482096353
2025-05-13,211.9058380126953,212.3735786127325,207.99474788922345,209.4178625594749,51909300,200.7574223109654,202.44649687267486
2025-05-14,211.30873107910156,212.9109878637111,209.56714827780408,211.40824098508045,49325800,202.70521763392858,202.92396254766555
2025-05-15,210.43296813964844,211.93571508448807,208.5321511825611,209.9353730316401,45029500,204.5818590436663,203.3777102515811
2025-05-16,210.2438812255859,211.54759317457453,208.76105751069144,211.33859654598928,54737900,206.75237383161272,204.19492376418341
2025-05-19,207.7758026123047,208.47243269467637,203.2775387890809,206.90999202317107,46140500,208.39424351283483,204.76635160900298
2025-05-20,205.8650360107422,207.46729276724128,204.04383620537516,206.67113760639387,42496600,209.615482875279,205.4275825137184
2025-05-21,201.11798095703125,206.0441693385156,199.74462882701684,204.1831685508297,59211800,208.37860543387276,205.5513458251953
2025-05-22,200.39149475097656,201.7748084903006,198.7394754118135,199.7446272097534,46742400,206.73369925362724,205.4105006626674
2025-05-23,194.33078002929688,196.74908474491085,192.52948833207407,192.738469754576,78432900,204.3082776750837,204.80262320382255
2025-05-27,199.2470245361328,199.77447409530296,196.48038197740732,197.34620772495165,56288500,202.71028573172433,204.38578433082216
2025-05-28,199.4560089111328,201.7548957380012,198.9385057789635,199.6251894151235,45339700,201.1691611153739,203.93819536481584
2025-05-29,198.98826599121097,202.8297005493605,197.5551897560925,202.60081106845576,51396800,199.91379874093192,203.41769118536087
2025-05-30,199.88394165039065,200.9886032908641,195.83351057352263,198.4110493394953,70819900,199.05935668945312,202.8787856329055
2025-06-02,200.7298583984375,201.15779807678393,199.15745607510848,199.31669015009305,35423300,199.003910609654,202.34135219029017
2025-06-03,202.29229736328125,202.78989241693247,199.99341064507593,200.3815341795081,46381600,199.27545383998327,202.25552513485863
2025-06-04,201.8444671630859,205.24801554678163,201.1279290627925,201.9340306292736,43604000,200.34883771623885,202.45411100841704
2025-06-05,199.66500854492188,203.76518718349973,199.18730633012683,202.52119947175672,55126100,200.40854971749442,202.56689816429503
2025-06-06,202.93917846679688,204.7106157617459,201.07817770068,202.0236053289331,46607700,200.90614536830358,202.94256010509673
2025-06-09,200.48106384277344,205.0091823144686,199.05794913802785,203.40692547634256,72862600,201.11940220424108,203.1424814860026
2025-06-10,201.69517517089844,203.36710243054736,199.605285078082,199.63513956616535,54672600,201.3781498500279,203.35099647158668
2025-06-11,197.8238983154297,203.51638723180633,197.45568281643992,202.5211970741936,60989900,200.9630126953125,202.78184291294642
2025-06-12,198.24188232421875,198.71956936233477,196.4107360236097,198.12246436103905,43904600,200.38438197544642,202.1311783563523
2025-06-13,195.5051116943359,199.4062554549193,194.7587190445596,198.769334334526,51447300,199.478759765625,201.37862505231584
2025-06-16,197.4656219482422,197.73432753277095,195.6145677161257,196.35101387226533,43020700,199.16456168038505,200.7611323765346
2025-06-17,194.69900512695312,197.4357781067605,194.2710806409192,196.25149936947125,38856200,197.98739406040735,200.0209001813616
2025-06-18,195.6344757080078,196.6197193940347,194.13174409281177,194.9975546383106,45394700,197.29502432686942,199.44274175734748
2025-06-20,200.03323364257812,200.7298637574877,195.9131467510872,197.28651411005004,96813500,197.05760410853796,199.16503688267298
2025-06-23,200.53082275390625,201.3269779408771,198.00304635957568,200.6602023375907,55814300,197.4443075997489,199.13707696823846
2025-06-24,199.33657836914065,202.4614746491071,199.2370532858301,201.61555699715424,54064000,197.60069274902344,199.08684285481772
2025-06-25,200.59051513671875,202.6903668657116,199.65503400834336,200.4810436177515,39525700,198.32717895507812,199.38492547898065
2025-06-26,200.03323364257812,201.66534499125092,198.5006473897771,200.461158146952,50799100,198.69398062569755,199.42236400785902
2025-06-27,200.1128387451172,202.24254507531293,199.03803155248616,200.91894034324127,73188600,199.4673854282924,199.4536416190011
2025-06-30,204.1831512451172,206.39247448465787,198.3015741024103,201.03834688076608,91912800,200.6886247907366,199.70101710728235
2025-07-01,206.8204040527344,209.1789996184396,205.1484768676989,205.67592638082797,78788900,201.65822056361608,200.0313248407273
2025-07-02,211.41818237304688,212.31384736812728,207.1388620051612,207.9051626163094,67941800,203.21355765206474,200.54029264904204
2025-07-03,212.5228729248047,213.61757304735917,210.79123648824356,211.12959751601144,34955800,205.0973140171596,201.0274629138765
2025-07-07,208.9401702880859,215.1899632551167,207.79570768244497,211.65703516300363,50229000,206.29012189592635,201.3653535388765
2025-07-08,208.99989318847656,210.41306148236816,207.44739887083225,209.08947184941584,42848900,207.5710732596261,201.80987185523622
2025-07-09,210.1244354248047,210.3135239719546,206.22329208627588,208.52217876921287,48749400,209.00130135672433,202.1520269484747
2025-07-10,211.38833618164065,212.45318170934252,209.01977884626095,209.49746585002455,44443600,210.0306134905134,202.67142086937315
2025-07-11,210.14434814453125,211.1096837700706,208.85059795908091,209.55718962168865,39765800,210.50546264648438,203.07376243954613
2025-07-14,207.61656188964844,209.89555581124029,206.5417547175356,208.92025854176603,38840100,209.9623740059989,203.54007975260416
2025-07-15,208.1042327880859,210.8708604550018,207.915144211828,208.2137043224775,42296300,209.33113970075334,204.0097154889788
2025-07-16,209.149169921875,211.37838618562168,207.63647661047767,209.28849593835915,47490500,209.36099679129464,204.65943254743303
2025-07-17,209.0098419189453,210.78127919114968,208.5819022531988,209.5571995447156,48068100,209.36241803850447,205.20915730794272
2025-07-18,210.1642608642578,210.77132749863404,208.6913836081342,209.85575432940055,48974600,209.36810738699776,205.94559805733817
2025-07-21,211.45799255371097,214.74212298846783,210.61209006251647,211.07983063398711,51377400,209.37805829729353,206.69909885951452
2025-07-22,213.3687744140625,213.91613206526756,211.20921348603295,212.11484021935428,46404100,209.83869062151228,207.33412461053757
2025-07-23,213.11996459960935,214.11515474984876,211.38834345684663,213.96588230147148,46989300,210.62489100864954,207.93360755557106
2025-07-24,212.7318420410156,214.65256693634575,212.50295255730364,212.87116805528336,46022600,211.28597804478235,208.57147725423178
2025-07-25,212.8512725830078,214.2047317845148,212.3735703810196,213.6673206036272,40268800,211.81484985351562,209.1553228469122
2025-07-28,213.0204620361328,213.81661722083777,212.03521828670327,213.00055398053095,37858000,212.3877955845424,209.77376229422433
2025-07-29,210.2538299560547,213.7767964509494,209.80599741985404,213.14982178903043,51411700,212.40059116908483,210.2566666376023
2025-07-30,208.04449462890625,211.3684259373732,206.720889966108,210.88077731884883,45512500,211.91294860839844,210.44054013206846
2025-07-31,206.57162475585935,208.8306954413449,206.16359315375271,207.48719786288635,80698400,210.94192722865515,210.42869349888392
2025-08-01,201.40660095214844,212.5527283441607,200.530828701964,209.8557561748323,104434500,209.26858956473214,209.9519515264602
2025-08-04,202.37193298339844,206.88014336875773,200.70995198839023,203.52634207300895,75109300,207.7886025565011,209.46857343401228
2025-08-05,201.9439697265625,204.35232790405936,201.18763073057525,202.42165671427043,44155100,206.23041643415178,209.13542102632067
2025-08-06,212.22430419921875,214.3440641251077,204.60114383647723,204.6409599471833,108483100,206.11667960030692,209.2889644077846
2025-08-07,218.9716796875,219.78774287041324,215.5382768294147,217.8272171299369,90224800,207.3620867047991,209.71026175362724
2025-08-08,228.2468719482422,229.88892965735025,218.19544514014737,219.76784743364436,113854000,210.2481406075614,210.51304917108445
2025-08-11,226.34388732910156,228.71513292468896,223.9327956372812,227.08116933177635,61806100,213.072749546596,211.28445579892113
2025-08-12,228.8047790527344,229.95055565919736,226.23428798669784,227.17081559543823,55626200,216.98677498953683,212.29341852097284
2025-08-13,232.47125244140625,234.1351043372746,229.5819165003467,230.2195756343437,69878500,221.28667776925224,213.45375279017858
2025-08-14,231.92327880859375,234.25466305951576,230.0003892485326,233.1985666998313,51916300,225.5694362095424,214.5382341657366
2025-08-15,230.73765563964844,233.417757832359,228.4959365092947,233.1387895567921,56038700,228.21420070103235,215.57289196196058
2025-08-18,230.0402374267578,232.26202593201924,229.26310933608104,230.8472538899505,37476200,229.79542323521204,216.51936703636534
2025-08-19,229.71145629882812,232.0129522601839,228.50591803460907,230.42880766374827,39402600,230.00464957101005,217.3885795956566
2025-08-20,225.17819213867188,229.6217843388592,224.939085159242,229.13358225147155,42263900,229.83812168666296,217.95093282063803
2025-08-21,224.072265625,225.6863136691638,222.95639256938463,225.43723377620464,30621200,229.16204833984375,218.47247096470423
2025-08-22,226.92173767089844,228.2468445109381,224.5803958248437,225.33759321802492,42477800,228.36926051548548,219.14818028041296
2025-08-25,226.323974609375,228.456098045362,225.3973894325087,225.6464693442017,30983100,227.5693599155971,219.78973751976378
2025-08-26,228.4660491943359,228.6453946309622,223.86305742355088,226.0350268937484,54575100,227.2448447091239,220.5252416701544
2025-08-27,229.64170837402344,230.05018785299507,227.41990473660533,227.76862267507164,31259500,227.1879119873047,221.44847397577195
2025-08-28,231.70408630371097,232.55096405412047,228.4959359400532,229.9704999102399,38074700,227.47257341657365,222.5751211983817
2025-08-29,231.28562927246097,232.52107103838583,230.51845893056873,231.65426265633033,39418400,228.3450644356864,223.7519785563151
2025-09-02,228.87454223632812,230.00038826150748,226.1346633063032,228.4062708029861,44075600,229.0311039515904,225.05997576032365
2025-09-03,237.59234619140625,237.9709525201245,233.49747185558655,236.33698891571112,66427800,230.55547659737724,226.73713829403832
2025-09-04,238.89752197265625,239.01707546456905,235.86871695735925,237.5724150276415,47549400,232.35169764927454,228.49683125813803
2025-09-05,238.80783081054688,240.43183651086895,237.61225041390915,239.11668743272676,54870400,233.82909502301897,229.76271347772507
2025-09-08,237.00450134277344,239.2661357937392,235.4701607098454,238.41927329094256,48999500,234.88092258998327,230.62141927083334
2025-09-09,233.4875030517578,237.90119155812317,232.5011411802574,236.12774389612645,66313900,235.1356964111328,230.8709731329055
2025-09-10,225.9553375244141,231.56462228661692,225.1184326270808,231.3354730129111,83440800,234.37422616141183,230.85247076125373
2025-09-11,229.1833953857422,229.60184779162617,225.81583028738913,226.04499474029723,50208600,234.41834803989954,230.87050011044457
2025-09-12,233.2085418701172,233.6469097348115,228.17712472443904,228.37638560886936,55824200,233.7920902797154,230.90560913085938
2025-09-15,235.828857421875,237.31337916896248,234.16500543557729,236.12775635652343,42699500,233.3537096296038,231.09158906482514
2025-09-16,237.2735137939453,240.3322223551857,235.45026224943368,236.30708253667353,63421100,233.134521484375,231.40282040550596
2025-09-17,238.1104431152344,239.21635855568803,236.8550706028844,238.09051246512183,46508000,233.29251316615515,231.78711591448103
2025-09-18,237.00450134277344,240.31227437025743,235.77901734043184,239.0868055705458,44249600,233.79494149344308,232.1344037737165
2025-09-19,244.5964508056641,245.3935094903633,239.32592704772568,240.342162048153,163741300,236.4579576764788,233.05908275785902
2025-09-22,255.13751220703125,255.69547916115815,247.2068166293636,247.38616206443075,105517400,240.16568865094865,234.5383802141462
2025-09-23,253.49359130859375,256.3928850249964,252.64672876089196,254.9382669065294,60275200,243.0635528564453,235.803706577846
2025-09-24,251.38140869140625,254.79879299943292,250.11607847800005,254.2807025242173,42303700,245.28534589494978,236.99691772460938
2025-09-25,255.9246368408203,256.2235509944071,250.78363873545524,252.2781182875964,55202100,247.94979204450334,238.3044695172991
2025-09-26,254.51980590820312,256.6519291955366,252.84598111295833,253.16481067495937,46076300,250.29398672921317,239.48914082845053
2025-09-29,253.49359130859375,254.06150078407975,252.07881928540593,253.62311772285497,40127700,252.64957101004464,240.5267363048735
2025-09-30,253.69287109375,254.97811672142575,252.17846100632588,253.92202035086737,37704300,253.94905962262834,241.59374782017298
2025-10-01,254.5098571777344,257.8375764362911,253.99176669154556,254.10136246357337,48713900,253.8593946184431,242.8144771030971
2025-10-02,256.18365478515625,257.229778167004,253.21461153357075,255.63566078088252,42630200,254.24368940080916,243.6997775123233
2025-10-03,257.07037353515625,258.2858846694617,253.01536064819075,253.73271197999827,49155600,255.05639866420202,244.56515139625185
2025-10-06,255.7452850341797,258.1165305885388,254.1113214696764,257.0404883747525,44664100,255.03077697753906,245.37169683547248
2025-10-07,255.5360565185547,256.45265350411205,254.48990271765,255.86482860124664,31955800,255.17595563616072,246.254151843843
2025-10-08,257.1102600097656,257.5685585594684,255.16742442767125,255.57591915435188,36496900,255.692622593471,247.37904503231957
2025-10-09,253.1050262451172,257.0504585775582,252.2083446799687,256.8611554198282,38322000,255.60864475795202,248.67188735235305
2025-10-10,244.3673095703125,255.436420799504,243.10197943699816,254.00171816056968,61999100,254.15970938546317,249.39493088495163
2025-10-13,246.74850463867188,248.77103211910116,244.6562274921306,248.4621754894735,38142900,252.81183079310827,250.03969101678757
2025-10-14,246.8581085205078,247.93413549962375,243.79940008876653,245.6924164271231,35478000,251.35293579101562,250.5648934500558
2025-10-15,248.42233276367188,250.89321639065437,246.559219921403,248.57178982967116,33893600,250.30679975237166,251.09578959147134
2025-10-16,246.5392913818359,248.1234359576197,244.22783772705108,247.33635013275975,39777000,249.02154758998321,251.49716331845238
2025-10-17,251.36146545410156,252.44746537322095,246.35995200283696,247.10719170360767,49147000,248.2002912248884,252.18082827613466
2025-10-20,261.27484130859375,263.4069798400544,254.68918336894043,254.94822099113512,90483000,249.3674076625279,252.97503734770277
2025-10-21,261.80291748046875,264.3136625920602,260.86637452698056,260.91620875530236,46695900,251.85820879255022,253.29243759881882
2025-10-22,257.4988098144531,261.882609922878,254.4899051977633,261.6833338430701,45015300,253.3939666748047,253.48316228957404
2025-10-23,258.6246337890625,259.6608147081683,257.0604350924048,258.98332466328685,32754900,255.07489885602678,253.8280777704148
2025-10-24,261.85272216796875,263.15789839957887,258.22610426270086,260.2287163700197,38253700,256.99352591378346,254.11036754789808
2025-10-27,267.8206787109375,268.1295353654346,263.67598537979285,263.90514984178776,44888200,260.0337241036551,254.74374244326637
2025-10-28,268.0099792480469,268.89671830922975,267.1631014853557,268.00000632210845,41534800,262.4120832170759,255.43499901181175
2025-10-29,268.7073974609375,270.4110953948544,266.1269030442272,268.28892986747474,51086700,263.473876953125,256.1499764578683
2025-10-30,270.401123046875,273.1310593223432,267.49188695276854,270.98894793982623,69886500,264.7021920340402,256.90670340401783
2025-10-31,269.37493896484375,276.29937269597025,268.16940070155243,275.9705701844509,86167100,266.3987819126674,257.5348597935268
2025-11-03,268.05975341796875,269.8531467885877,265.2700709373508,269.424736694289,50194600,267.7466561453683,258.05816359747024
2025-11-04,269.0461730957031,270.49081837885313,266.6350661079627,267.3424445625432,49274800,268.7742919921875,258.6915392194475
2025-11-05,269.14581298828125,270.7000692568828,265.94760492323326,267.6214146886098,43683100,268.9635968889509,259.3396228608631
2025-11-06,268.7771301269531,272.3937751745226,266.90407480138714,266.90407480138714,51204000,269.0731898716518,259.8951881045387
2025-11-07,267.48193359375,271.2878818962731,265.7881780523408,268.80702532983145,48227400,268.8981236049107,260.57980274018786
2025-11-10,268.6986083984375,272.9869540449525,266.7339548671466,268.22988302493957,41312400,268.6549072265625,261.7384360177176
2025-11-11,274.5028076171875,275.16101963639426,269.0675899882029,269.07757258136417,46208300,269.387459891183,263.060069492885
2025-11-12,272.7276611328125,274.9815360542478,270.9624767916609,274.2535066981436,48398000,270.05430385044644,264.29195295061385
2025-11-13,272.2090759277344,275.9488963676571,271.3513946141157,273.36590026791555,49602800,270.5061471121652,265.4246550060454
2025-11-14,271.6705017089844,275.21085247368256,268.8681323529343,270.31417782757546,47431300,270.86681692940846,266.62137930733815
2025-11-17,266.73394775390625,269.7557213346742,265.00866346949266,268.09027174019775,45018300,270.57493373325894,267.3534022739955
2025-11-18,266.7140197753906,269.9751321987233,264.59977951795884,269.2570854665072,45677300,270.4652317592076,267.6124107724144
2025-11-19,267.8309631347656,271.47104873805114,264.77927226211665,264.80918960656476,40424500,270.3412824358259,267.8994605654762
2025-11-20,265.5272521972656,274.68232536305425,265.1981613886433,270.09480618650156,45823600,269.0590602329799,268.2817673456101
2025-11-21,270.75299072265625,272.5879921198442,264.9488130991126,265.2280517805383,59030800,268.77696446010043,268.85930815197173
2025-11-24,275.1709899902344,276.24804478801667,270.16459800357205,270.16459800357205,65585800,269.2000950404576,269.4935113816034
2025-11-25,276.2181701660156,279.6189174225992,274.50283786370125,274.52277261748515,46914200,269.8497619628906,269.8933919270833
2025-11-26,276.79656982421875,278.7712060098946,275.8790842359358,276.2081750495132,33431400,271.2872794015067,270.31180100213913
2025-11-28,278.0930480957031,278.242634823177,275.2407959413455,276.50736791500816,20135600,272.91285487583707,270.7587367466518
2025-12-01,282.3315124511719,282.65065109438723,275.3904143522869,277.2553332443013,46587700,274.98436192103793,271.3268505278088
2025-12-02,285.4131164550781,286.619823290159,281.86278279875575,282.231773534172,53669500,277.82519967215404,272.090573265439
2025-12-03,283.378662109375,287.8365294074879,282.5309633672564,285.4231155973949,43538700,279.62886701311385,272.8200451078869
2025-12-04,279.9380187988281,283.95707766942763,277.83373081751637,283.3287830094401,43989100,280.3098711286272,273.3387044270833
2025-12-05,278.0232238769531,280.37683325787106,277.2951945750906,279.77845592816414,47265800,280.56773594447543,273.76143827892486
2025-12-08,277.1356506347656,278.9108174051644,275.4003533668138,277.374989388386,38211800,280.61617606026783,274.15946306501115
2025-12-09,276.42755126953125,279.26982065807096,276.16827776921565,277.4049018876359,32193300,280.3782479422433,274.58544485909596
2025-12-10,278.0232238769531,278.9905919368044,275.68957968235776,276.9960211276047,33038300,279.76277814592635,275.02947416759673
2025-12-11,277.2752685546875,278.8310314000742,273.0667227973629,278.34237127554803,33248000,278.6002284458705,275.1614961170015
2025-12-12,277.52459716796875,278.4620479370953,276.0685689150702,277.14562382282355,39532900,277.76393345424106,275.3899216424851
2025-12-15,273.3658752441406,279.3894873363706,272.0993337942639,279.3894873363706,50409100,276.82505580357144,275.44500732421875
2025-12-16,273.8645324707031,274.752131096348,271.0522107383373,272.07941349564567,37648600,276.23095703125,275.5494849795387
2025-12-17,271.10205078125,275.41033087528734,270.9026119684932,274.2634587890498,50138700,275.36901419503346,275.7574898856027
2025-12-18,271.4511413574219,272.88723490520505,266.22537510199504,272.8672697170699,51630700,274.65809849330356,275.98306710379467
2025-12-19,272.9271240234375,273.8545921928022,269.1673383776201,271.4112306527045,144632000,273.9300842285156,276.22574143182663
2025-12-22,270.23443603515625,273.13654030849926,269.7756932559407,272.1192896847017,36571800,272.9242510114397,276.44989304315476
2025-12-23,271.62066650390625,271.7603010837797,268.8282792538215,270.1048034873943,29642000,272.0808323451451,276.4912109375
2025-12-24,273.06671142578125,274.6823088952694,271.46109654935304,271.60070067851706,17910600,272.038094656808,276.3910071963356
2025-12-26,272.6578369140625,274.6224904749486,272.11929424741834,273.41578359787746,21521800,271.86570957728793,276.22146751767116
2025-12-29,273.0168762207031,273.61522314661676,271.6107000753325,271.9497734782625,23715200,272.1392560686384,276.0414821079799
2025-12-30,272.3387145996094,273.3360001129787,271.54089836280934,272.0694584675055,22139600,272.26605224609375,275.76746622721356
2025-12-31,271.12200927734375,272.9370761103812,271.0123224859311,272.3187639976345,27293600,272.0081787109375,275.2336803617932
2026-01-02,270.2743225097656,277.0857683126949,268.2697691424855,271.52092924369913,37838100,272.01387677873885,274.51278541201634
2026-01-05,266.5345153808594,270.7729784841199,265.41756056202854,269.9053450243044,45647200,271.2872837611607,273.71068318684894
2026-01-06,261.6477966308594,266.82371056256306,261.40845786144683,266.27521573774703,52352100,269.65601021902904,272.83972022646947
2026-01-07,259.623291015625,262.964203143993,259.1047135716701,262.48552563718374,48309800,267.79393223353793,271.96353294735866
2026-01-08,258.3368225097656,258.58614386359903,255.00587765735156,256.3222864925608,50419300,265.69678170340404,271.068350655692
2026-01-09,258.6659240722656,259.5036402038468,255.52448097015204,258.3767027680543,39997000,263.74352591378346,270.2225588843936
2026-01-12,259.5435485839844,260.59068617382866,256.1029014720883,258.4565110528425,45263800,262.08946010044644,269.34257434663317
2026-01-13,260.34136962890625,261.0993163539261,257.68861696081353,258.01770778709204,45730800,260.6704668317522,268.5361982073103
2026-01-14,259.2543029785156,261.1092696408236,256.0131254420647,258.78557762508564,40019400,259.6304364885603,267.6661841982887
2026-01-15,257.5090637207031,260.3313985459844,256.35220896361545,259.9424426175537,39388600,259.03918892996654,266.91109793526783
2026-01-16,254.8363494873047,258.1971965798445,254.23797213114116,257.1999111311508,72142800,258.35534014020647,266.0049939836775
2026-01-20,246.0303192138672,254.09835490933511,242.75922413209136,252.04394930256512,80267500,256.5972682407924,264.81110200427827
2026-01-21,246.9777374267578,250.87712721718017,244.51444112970407,248.02489020045311,54641700,254.92752729143416,263.64570181710377
2026-01-22,247.67584228515625,250.31864258405668,247.47637302553753,248.52352576906395,39708300,253.23214067731584,262.4432598295666
2026-01-23,247.36666870117188,248.73296007338791,244.0157890837153,246.64863719927277,41689000,251.3786119733538,261.3543185279483
2026-01-26,254.7166748046875,255.86354695988197,249.12190294519743,250.7973351598156,55969200,250.73037937709265,260.54936654227123
2026-01-27,257.5688781738281,261.23891141767155,257.50904348719195,258.4664593428383,49648300,250.73892429896765,259.8113744826544
2026-01-28,255.743896484375,258.15731035497566,253.8191275531099,256.95060341967536,41288000,250.86857386997767,259.0059487479074
2026-01-29,257.5788879394531,258.94516415300217,253.7193980705993,257.29964922744847,67253000,252.51836940220423,258.2708064488002
2026-01-30,258.775634765625,261.1890484668085,251.49543285360957,254.47732177254832,92443400,254.2037833077567,257.6249455043248
2026-02-02,269.2770690917969,269.7557466562268,258.50636737104884,259.3241487899344,73913400,257.2896728515625,257.5370912097749
2026-02-03,268.7485046386719,271.1419837262723,266.88355520832346,268.4692659190308,64394700,260.34422084263394,257.46443321591335
2026-02-04,275.7394104003906,278.19275421850585,271.55083028665655,271.55083028665655,90545700,263.3474687848772,257.9027615501767
2026-02-05,275.1610412597656,278.7412924914769,272.48832346973,277.37501624935936,52977400,265.86063494001115,258.54624938964844
2026-02-06,277.364990234375,280.1474248180158,276.1782182606431,276.3677049075235,50453400,268.9493626185826,259.3910922095889
2026-02-09,274.13079833984375,277.70443813431814,271.2160169672847,277.41494619870406,44623400,271.3139212472098,260.1431862967355
2026-02-10,273.19244384765625,274.87943562430115,272.4537718732244,274.40031021957236,34376900,273.3734654017857,260.8349253336589
2026-02-11,275.00921630859375,279.6808719096702,273.9610989943363,274.2106536370846,51931300,274.19234357561385,261.5713857014974
2026-02-12,261.2637939453125,275.22886395053104,259.7165366668213,275.09909064411113,81077200,273.1230991908482,261.6153106689453
2026-02-13,255.32435607910156,261.7628783299504,254.9949421084194,261.5432690161623,56290700,270.2066628592355,261.4281703404018
2026-02-17,263.4099426269531,265.8156532326085,255.08478749757865,257.5903108294174,58469100,268.5279344831194,261.70916457403274
2026-02-18,263.8791198730469,266.3447212846438,261.9825104325609,263.13045584681157,34203300,266.60138157435824,262.1397726876395
2026-02-19,260.11578369140625,264.00886051677537,259.5867290635135,262.13220471573277,30845300,264.59923662458147,262.8105090913318
2026-02-20,264.1086730957031,264.2783836675007,257.7001265171608,258.50868117461044,42070500,263.30155508858815,263.6262679327102
2026-02-23,265.705810546875,268.95002088588865,262.91081074777924,263.0206001676805,37308200,261.97249712262834,264.4848378499349
2026-02-24,271.6552429199219,274.4003442568012,267.233111068832,267.38283777638213,47014600,263.45698983328685,265.6414366222563
2026-02-25,273.74151611328125,274.45024283739696,270.567157599074,271.29586819299504,33714300,266.0880126953125,266.5473814464751
2026-02-26,272.4637756347656,275.61811956353745,270.31758130113775,274.4602128097023,32345100,267.3814174107143,267.2566622779483
2026-02-27,263.7093811035156,272.3240124520744,262.4217010495403,272.3240124520744,72366500,267.357169015067,267.63597106933594
2026-03-02,264.2484130859375,266.05518620599753,259.73647625260065,261.94253069595567,41827900,267.94754464285717,267.9535675048828
2026-03-03,263.2801818847656,265.08695529305965,259.6666350681776,263.0106738027697,38568900,267.82918875558033,268.1680697486514
2026-03-04,262.0523376464844,265.67587606267574,260.95432154975975,264.17854815272653,39803100,267.30726405552457,267.82403491792223
2026-03-05,259.8263244628906,261.09405110124777,256.79173142961054,260.3254337562426,49658600,265.61741856166293,267.399169195266
2026-03-06,257.0013427734375,258.3090066542827,253.916851068475,258.16927189629365,41120000,263.22596522739957,266.50688026064915
2026-03-09,259.41705322265625,260.68477987096253,253.22808575123491,255.2345148744848,38218500,261.36214773995533,265.7571665445964
2026-03-10,260.3653564453125,262.01244158439727,256.4922936817907,257.19102845716964,30590800,260.8844299316406,264.94766017368863
2026-03-11,260.3453674316406,261.6630231774062,259.08760235948154,260.62486739620806,26218900,260.3268519810268,264.2912110828218
2026-03-12,255.30438232421875,258.48871731031414,253.72719511663232,258.1992253881205,40794000,259.1874520438058,263.4393986293248
2026-03-13,249.6744384765625,255.87336762960535,249.07551643845036,255.024890934378,36930000,257.419180733817,262.2329806373233
2026-03-16,252.36964416503903,253.43773019062647,249.4348789230203,251.66090222791988,32074200,256.35394069126676,261.80944969540553
2026-03-17,253.7771148681641,254.67552076289968,251.7307636559193,252.5093881906664,32361600,255.8933367047991,261.7357715425037
2026-03-18,249.49476623535156,254.48585937367065,248.55643828829037,252.1799767808244,35757900,254.47586713518416,261.0731440952846
2026-03-19,248.5165252685547,251.38140795985737,246.85947863088072,248.95572868612365,34864100,252.7831769670759,260.34159197126115
2026-03-20,247.54823303222656,248.75606899357115,245.56177255944445,247.53824109812177,88331100,250.95501491001673,259.7431371779669
2026-03-23,251.04200744628903,254.1464679788293,249.83415620831627,253.51758537106093,40546100,250.34610421316964,259.1209150041853
2026-03-24,251.1917266845703,254.37604644028636,249.10545347620703,249.90403139868116,45152300,250.56285967145647,258.42976815359935
2026-03-25,252.16998291015625,254.5457480998694,251.15181088451408,253.6473574345128,28476700,250.53433663504464,257.5018986293248
2026-03-26,252.43951416015625,256.5421934269488,250.32329549316128,251.67088153367663,41796700,250.34325081961495,256.48751758393786
2026-03-27,248.35679626464844,255.03488128462607,247.6281009352486,253.4477020992108,47900000,250.18068368094308,255.33956618536087
2026-03-30,246.1906585693359,250.4230956915925,245.07264337813007,249.62453299565456,39446200,249.8484170096261,254.5053413027809
2026-03-31,253.337890625,255.0248824882854,246.65982101631488,247.46837564153284,49598100,250.6755109514509,253.9857926141648
2026-04-01,255.17462158203125,255.7236296181179,252.8787157917901,253.62737973002484,40059400,251.26588439941406,253.59981355212983
2026-04-02,255.464111328125,255.6737439434535,250.2034948550391,253.7471740568136,31289400,251.876225062779,253.28608848935082
2026-04-06,258.3988342285156,261.6929736576745,256.003115847535,256.053045051996,29329900,252.76606096540178,253.2181127639044
2026-04-07,253.0484161376953,255.7436185540334,245.2623079794448,255.7036812801697,62148000,252.85304696219308,253.02987816220238
2026-04-08,258.43878173828125,259.2872736156141,256.0730086009651,257.98960165960847,41032800,254.2933306012835,252.98329380580358
2026-04-09,260.02593994140625,260.65482250105316,255.6138310165902,258.5386040524215,28121600,256.2697993687221,252.96713111514137
2026-04-10,260.0159912109375,261.7229364827484,258.5585701252562,259.5168819122501,31291500,257.22381373814176,252.95144653320312
2026-04-13,258.73828125,259.71651601158027,256.2027973984465,259.2673359057164,36234700,257.732907976423,253.1149655296689
2026-04-14,258.368896484375,261.4633801130582,256.73183388682423,258.78816168339415,48370700,258.14787728445873,253.52898733956474
2026-04-15,265.95538330078125,266.08515659729386,257.35074355126085,257.7001261657452,49913500,259.2273842947824,254.1759272984096
2026-04-16,262.9307556152344,266.6840670491935,260.804545264895,266.3246925362851,43323100,260.63914707728793,254.611814953032
2026-04-17,269.7486267089844,271.8149160854778,266.24486962975914,266.4844323486072,61436200,262.2548392159598,255.57628449939546
2026-04-20,272.5635681152344,273.7913879220191,269.80850557942483,269.84841238867654,36590200,264.0459289550781,256.7213817778088
2026-04-21,265.69586181640625,272.3140256362382,264.9272139873882,271.0163536236942,50209800,264.85733904157365,257.5855545770554
2026-04-22,272.68341064453125,273.2523721409737,266.39461467279705,267.3429346055621,43249200,266.84950038364957,258.6160975864955
2026-04-23,272.9429016113281,275.2787294551341,271.1660737405759,274.56001085217736,33399600,268.93150111607144,259.65186782110305
2026-04-24,270.5771179199219,272.5735550213531,269.16962610782736,272.2741016414235,38157100,269.5917489188058,260.52839805966335
2026-04-27,267.1332702636719,267.88193422863776,264.59781690250213,265.6159889280984,41466800,270.1921081542969,261.2281007312593
2026-04-28,270.2277526855469,272.7432830913257,268.181416710472,271.8548539018017,40018900,270.2605547223772,262.2695748465402
2026-04-29,269.688720703125,270.55716597281076,266.56429174844374,267.07336249706583,30047900,269.849862234933,263.3885301862444
2026-04-30,270.86663818359375,275.50834883767226,267.6623648300734,270.018146234023,91848200,270.5885445731027,264.22323245093935
2026-05-01,279.6409606933594,286.7083346607987,277.87409435408995,278.36321169794013,79915400,271.58248029436385,265.38829621814546
2026-05-04,276.33685302734375,280.13010214166496,274.3703610857382,279.16182884121525,46668400,272.0673304966518,266.38223629906065
2026-05-05,283.67376708984375,284.0630869835518,276.00745521106614,276.43668191704,49311700,273.9382803780692,267.5858045305525
2026-05-06,286.9978332519531,287.5168959460148,280.5693031693742,281.4177950537395,58336100,276.7760750906808,269.2024434407552
2026-05-07,286.9279479980469,291.60959552514373,285.2709015174152,288.75467457606095,45224300,279.1618172781808,270.55907040550596
2026-05-08,292.7974853515625,294.2349225642168,289.48339230776435,289.49338424193445,52692800,282.4630693708147,272.119620186942
2026-05-11,292.42779541015625,293.6267735875138,289.979924827367,291.72841688276577,42247300,285.5432346888951,273.6630394345238
2026-05-12,294.54595947265625,295.0155556946294,292.3078994315659,292.3078994315659,45748100,287.67252022879467,275.368166968936
2026-05-13,298.6124572753906,300.6607090744109,293.24708951115105,293.24708951115105,52684300,290.85474940708707,277.2845270066034
2026-05-14,297.9530334472656,300.1911240450107,295.12548538387824,299.5616620172475,35324900,292.8946446010045,278.8082246326265
2026-05-15,299.9713134765625,302.93875555297063,296.26448829773227,297.643304079477,54862800,294.7479989188058,280.57206072126115
2026-05-18,297.5833435058594,300.4009207908792,294.6558756451712,299.98126929450746,34483000,296.2701982770647,281.8975234258743
2026-05-19,298.7123718261719,300.2510533099592,296.09463441963413,296.7140952726279,42243600,297.1151820591518,283.14270455496654
2026-05-20,301.98956298828125,302.5390768782648,297.82314269813475,297.9230626302997,38229800,298.4811488560268,284.87097603934154
2026-05-21,304.7271728515625,305.27671719779084,300.1411318265125,300.80056674721834,42965100,299.93560791015625,286.3968694777716
2026-05-22,308.55389404296875,311.13165741506583,305.57645096183757,305.85620846339293,43670200,301.3558131626674,288.09263102213544
2026-05-26,308.0643005371094,311.5513139598484,307.4048960873393,309.29325163060713,48000500,302.80027988978793,289.8777349562872
2026-05-27,310.5821533203125,312.9900803339556,308.0343323058515,308.0643052358437,50430900,304.3161141531808,291.9467293875558
2026-05-28,312.24072265625,312.5304508120942,309.30325358892543,310.412282475935,48220400,306.4100254603795,293.9473470052083
2026-05-29,311.7911071777344,314.7285763294451,309.2632884033746,311.5113496628706,70026800,308.2784162248884,295.9522225516183
2026-06-01,306.0460510253906,310.67206624496237,304.7571540774977,309.363197507879,48849900,308.85791451590404,297.627432686942
2026-06-02,314.92840576171875,315.1781903378333,306.42572903356995,307.1950545511415,44534700,310.3152335030692,299.3077872140067
2026-06-03,309.9926452636719,316.6668815001487,308.5838566628498,313.9092501546009,50836700,310.52076939174106,300.9104439871652
2026-06-04,310.9618225097656,313.26982953176514,309.38316692864953,312.96009909963743,44869100,310.9347011021205,302.20987519763764
2026-06-05,307.0751647949219,314.8984348439246,306.8853260765596,312.5903972939029,65310500,310.43370274135043,303.16593860444567
2026-06-08,301.2801818847656,317.1265012321255,300.9105055796523,308.4739595974908,77949100,308.867911202567,303.84937831333707
2026-06-09,290.29962158203125,300.4908444635933,287.5320194610898,300.0212482417878,70108800,305.7976989746094,303.73043241954986
2026-06-10,291.3287353515625,294.4960172141002,287.1323727394638,290.4894628291428,52793300,303.69522530691967,303.67809622628346
2026-06-11,295.375244140625,296.7440586571729,289.3404406054596,293.4668864344149,42572500,300.90191650390625,303.7175859723772
2026-06-12,290.879150390625,296.88398158337014,289.3704417369658,295.7749221682621,38742100,298.1714172363281,303.34933326357884
2026-06-15,296.1645812988281,297.5233947188816,291.4486474146935,293.8665449684006,45732600,296.0575256347656,303.264168875558
2026-06-16,298.9821472167969,300.2210994929347,293.71669913987887,294.99559499590845,39874400,294.90138026646207,303.2170657203311
2026-06-17,295.6949768066406,301.8096980081642,294.10632015937927,300.59074812548096,42745100,294.1034938267299,303.1271434965588
2026-06-18,297.7532043457031,300.31099586682666,295.3652492546472,297.8530937792582,85962200,295.1682913643973,303.0814688546317
2026-06-22,296.75408935546875,302.1594314563154,296.5043047694293,297.05381866220307,44879900,295.94334193638394,302.83216058640255
2026-06-23,294.04638671875,301.3800886038737,293.9264950024863,297.2836155142734,52010900,295.75350516183033,302.3235517229353
2026-06-24,292.8274230957031,299.4417438827621,292.68755959702736,295.1054570720635,53081900,296.0318298339844,301.57467215401783
2026-06-25,274.91290283203125,288.55113481081804,273.5141152813601,287.1523472601469,107013700,292.9958757672991,299.9960341680618
2026-06-26,283.53546142578125,285.70360492137456,273.9737007161028,274.7630284991681,261775500,290.7892063685826,298.70809645879837
2026-06-29,281.4972229003906,288.12151489662153,279.6088673150861,286.4829438934296,66427000,288.7609558105469,297.24412027994794
2026-06-30,289.11065673828125,289.69017405322865,280.45814550695326,280.9277417485351,65100200,287.52630615234375,296.16409883045014
2026-07-01,294.1263427734375,296.33442991747245,288.95081360688545,293.1871503157195,50164200,287.15091378348217,295.59649367559524
2026-07-02,308.3640441894531,309.15337194761725,293.4269150966668,293.866538367699,75352800,289.19629342215404,295.2839050292969
2026-07-06,312.3905944824219,313.9292760509671,306.7354678654279,307.0951430290638,53590000,291.9910321916853,295.3980930873326
2026-07-07,310.3923034667969,315.20815732134815,309.88273318392555,315.0183186077797,42490000,297.0595179966518,295.37097313290553
2026-07-08,313.1199645996094,314.5487250421545,306.7854009831778,311.6412289475945,41323500,301.28587559291293,295.65882074265255
2026-07-09,315.947509765625,316.2572401947346,307.8944576262147,310.24243869469103,48124500,306.2073451450893,296.35726492745533
2026-07-10,315.0483093261719,316.6369356310425,311.9010296470402,314.4488202226986,34132300,309.91272408621654,297.53577386765255
2026-07-13,317.03656005859375,323.171283634363,315.5078797345754,316.7468014245228,43257800,313.1856122698103,298.7599559965588
2026-07-14,314.58868408203125,315.91755515351207,311.64124426456783,313.48965629761443,36336800,314.07484654017856,299.67488170805433
2026-07-15,327.2178039550781,328.44675508114506,317.0465830462295,317.34631234952286,60957600,316.1930193219866,301.40529378255206
2026-07-16,332.97283935546875,334.3915986652446,326.50841333986017,327.72736328456057,62970600,319.41881016322543,303.15806797572543
2026-07-17,333.452392578125,334.7013154010385,328.71648699084636,331.693929977533,63407100,322.3234427315848,304.7995082310268
2026-07-20,326.3085632324219,333.4224228207836,323.4010672140761,333.2226134619852,53468000,323.80359322684154,306.2572980608259
2026-07-21,327.45758056640625,329.3159936819017,321.94234806189104,322.85156758462244,41338900,325.5763462611607,307.67179216657365
2026-07-22,325.60919189453125,328.7164973399543,323.0613709608057,327.58746619388995,38755900,326.80100795200894,309.0458446684338
2026-07-23,321.3828430175781,323.0214140443725,319.0748358849152,321.4527900194849,40840800,327.77160208565846,310.3475806826637
2026-07-24,332.7330322265625,334.0818750563203,321.3428614810286,321.5127284115298,47489400,328.5594918387277,312.24784778413317
2026-07-27,336.61968994140625,339.277401491225,333.73216560461384,334.2517370375488,49604300,329.0804704938616,315.18626621791293
2026-07-28,339.78692626953125,342.59453283396704,335.31080637618777,339.73698155301014,51859000,329.9854038783482,317.86490740094865
2026-07-29,337.8985900878906,344.2730974331505,337.0593175600121,339.43727163464206,56090800,331.641122000558,320.5506867908296
2026-07-30,333.1426696777344,334.4615395264105,329.30598233808786,332.8129674612056,74817800,332.4532775878906,322.64744931175596
2026-07-31,308.6438293457031,310.4222943774597,299.7415030462749,304.54735603914753,132489100,330.0296543666295,323.33875819614957
2026-08-03,303.1585693359375,311.5313230344714,302.29929450581176,309.313234694189,75052000,327.42618669782365,323.09087844122024
2026-08-04,309.1134033203125,310.1525156602479,301.0603512911937,302.46913991298527,68001000,324.0519539969308,322.93482171921505
2026-08-05,310.7320251464844,311.4414048335362,305.40663118634393,309.09342362565195,49438800,320.3537161690848,322.9509989420573
2026-08-06,312.14080810546875,316.0174696892129,308.96355554648414,314.06913775686996,46139900,316.4042707170759,322.9043724423363
2026-08-07,313.05999755859375,314.53873325457766,310.47223295908327,311.1816431226555,34437200,312.8559003557478,322.7668718610491
2026-08-10,308.260009765625,308.260009765625,304.6099853515625,306.8299865722656,44812500,309.30123465401783,322.4436195010231
2026-08-11,304.9100036621094,309.9700012207031,302.7900085449219,307.75,37476700,308.767830984933,321.8661644345238
2026-08-12,302.25,305.6600036621094,300.57000732421875,305.1000061035156,41657800,308.6380353655134,321.2786080496652
2026-08-13,305.260009765625,306.0,302.04998779296875,304.2099914550781,40349300,308.0875505719866,320.23299880254837
2026-08-14,305.92999267578125,307.489990234375,304.29998779296875,306.0,28229400,307.4015459333147,318.9452441987537
2026-08-17,305.5899963378906,307.6600036621094,302.94000244140625,306.2099914550781,38169300,306.46571568080356,317.61846342540923
2026-08-18,310.0299987792969,311.489990234375,305.739990234375,307.5799865722656,53424500,306.0328587123326,316.84329368954616
2026-08-19,316.8299865722656,319.2799987792969,309.6000061035156,310.1400146484375,50505600,307.25714111328125,316.3372177850632
2026-08-20,311.29998779296875,320.2799987792969,310.6499938964844,317.4599914550781,40959200,308.1699959891183,315.6558271135603
2026-08-21,309.3500061035156,312.3800048828125,307.010009765625,312.04998779296875,46768100,309.1842825753348,315.0828348795573
2026-08-24,312.7049865722656,312.94000244140625,309.9700012207031,311.4700012207031,4392973,310.2478506905692,314.12911841982884
