Date,Close,High,Low,Open,Volume
2021-09-29,20.427024841308594,20.92483213876471,20.3772429721725,20.848170149177676,218394000
2021-09-30,20.625154495239254,20.973620032961403,20.59727740414024,20.676926507135207,221009000
2021-10-01,20.65104103088379,20.767526631043445,20.11440324016766,20.659005371326064,240978000
2021-10-04,19.64546775817871,20.451915057453423,19.469243927312625,20.4140815960762,345635000
2021-10-05,20.361318588256836,20.557455206159453,19.76693642818016,19.862516117895748,279282000
2021-10-06,20.609228134155273,20.629138987907215,19.99194609221421,20.03177159768733,297202000
2021-10-07,20.98258399963379,21.22850061256001,20.88003503067463,20.999507750816413,256919000
2021-10-08,20.739646911621097,21.11300238305468,20.683892737623648,21.008463306809464,151258000
2021-10-11,20.604249954223633,20.970636266074724,20.42105679829809,20.484777230220068,163388000
2021-10-12,20.58035469055176,20.964661714773214,20.437982112283912,20.73666581635653,162134000
2021-10-13,20.847179412841797,20.897956364840443,20.62217061425667,20.82627159125142,180652000
2021-10-14,21.650638580322266,21.6595979888479,21.029374431188767,21.194646843821843,243589000
2021-10-15,21.76612663269043,21.834824285475865,21.56700484536949,21.71435462616983,226994000
2021-10-18,22.124557495117188,22.193255175806616,21.54909098531945,21.653632007534,189494000
2021-10-19,22.19225311279297,22.280861623084096,21.940362329321403,22.178312668438,161473000
2021-10-20,22.00606918334961,22.33462191107961,21.885599533351265,22.20718298956857,146276000
2021-10-21,22.592483520507812,22.611401198544577,21.98615503847255,22.00009358061166,187590000
2021-10-22,22.626340866088867,23.02856856064082,22.46206541817937,22.72291561933294,249384000
2021-10-25,23.06441307067871,23.25258344955109,22.67014969676888,22.872258622224397,230235000
2021-10-26,24.608604431152344,25.14822924579052,23.81908280486491,23.88379828375237,485898000
2021-10-27,24.343780517578125,24.97997838797195,24.175520973950142,24.366680374658536,245990000
2021-10-28,24.831628799438477,24.84059010745586,24.415462540776534,24.768905340270393,234204000
2021-10-29,25.45488166809082,25.596259159623884,24.89036866878223,24.891363736621464,292503000
2021-11-01,25.7137393951416,25.78044501501722,25.116370221539132,25.53652048764444,265740000
2021-11-02,26.285221099853516,26.56100677962379,25.6868568702382,25.708761653173653,294112000
2021-11-03,26.48135757446289,26.666542716501237,26.119950495850016,26.553042329347175,239910000
2021-11-04,29.670316696166992,31.22745739408231,26.999081675284867,27.109594976799624,1153631000
2021-11-05,29.62152862548828,31.262300425460428,29.28102744943848,30.05462047753978,851260000
2021-11-08,30.668914794921875,30.963616262925747,29.775847185212836,30.016786509890455,503101000
2021-11-09,30.52256202697754,32.16831504259849,29.83260209058048,32.140437950177784,646746000
2021-11-10,29.32981300354004,30.714713791904344,28.65179963773985,29.22726595064239,636206000
2021-11-11,30.256731033325195,30.455854738894605,29.646420236957336,30.334390000111338,332172000
2021-11-12,30.256731033325195,30.5454602165024,29.500063610739595,29.878398271524592,413054000
2021-11-15,29.893333435058594,30.50961846828987,29.11874525657836,30.4180228502872,384909000
2021-11-16,30.0705509185791,30.25673114722093,29.575730654228828,29.62849963276353,264484000
2021-11-17,29.13268661499023,30.37521507607435,28.67370771584327,30.284612618215128,428508000
2021-11-18,31.536096572875977,32.616337669436994,31.183648858814088,32.225063319518526,781711000
2021-11-19,32.840354919433594,32.94290388231008,31.76509100701343,32.101608157533384,533867000
2021-11-22,31.81586647033691,34.495065927789035,31.76011228365292,33.37002012110695,754335000
2021-11-23,31.606781005859375,32.2180886820477,30.744577648273665,31.39670588718342,532163000
2021-11-24,32.53071594238281,32.71092196803006,30.79237231019949,31.323035910804577,435162000
2021-11-26,31.364849090576172,32.5665548230208,31.212520168167917,32.45703660205331,283069000
2021-11-29,33.229637145996094,33.265478577950766,31.895513237231377,32.22406792574834,454964000
2021-11-30,32.5327033996582,33.20673647061269,31.724265919380148,33.023541458568594,622066000
2021-12-01,31.300981521606445,33.14707928825368,31.24621570117578,33.077378025602634,484368000
2021-12-02,31.989038467407227,32.33953899053349,30.892732466486468,31.080927792073595,472890000
2021-12-03,30.562143325805664,31.992021860446783,30.001542011299605,31.86357023241154,544325000
2021-12-06,29.908939361572266,30.112068189261706,27.918461454083303,29.75260723446689,658938000
2021-12-07,32.288753509521484,32.310662878163335,30.52032598088665,30.825023080342124,593053000
2021-12-08,31.690309524536133,32.15233195161621,31.287035565153957,31.862572270378273,475551000
2021-12-09,30.360008239746097,32.06769853366914,30.298272298007166,31.598704034532,488507000
2021-12-10,30.06925392150879,31.171534691574287,29.733690792322538,31.017194834238797,488825000
2021-12-13,28.040935516357425,30.164842841094565,27.99612729686803,30.12003462160517,598344000
2021-12-14,28.21619033813477,28.555736152702433,27.13382466783278,27.580909846868153,667035000
2021-12-15,30.32914161682129,30.369967183258264,27.71931562363803,28.27891988260038,698297000
2021-12-16,28.265972137451172,31.02715026159255,27.973226872595863,31.019184946678816,707366000
2021-12-17,27.682470321655273,28.7986911983122,27.64164476154894,27.865685848167104,713758000
2021-12-20,27.600820541381836,28.024007803925517,27.029268369795737,27.18858606152159,461847000
2021-12-21,28.9510440826416,28.995852308207283,27.284179231128302,28.25303247287371,524385000
2021-12-22,29.274656295776367,29.428996155845503,28.327710555903725,28.767827479708327,395184000
2021-12-23,29.513633728027344,29.93084800774143,29.30552513261703,29.62814321498684,343022000
2021-12-27,30.81307029724121,30.95446509890773,29.51363366651382,29.53354885530447,403686000
2021-12-28,30.192726135253903,31.196428065606888,29.88404641723083,31.178505155996454,420591000
2021-12-29,29.87310028076172,30.417769211489286,29.240807161764927,30.14394196133283,343139000
2021-12-30,29.459863662719727,30.32715053513794,29.41406024985419,29.699835409860693,308864000
2021-12-31,29.28561019897461,29.901972573947273,29.205951342168785,29.547489426670328,266530000
2022-01-03,29.992584228515625,30.580069009930835,29.65801627009295,29.687889053615017,391547000
2022-01-04,29.165122985839844,30.338100081012925,28.22813495488004,30.14791442477698,527154000
2022-01-05,27.486318588256836,29.29059393480364,27.41562212664079,28.825583894199266,498064000
2022-01-06,28.0578670501709,28.316758809179447,26.949613182894534,27.52216062176416,454186000
2022-01-07,27.13083839416504,28.300830190157978,26.941647883892415,28.02102803259221,409939000
2022-01-10,27.28318214416504,27.35188821186905,25.534668178229204,26.467673635110437,594681000
2022-01-11,27.698410034179688,27.945353854802946,26.724580703778877,27.206516571020725,404089000
2022-01-12,27.8796329498291,28.473090803821655,27.490299148101247,27.94734193759673,383413000
2022-01-13,26.46170234680176,28.35857945767936,26.38502905946852,28.2580102227296,540171000
2022-01-14,26.827133178710938,27.08104705883841,26.098253685229988,26.18787012536713,395832000
2022-01-18,25.792566299438477,26.524433344257982,25.660133902473454,26.14804463261415,424270000
2022-01-19,24.960128784179688,26.42983583830402,24.94519334293258,25.96781525631739,488315000
2022-01-20,24.047039031982425,25.46994751510898,23.97534549383341,25.19612032401024,435181000
2022-01-21,23.27434730529785,24.71716901328173,23.163820484440176,23.40677969271977,718958000
2022-01-24,23.27235412597656,23.280319440924885,20.798945308150216,22.234796834896898,913982000
2022-01-25,22.228824615478516,22.84518699093113,21.906206530046255,22.449878275649777,664616000
2022-01-26,22.674917221069336,23.954438826073822,22.204929341327563,23.140922442388803,755959000
2022-01-27,21.850440979003903,23.892697037716033,21.582586870222386,23.467517526484492,573353000
2022-01-28,22.74262428283691,22.760547192328307,21.205206336859245,21.91815335328116,543774000
2022-01-31,24.381607055664062,24.404509712140047,22.953720720505,23.083165646073763,564680000
2022-02-01,24.532958984375,25.03779741322022,23.78814690915183,24.996971847725337,518925000
2022-02-02,25.134382247924805,25.70692961725198,24.448318695078196,25.68402886200893,543419000
2022-02-03,23.84589958190918,24.97008589250318,23.678616565700732,24.353725465820713,410178000
2022-02-04,24.21531867980957,24.529971431012495,23.531247360390378,23.869797957184883,354829000
2022-02-07,24.62257957458496,25.074642641567248,24.098821059296263,24.26809638676916,376868000
2022-02-08,25.000957489013672,25.122437111146983,23.877766205134343,24.25515013515638,410359000
2022-02-09,26.59114646911621,26.611061657409135,25.244911267514784,25.51276352295215,524282000
2022-02-10,25.71389961242676,26.81020536713915,25.49085560163504,25.88417198762704,513200000
2022-02-11,23.846893310546875,26.040501880764474,23.671644989793617,25.80550800141122,605472000
2022-02-14,24.16354179382324,24.768949487290513,23.653723589292724,23.831961302784133,440424000
2022-02-15,26.38204574584961,26.431831823132377,24.678339744131332,24.842635318538136,699869000
2022-02-16,26.397977828979492,26.46867618972759,25.443066608099492,26.14705325081861,732676000
2022-02-17,24.402517318725582,25.675068597680315,24.06197633665846,25.5207287378447,810595000
2022-02-18,23.54120445251465,24.87947428103264,23.00151540777712,24.562829258106373,761255000
2022-02-22,23.2902774810791,23.961403708378384,22.90194083125501,22.93679145884349,633422000
2022-02-23,22.291553497314453,24.052017284731814,22.20592161177353,23.700521640999543,566511000
2022-02-24,23.64674949645996,23.698527839821597,20.800934789045943,20.92540185101815,735801000
2022-02-25,24.05400848388672,24.11375214772827,23.281317813989904,23.61986840778675,528866000
2022-02-28,24.28103828430176,24.559845228253224,23.605929341272788,23.88971413278726,477319000
2022-03-01,23.376903533935547,24.273067843411287,23.033375148114196,24.187434069516588,412056000
2022-03-02,24.120851516723633,24.309078898961875,23.31914848717471,23.658752163102065,389642000
2022-03-03,23.616920471191406,24.22641458306048,23.37292261489187,24.16267550692926,365095000
2022-03-04,22.842103958129883,23.583057606711368,22.389962101255723,23.288269861512525,431415000
2022-03-07,21.264589309692383,22.93870935454276,21.242680010670902,22.723592102393823,450821000
2022-03-08,21.425931930541992,22.281414851467673,20.565468413477937,21.221771178308412,557467000
2022-03-09,22.91978454589844,23.12494059396146,22.15592431561285,22.295350571622645,492742000
2022-03-10,22.56524658203125,22.694713569217846,21.792422296882368,22.43876567263354,428066000
2022-03-11,22.009525299072266,23.05024725471571,21.955745518411543,22.92774970967302,367209000
2022-03-14,21.242679595947266,22.17086340274915,21.072380103418656,21.779472607816945,385354000
2022-03-15,22.878955841064453,22.943690284803075,21.23471540661193,21.429912197555932,491996000
2022-03-16,24.395721435546875,24.496307806427332,23.077142064193676,23.40379845485764,671422000
2022-03-17,24.66461753845215,24.740304734658185,23.808137465094195,24.021262124146144,471941000
2022-03-18,26.344709396362305,26.460235655741535,24.523198138240513,24.69748098703601,730719000
2022-03-21,26.624561309814453,27.04085136071084,25.860700893224617,26.398491268211867,591727000
2022-03-22,26.415422439575195,27.126500332939813,25.965273065436676,26.61759056442038,547007000
2022-03-23,25.52906036376953,26.503055368285953,25.470301882639813,26.019044893201844,502120000
2022-03-24,28.034759521484375,28.204063653708857,25.800941854899072,26.058882339128612,877379000
2022-03-25,27.578638076782227,28.241912070470075,27.159361974596653,27.77184415178732,579016000
2022-03-28,28.10347557067871,28.134348798162176,27.094622152271164,27.642371675676337,425494000
2022-03-29,28.53869247436523,28.827504327820737,27.86545918976913,28.577532381283703,488984000
2022-03-30,27.57664680480957,28.37934706350977,27.390412047597884,28.1881336104468,463487000
2022-03-31,27.17429542541504,28.13235706761943,27.15836208139868,27.668265181187795,523440000
2022-04-01,26.602649688720703,27.383440643848896,26.15947167732759,27.26293568960486,517235000
2022-04-04,27.24799537658691,27.44518476682431,26.50405367248858,26.618582662321668,397120000
2022-04-05,25.824846267700195,27.207164711525586,25.714300606563835,27.142430269538742,436615000
2022-04-06,24.307083129882812,25.19642705051053,23.904737678545857,24.83192614257521,703833000
2022-04-07,24.108896255493164,24.62079195567915,23.38188522206564,24.340942190832628,557992000
2022-04-08,23.02435302734375,23.82506239727849,22.967587168821588,23.81908644389505,524781000
2022-04-11,21.82727813720703,22.228628253478472,21.571330249174363,22.123063188914134,575207000
2022-04-12,21.415969848632812,22.631972169880864,21.194878517496804,22.44474204972869,662258000
2022-04-13,22.112106323242188,22.40789137072251,21.367169228856223,21.639052358381548,516943000
2022-04-14,21.170974731445312,22.683757345759695,21.07636432042871,22.41286958131203,569097000
2022-04-18,21.693828582763672,21.997578418558497,20.99271005360588,21.113215008567124,525701000
2022-04-19,22.10712432861328,22.281407142339205,21.22674253068013,21.631080558064472,512781000
2022-04-20,21.394058227539062,22.57719456880331,21.11321307776146,22.42482103543778,468974000
2022-04-21,20.10037422180176,22.300330524281193,19.918122835592182,21.620126067181815,656209000
2022-04-22,19.435108184814453,20.402133738806455,19.42017020020564,20.21988234850984,624713000
2022-04-25,19.820526123046875,19.863349361314793,19.017825948530263,19.12339100546342,641566000
2022-04-26,18.711090087890625,19.706996516542763,18.593573098917023,19.637283370463635,653143000
2022-04-27,18.339614868164062,19.08853528883741,18.21512658445252,18.52186437824128,499460000
2022-04-28,19.701019287109375,19.95497647373352,18.41430844686625,18.8893550683818,570327000
2022-04-29,18.471071243286133,20.04559815796076,18.441193376572677,19.322570499448265,500435000
2022-05-02,19.45303726196289,19.493867882415657,18.315712153889976,18.46509770793821,572049000
2022-05-03,19.521759033203125,19.743847662826795,19.05467900868322,19.320586249014987,475751000
2022-05-04,20.250757217407227,20.316487014368857,18.67423744950525,19.84144044981811,648855000
2022-05-05,18.766855239868164,19.843429158431288,18.424263663115507,19.785667939358376,626331000
2022-05-06,18.598552703857425,19.43212631898755,17.91635729877483,18.65930381957469,633297000
2022-05-09,16.880615234375,18.180271567332927,16.758117645822335,17.960177470867976,644455000
2022-05-10,17.522968292236328,18.1235003480761,16.955302082018957,17.6165833349949,761474000
2022-05-11,16.561920166015625,17.680323983243905,16.50017560428246,17.275985907406866,670167000
2022-05-12,16.10878562927246,16.719277132650767,15.503275671521449,16.15260613492584,708728000
2022-05-13,17.633516311645508,17.854607631651785,16.525073633919344,16.71927505834853,670437000
2022-05-16,17.193323135375977,17.71517810760899,17.03597092632894,17.437320969728997,521446000
2022-05-17,18.10259056091309,18.295796644400493,17.561814118646062,18.00001156413309,585830000
2022-05-18,16.8686580657959,18.04382762467623,16.794961603480765,17.632518279068112,545161000
2022-05-19,17.05390167236328,17.614596699783718,16.665496886231242,16.86766690277533,621310000
2022-05-20,16.625656127929688,17.338724476895592,15.690500201719123,17.261044685045487,739105000
2022-05-23,16.828824996948242,16.845755601223512,16.112768519957527,16.207378932516523,639889000
2022-05-24,16.08786392211914,16.52905104473488,15.715395502428173,16.442407334135243,588550000
2022-05-25,16.9055118560791,17.040954810049584,15.934502716862164,15.954421301148022,781132000
2022-05-26,17.777921676635742,18.017934299435986,15.95640873833212,15.970351364556697,996575000
2022-05-27,18.733997344970703,18.803710493636046,18.025907407236858,18.111555803971783,738379000
2022-05-31,18.595563888549805,19.121402309598217,18.27488154857996,18.902301701134324,664100000
2022-06-01,18.24500274658203,18.97500185230617,18.047813348721185,18.6473501146243,544514000
2022-06-02,19.511791229248047,19.5386811192524,18.123499032376543,18.217114068339008,648656000
2022-06-03,18.64336585998535,19.252861948714585,18.446176451745465,19.003885365597327,598779000
2022-06-06,18.709096908569336,19.257841926957315,18.48800556646816,19.060652505586596,422406000
2022-06-07,18.848522186279297,18.92221865575563,18.113542511249516,18.396380279945216,388914000
2022-06-08,18.57558822631836,19.105521994199417,18.463026152906487,18.726000947489727,363252000
2022-06-09,17.977916717529297,18.859480331996103,17.970943930182248,18.40923586335072,395574000
2022-06-10,16.90808868408203,17.628280755740548,16.803494968741788,17.531657297722646,465248000
2022-06-13,15.586240768432615,16.248658440141707,15.54539961251888,15.9378697072585,604153000
2022-06-14,15.774506568908691,16.0036129839423,15.35215229559049,15.669913807719103,469680000
2022-06-15,16.46282196044922,16.80249737716836,15.86415501064633,16.03249841468416,563936000
2022-06-16,15.540417671203612,15.880094046952882,15.341194505792409,15.79841174165895,545749000
2022-06-17,15.818334579467772,15.932887781168011,15.26847807134145,15.58723513693202,630334000
2022-06-21,16.501670837402344,16.94195389912008,16.343287871553795,16.411024604098987,483089000
2022-06-22,16.29646873474121,16.59729600370665,16.117167436690835,16.162988330653885,437135000
2022-06-23,16.16199493408203,16.5205956784527,15.79143880496092,16.454851986991518,463680000
2022-06-24,17.059497833251953,17.07344340934076,16.24666644132576,16.435929188204064,472153000
2022-06-27,16.80349349975586,17.2627037776178,16.561437091028537,17.24477402510874,427968000
2022-06-28,15.919939041137695,17.135200852696613,15.883082065971651,16.834373533612357,461149000
2022-06-29,15.481648445129396,15.758568817578366,15.111093222281092,15.752592549454857,482352000
2022-06-30,15.100135803222656,15.506551472546048,14.804289165625038,15.301351073584014,686070000
2022-07-01,14.466604232788086,15.004507273555731,14.336113363533372,14.84114455708728,577610000
2022-07-05,14.905893325805664,14.912866113839907,14.000423601176369,14.119957517465304,651397000
2022-07-06,15.071245193481444,15.259511371588436,14.731568857330023,14.951711308169411,529066000
2022-07-07,15.796419143676758,15.883081194089858,15.329240527095354,15.395980736594536,492903000
2022-07-08,15.776498794555664,15.974726402731946,15.329241976596508,15.37008313178978,467972000
2022-07-11,15.09316062927246,15.466704390913304,14.97960300654342,15.465707871427927,437321000
2022-07-12,15.023435592651367,15.371080384780624,14.819231694264086,15.208713215824096,458483000
2022-07-13,15.105114936828612,15.315296025509973,14.408829876158077,14.533344477991491,521918000
2022-07-14,15.312307357788086,15.412914988487683,14.67080807841094,15.049332580525368,456235000
2022-07-15,15.700793266296388,15.720715108541247,15.385023849466007,15.598193546303452,385935000
2022-07-18,16.038476943969727,16.83138547101321,15.939862350377403,16.23869663998441,670517000
2022-07-19,16.9260196685791,17.043561498221212,16.109204079525067,16.421983978769592,702366000
2022-07-20,17.737855911254883,17.863368015089698,16.735763519951277,16.881196521270358,760538000
2022-07-21,17.97990608215332,18.07354091727774,17.476867973237123,17.815547810901403,557049000
2022-07-22,17.251747131347656,17.897229633267205,17.07045276387724,17.823517582725398,536671000
2022-07-25,16.957897186279297,17.057509273381786,16.584353284601864,16.95291553695578,480748000
2022-07-26,16.468799591064453,16.853300347202065,16.414012864423395,16.823416159959134,397865000
2022-07-27,17.72092056274414,17.86635353894504,16.84732523587989,16.965862630194085,569776000
2022-07-28,17.91415786743164,18.069552173683856,17.372271784036474,17.90519394395907,474646000
2022-07-29,18.092470169067383,18.173155009470385,17.623298471299282,17.743828897049305,435460000
2022-08-01,18.3693904876709,18.77281848869698,17.920141583548578,18.111395452950937,476469000
2022-08-02,18.454057693481445,18.864458441615547,18.021743015572017,18.051627201581734,489527000
2022-08-03,18.81963539123535,18.89434491533446,18.066570532098716,18.113388905855142,418146000
2022-08-04,19.140382766723633,19.199153667911663,18.68714973891171,18.775804825428892,409652000
2022-08-05,18.915266036987305,19.154333889054843,18.593520291504326,18.736960242767893,386068000
2022-08-08,17.72390365600586,18.168172751532033,17.175044663246958,17.434035232399516,981859000
2022-08-09,17.019655227661133,17.379253519646323,16.659061365875445,17.185011011777068,668263000
2022-08-10,18.026723861694336,18.04764222098849,17.24975215946494,17.629273135163704,597422000
2022-08-11,17.87232780456543,18.63435848013521,17.806584108237903,18.06059496674186,509327000
2022-08-12,18.63634490966797,18.64531073415037,17.883280251161185,18.089477114781875,478094000
2022-08-15,18.958093643188477,19.08958102425809,18.54072200021173,18.628379620944163,457666000
2022-08-16,18.805686950683594,19.067666130006987,18.42915457848667,18.846528100303107,451240000
2022-08-17,18.26380157470703,18.615431461944837,18.074540740730857,18.45107316928741,446799000
2022-08-18,18.70009994506836,18.79174174116326,18.112390926823224,18.229932730472253,415447000
2022-08-19,17.779685974121094,18.44807973603004,17.700992292183763,18.334522125375216,441588000
2022-08-22,16.96785545349121,17.4898208696324,16.90011871477872,17.422084130919913,409593000
2022-08-23,17.11428451538086,17.397182115122416,16.904103405013966,16.92303062961487,369986000
2022-08-24,17.15512466430664,17.338410181530257,16.829394785860185,16.945939135983163,522661000
2022-08-25,17.84343719482422,17.877305555233242,16.767631316738164,16.77858828041363,770691000
2022-08-26,16.196853637695312,17.85439096282188,16.173942245062563,17.78765172333182,769127000
2022-08-29,15.739643096923828,16.27455758661338,15.705775676424397,15.957793515595643,496132000
2022-08-30,15.407934188842772,15.97671599783805,15.12304454959439,15.898023253937998,530181000
2022-08-31,15.035387992858888,15.479656218449705,14.900911986576215,15.324261848963651,573710000
2022-09-01,13.88288116455078,14.324160780710455,13.21847139112477,14.153824316249922,1178865000
2022-09-02,13.594006538391112,14.115970968690648,13.538223289757257,14.045247525726571,743157000
2022-09-06,13.412713050842283,13.72549385959556,13.299155414870102,13.67767991813969,535751000
2022-09-07,13.664804458618164,13.788360189278626,13.298124529340985,13.514346107743526,512657000
2022-09-08,13.939814567565918,13.957750598170398,13.321042892410093,13.410719244419385,624873000
2022-09-09,14.335392951965332,14.42208077071564,14.075329495714405,14.106217483223215,486612000
2022-09-12,14.452966690063477,14.494815842064591,14.14706782384788,14.31745487874942,484159000
2022-09-13,13.08389663696289,13.872059562410795,13.052011836426038,13.752490135017588,714956000
2022-09-14,13.08090591430664,13.242324471898772,12.866677036184084,13.206453364571685,588507000
2022-09-15,12.882620811462402,13.185530199582288,12.744119495023591,12.968312751976557,523625000
2022-09-16,13.15065574645996,13.16460546448062,12.571739597842733,12.6962911946005,670751000
2022-09-19,13.333995819091797,13.414705581325622,12.96333052263512,12.965323203760738,569685000
2022-09-20,13.128734588623049,13.434633475375264,13.010161983326146,13.167595196842449,524818000
2022-09-21,13.213431358337402,13.980669759694642,13.06297298523187,13.16560415413887,807679000
2022-09-22,12.51594066619873,13.101831671038129,12.383418345633109,13.0231145909362,759162000
2022-09-23,12.471101760864258,12.565761238087395,12.21303103372741,12.37544641823802,663309000
2022-09-26,12.184133529663086,12.613588087290958,12.17018381342835,12.446190542220997,547343000
2022-09-27,12.368474006652832,12.690315342638389,12.214030266074731,12.462136686751895,553854000
2022-09-28,12.690313339233398,12.77700114543241,12.309683684312091,12.365482557221195,542414000
2022-09-29,12.176166534423828,12.4551618947963,11.903149218445288,12.403348375701784,532763000
2022-09-30,12.09545612335205,12.587684528904116,12.03168556856468,12.043642606978148,565638000
2022-10-03,12.467118263244627,12.632523169207891,12.061577674019702,12.30271017308679,547478000
2022-10-04,13.11976718902588,13.172577516081788,12.832800195456576,12.832800195456576,584182000
2022-10-05,13.161616325378418,13.273215022829856,12.57572625208159,12.864685926402442,507131000
2022-10-06,13.082901000976562,13.60701418955063,13.055997427970787,13.172578310658013,644157000
2022-10-07,12.032679557800291,12.624548544092065,11.978873372705872,12.460140492344353,672478000
2022-10-10,11.628138542175291,12.080509516858074,11.36707828047822,11.993821701559334,698699000
2022-10-11,11.544437408447266,11.803503975358764,11.242523926856697,11.519526522035385,667482000
2022-10-12,11.458746910095217,11.692903570079896,11.304303196073544,11.537463990629318,492590000
2022-10-13,11.917097091674805,12.034673832144149,10.774211301684586,10.931644516028966,850103000
2022-10-14,11.186726570129396,12.067555297007958,11.163809311742796,12.013749105457425,713432000
2022-10-17,11.845354080200195,11.90513926216049,11.475685618444231,11.476681483829186,580774000
2022-10-18,11.924074172973633,12.447190608851194,11.576326064776566,12.299721723057132,659362000
2022-10-19,12.007769584655762,12.305697731615243,11.791548012253855,11.836386661619713,523131000
2022-10-20,12.150259017944336,12.723196239361652,12.061577571391496,12.0695492470069,652398000
2022-10-21,12.421283721923828,12.45316947679304,11.844361089679124,12.05460371757537,609494000
2022-10-24,12.553804397583008,12.664406275262714,12.02072372059677,12.46313123131559,517457000
2022-10-25,13.213431358337402,13.252291971392951,12.6185727259184,12.648465797577565,505482000
2022-10-26,12.849739074707031,13.339973788252896,12.662413746395243,12.822836454280946,532953000
2022-10-27,13.128734588623049,13.788360510627266,13.07492839668743,13.5811064674659,583113000
2022-10-28,13.78437328338623,13.800316631997058,13.014146482029869,13.056992449696669,521040000
2022-10-31,13.448582649230955,13.78835995245815,13.24930028897117,13.728574769253589,486341000
2022-11-01,13.494418144226074,13.875047785742884,13.47050407089198,13.761456412532556,432817000
2022-11-02,13.17158031463623,14.159025547914592,13.16360959020308,13.800317291584546,672628000
2022-11-03,13.372857093811035,13.73156634689156,12.90952589233768,12.996213708431236,500065000
2022-11-04,14.105219841003418,14.177957930344933,13.647865776966071,13.93582958769378,612576000
2022-11-07,14.249700546264648,14.360302439141222,13.903946098084312,14.176962450071352,410061000
2022-11-08,14.549619674682615,14.837582527688992,14.165003709961418,14.747905225291545,595292000
2022-11-09,13.72658348083496,14.160023489846736,13.709644264687311,14.111198522670565,454414000
2022-11-10,15.693501472473145,15.7164187310241,14.49481681539553,14.746909510215898,700819000
2022-11-11,16.268430709838867,16.330208574296904,15.426462616385566,15.750296571579392,655487000
2022-11-14,16.236547470092773,16.480669454615672,15.86488533252821,16.15982401511625,527852000
2022-11-15,16.606218338012695,16.93702626168871,16.323236669194443,16.662017219102463,545876000
2022-11-16,15.85292911529541,16.303307412411236,15.816062134408572,16.104025972359103,649547000
2022-11-17,15.62076473236084,16.207652616827055,15.479273906047151,15.6586285281492,710894000
2022-11-18,15.35372543334961,15.944598642065296,15.065761621009438,15.90872657967121,492072000
2022-11-21,15.26205825805664,15.421484185487031,15.025907914116598,15.09266797259848,404739000
2022-11-22,15.98046875,16.000397462317586,15.067754251325974,15.273015617031902,472866000
2022-11-23,16.459741592407227,16.467714217291594,15.990432410924427,16.040252289045704,427241000
2022-11-25,16.21164321899414,16.427863940727452,16.11399515111458,16.259471387080108,167934000
2022-11-28,15.770223617553713,16.29832303773038,15.668590235782949,15.968509153770947,303741000
2022-11-29,15.582901000976562,15.874850195864996,15.464328384954916,15.770226349121932,298384000
2022-11-30,16.86660385131836,16.87358049316019,15.545022579304094,15.644688755545094,565298000
2022-12-01,17.077903747558594,17.20746973093648,16.579569825193857,16.942357240042217,470977000
2022-12-02,16.819766998291016,16.87657817899184,16.39020337504846,16.603491006042972,371389000
2022-12-05,16.55465316772461,16.9383705081479,16.41711252133541,16.62342349091921,352255000
2022-12-06,15.933727264404297,16.51777403742583,15.766286867339783,16.474918055552177,352694000
2022-12-07,16.066286087036133,16.132066147916248,15.6147945458631,15.719445161170468,372388000
2022-12-08,17.111787796020508,17.121754700808335,15.905818930591323,16.218773657752436,515456000
2022-12-09,16.944347381591797,17.524408725344184,16.91843494852363,17.102817944678048,465338000
2022-12-12,17.476566314697266,17.4795565760495,16.741026655795824,16.980226653056036,457328000
2022-12-13,18.011781692504883,18.727389611689624,17.651984541709513,18.469251865722775,656589000
2022-12-14,17.6151065826416,18.19118159319031,17.361953248979066,17.927063332040404,496888000
2022-12-15,16.895509719848633,17.262283446585172,16.64435056625301,17.088863487866476,478542000
2022-12-16,16.51578140258789,16.984216489206464,16.355318584988897,16.807806241482627,478232000
2022-12-19,16.199832916259766,16.553649415100338,16.09119690622741,16.516773965424804,354039000
2022-12-20,16.031400680541992,16.255651316160492,15.799178230906907,16.010470747950464,403260000
2022-12-21,16.446012496948242,16.571593975514052,16.04834193364069,16.060302979691098,325025000
2022-12-22,15.287884712219238,16.084222895893255,14.832407820265535,16.040368896112454,565045000
2022-12-23,15.155328750610352,15.28788497136332,14.833405142358366,15.145361845900648,349326000
2022-12-27,14.073944091796877,15.049681806653776,14.00916016265008,15.023768425094325,464902000
2022-12-28,13.989230155944824,14.214476922152242,13.837736217329413,13.88059315527946,351066000
2022-12-29,14.554338455200195,14.634071797044276,14.179591938632296,14.354008980352376,354923000
2022-12-30,14.565301895141602,14.580251302126824,14.185570989377842,14.28623425846336,310490000
2023-01-03,14.267298698425291,14.946030156445817,14.049028593833636,14.801512873667992,401277000
2023-01-04,14.699851036071776,14.803504564817873,14.193544438500394,14.518458311262467,431324000
2023-01-05,14.217464447021484,14.51546786308668,14.1008537534333,14.442711169863427,389168000
2023-01-06,14.80948543548584,14.959982279736408,13.987234779976571,14.42576814608272,405044000
2023-01-09,15.57592487335205,16.00249819636459,15.09054718354253,15.233071281819589,504231000
2023-01-10,15.855987548828123,15.908810437445068,15.42044347056914,15.455326689560788,384101000
2023-01-11,15.94767951965332,15.97458997371224,15.511139335336974,15.787216717511935,353285000
2023-01-12,16.455978393554688,16.581557963434708,15.440374057820266,16.046348710283624,551409000
2023-01-13,16.84268569946289,16.865609768709138,16.111132436686006,16.223754839739726,447287000
2023-01-17,17.64301109313965,17.668925426357585,16.842687440869174,16.842687440869174,511102000
2023-01-18,17.319095611572266,17.81344118394388,17.224410962438323,17.60812825910423,439624000
2023-01-19,16.709135055541992,17.139696655240964,16.67524985593479,16.97923193804357,452932000
2023-01-20,17.779552459716797,17.79649600513695,16.768931662608438,16.954310740218375,564967000
2023-01-23,19.12904357910156,19.180870344101777,17.75862551866824,18.00380415598392,655163000
2023-01-24,19.2008056640625,19.430040716014098,18.75728877168834,18.764265416274096,496204000
2023-01-25,19.258607864379883,19.30545212333689,18.51808381196262,18.84997430310725,449537000
2023-01-26,19.73601531982422,20.09880270917431,19.213761238604867,19.63535204186898,489535000
2023-01-27,20.297138214111328,20.559262315315294,19.34033810009434,19.39714737022937,542142000
2023-01-30,19.09814453125,20.07288414739655,19.08618348633209,19.883518678793106,488611000
2023-01-31,19.47189712524414,19.621396897100432,18.88685330332513,19.106119508648177,498017000
2023-02-01,20.873210906982425,21.121379792645136,19.545648897588663,19.62538223172389,660477000
2023-02-02,21.63665771484375,21.875857723454107,20.631021178314572,20.930020713829347,564276000
2023-02-03,21.029691696166992,21.672542905902933,20.719727178290317,20.930024532480385,429366000
2023-02-06,21.018722534179688,21.498118619101376,20.71673086922874,20.736664676346177,452197000
2023-02-07,22.099117279052734,22.18483115792308,21.07952532113672,21.310752619510932,664150000
2023-02-08,22.131011962890625,22.801769834155383,21.93466787302258,22.312404740691942,559651000
2023-02-09,22.2625675201416,22.94329215898565,22.046291560362647,22.530672149758068,523876000
2023-02-10,21.19413948059082,22.00443010232316,20.74165374341449,21.6177244226343,550737000
2023-02-13,21.715396881103516,21.974530722285284,20.89214911284721,21.466229945466377,474919000
2023-02-14,22.894454956054688,22.972194156462287,21.294801814356916,21.506095265379177,675474000
2023-02-15,22.688146591186523,22.77884296898915,22.032340112236056,22.47386285405244,420575000
2023-02-16,21.928682327270508,22.474854630211915,21.853931493512217,22.059244404818788,412026000
2023-02-17,21.316730499267575,21.66755683538447,20.905106608670906,21.5589207949287,465888000
2023-02-21,20.5861759185791,21.422379075491403,20.549298552767883,20.93002565570821,410015000
2023-02-22,20.684843063354492,21.03367717070481,20.3529525061691,20.6380006960692,513184000
2023-02-23,23.58514404296875,23.80839853574855,22.94827344265805,23.361891451181727,1117995000
2023-02-24,23.208404541015625,23.395779705379205,22.87053537498813,23.14760888799269,589716000
2023-02-27,23.422685623168945,23.800422369181604,23.375843263094975,23.59112307758857,452994000
2023-02-28,23.13863754272461,23.745609343959064,23.1286706373406,23.294117844928124,455963000
2023-03-01,22.622360229492188,23.17850129062261,22.432992860829053,23.114713487023835,460026000
2023-03-02,23.236309051513672,23.30208910200021,22.35724820401247,22.41306325075221,389415000
2023-03-03,23.810392379760746,23.82035928556431,23.052924647625705,23.24229205590769,412393000
2023-03-06,23.47551155090332,24.16719726800564,23.408733477576387,23.811388454961868,437429000
2023-03-07,23.214340209960938,24.04869267419401,23.167487988654617,23.525353628386604,515154000
2023-03-08,24.104516983032227,24.12345789128584,23.349911350313405,23.412711812029624,513573000
2023-03-09,23.36187171936035,24.376651390603612,23.309037961330453,24.09853264786072,501257000
2023-03-10,22.89236068725586,23.55226740158579,22.65411633700963,23.334956536006658,474866000
2023-03-13,22.89335823059082,23.224308845911295,22.22647555282617,22.680036313439015,421890000
2023-03-14,23.986888885498047,24.14239559716936,23.385795524923413,23.421682859195705,474910000
2023-03-15,24.151371002197266,24.209186218115047,23.28611632940407,23.68584709694348,524486000
2023-03-16,25.460214614868164,25.507064935559395,23.818422785484607,23.95100343205416,583253000
2023-03-17,25.643632888793945,26.31550083175522,25.586812067911023,25.89981997420156,848547000
2023-03-20,25.81808280944824,25.941691168437465,25.05051771776259,25.53398436274782,432747000
2023-03-21,26.11612892150879,26.308519231000275,25.30071746105217,26.09718991814036,547408000
2023-03-22,26.384281158447266,27.50173568343947,26.1540109224766,26.341415997809847,797295000
2023-03-23,27.104991912841797,27.412018238340902,26.6055771775714,27.02923209610895,564889000
2023-03-24,26.694297790527344,27.08107103959281,26.27163910855887,26.945501524795564,454920000
2023-03-27,26.447086334228516,26.914602816630044,26.281611003710644,26.752118256115217,361026000
2023-03-28,26.326465606689453,26.42914045882786,25.768237406573,26.363349230566957,356104000
2023-03-29,26.89864730834961,26.99234984404029,26.51287227864152,26.74015174035028,393694000
2023-03-30,27.29638671875,27.412020935167096,27.01627538766958,27.14287449155548,364516000
2023-03-31,27.689138412475582,27.74595732362848,27.01926314761113,27.05415228626913,433933000
2023-04-03,27.876550674438477,27.91143982211084,27.249540404577512,27.4219935638243,398716000
2023-04-04,27.366165161132812,27.911435879998983,27.220627051021687,27.87754302667104,368592000
2023-04-05,26.795978546142575,26.912607163282487,26.31151565571502,26.74414297141955,515015000
2023-04-06,26.95148277282715,26.994346033960124,26.34341159102696,26.49991459021249,397654000
2023-04-10,27.491771697998047,27.53363867495943,26.584650061202737,26.738162310061163,395279000
2023-04-11,27.08306312561035,27.702099147015957,27.040197966487828,27.63630792496598,314378000
2023-04-12,26.41119384765625,27.381115701428637,26.364341632306775,27.28342611354388,446259000
2023-04-13,26.379297256469727,26.801955937603218,26.245722222126854,26.64943999609315,353615000
2023-04-14,26.67336082458496,26.797965435367647,26.137062473302613,26.420164544474495,395660000
2023-04-17,26.916593551635746,26.920580610646343,26.349393053761112,26.48097550768948,321471000
2023-04-18,27.57948875427246,28.0210883307405,27.270469820475103,27.445913723508724,604812000
2023-04-19,27.8426513671875,27.911433357042885,27.145862963377475,27.27445463520104,358660000
2023-04-20,27.01826858520508,27.941340187321615,26.914597451904964,27.58347456890567,427713000
2023-04-21,27.033222198486328,27.09702084669948,26.637478546679382,26.86675060131897,345103000
2023-04-24,26.956470489501953,27.27944513842349,26.586643611517285,26.92756288092003,339282000
2023-04-25,26.157997131347656,27.16081560111884,26.14204889645108,26.99234953614374,378527000
2023-04-26,26.870737075805664,27.243554654828017,26.620531540784825,26.916593006788613,406337000
2023-04-27,27.13988494873047,27.408035115051412,26.54078605798617,27.276452656846956,377161000
2023-04-28,27.661230087280273,27.670200494580325,26.985373211032865,27.138887339013703,292216000
2023-05-01,28.81855583190918,28.96608841417271,27.69213092438785,27.751940608520385,570329000
2023-05-02,28.120773315429688,28.74479468571271,27.994176100521553,28.589287963225,402730000
2023-05-03,27.714061737060547,28.277275162589756,27.385105610028088,27.75194164873796,383387000
2023-05-04,27.474824905395508,27.77088451017767,27.15384285162396,27.56354220721835,321850000
2023-05-05,28.589284896850582,28.66404652957751,27.64328719583459,27.737986024481625,361494000
2023-05-08,29.058794021606445,29.127576016939173,28.260328904734493,28.43178384704761,344979000
2023-05-09,28.480627059936523,28.881355931475877,28.360011403786928,28.807590591905967,314869000
2023-05-10,28.79363441467285,29.020913869319795,28.370975777175932,28.913253779307176,369350000
2023-05-11,28.48760986328125,28.8584349085419,28.15666111611045,28.804604853160228,322149000
2023-05-12,28.25036239624023,28.688971234445617,27.957291677344863,28.438763778969957,274222000
2023-05-15,28.86142349243164,28.87737363124707,28.062958288462617,28.417831289934213,293926000
2023-05-16,29.120595932006836,29.77551927102902,28.74080245431232,28.74977286090327,449405000
2023-05-17,30.08255195617676,30.10348544572148,29.33691855070122,29.49043080736253,432535000
2023-05-18,31.577800750732425,31.727325914629347,30.22409635534029,30.313811833941568,748725000
2023-05-19,31.165109634399418,31.48011008821705,30.8182108095922,31.436248639784157,473908000
2023-05-22,31.077390670776367,31.420302459294863,30.582959233506156,30.803258976791746,372000000
2023-05-23,30.59093475341797,31.18903735658012,30.53411583318992,30.90194818311492,356253000
2023-05-24,30.441408157348633,30.510190153140588,29.71172312962193,30.114444604983657,721419000
2023-05-25,37.85986328125,39.35511856314438,36.519116494976174,38.401144963190646,1543911000
2023-05-26,38.822811126708984,39.04610163074743,37.43122683133464,37.770151547520655,714397000
2023-05-30,39.98412322998047,41.80534383299738,39.822636906417415,40.46659342474425,923401000
2023-05-31,37.714332580566406,40.16754710014043,37.70236950165192,39.36310039182485,1002580000
2023-06-01,39.64420318603515,39.92331629567859,38.218726142988906,38.367253104154614,635873000
2023-06-02,39.20261001586914,40.37190020075976,38.934459847678006,39.97017499452035,482731000
2023-06-05,39.0471076965332,39.43985871743566,38.58457457981163,38.78593534052818,396094000
2023-06-06,38.53173828125,39.03613834073106,38.02733822176895,38.70718409484521,388729000
2023-06-07,37.3603401184082,39.37814956493506,37.24170472754461,38.79593673409392,511998000
2023-06-08,38.39216613769531,38.74508306628558,37.39024395636986,37.60857182578051,417772000
2023-06-09,38.6513671875,39.58948588191824,38.448989234454245,38.91754848393105,427717000
2023-06-12,39.36118698120117,39.4090404400651,38.49983232769968,39.08005218877828,388701000
2023-06-13,40.89647674560547,40.975237387752834,39.61840183082128,40.063036270092226,613208000
2023-06-14,42.865440368652344,42.86842954641151,40.42791802705582,40.69908893155934,740465000
2023-06-15,42.52248764038086,43.15654315104166,42.01803541267758,42.471645001516485,568622000
2023-06-16,42.56137466430664,43.58722551638536,42.53046747800974,43.31705479881207,655709000
2023-06-20,43.6739501953125,43.85539630398405,42.543421257103255,42.86643115503074,451153000
2023-06-21,42.91328811645508,43.481547516431846,41.95124449603973,43.367894115226505,551603000
2023-06-22,42.89335632324219,43.293126539128146,42.104776210367746,42.12371527633215,417737000
2023-06-23,42.07984924316406,42.678011851996246,41.886442597723466,42.33407006327904,358140000
2023-06-26,40.50767135620117,42.633147684220695,39.97729771593512,42.33107342513513,594322000
2023-06-27,41.74786758422851,41.81167093605906,40.3242393713419,40.674163315350505,462175000
2023-06-28,40.991188049316406,41.716961105450416,40.39402188289312,40.53558567810239,582639000
2023-06-29,40.69708251953125,41.47270170333191,40.47576172197274,41.430830406659986,380514000
2023-06-30,42.17256164550781,42.419803905460185,41.3740138694354,41.55246701356272,501148000
2023-07-03,42.28322982788086,42.7667465124999,42.072876871614945,42.38691171692262,198209000
2023-07-05,42.18751525878906,43.04488054432272,41.95622290579701,42.00606914984757,323618000
2023-07-06,41.97417068481445,42.04993834721711,41.219487041278335,41.7159643183622,303582000
2023-07-07,42.37294006347656,43.0817667609672,42.050930383889,42.19249416309544,355881000
2023-07-10,42.05093765258789,42.68000743169608,41.521560371587725,42.52647931127871,353908000
2023-07-11,42.275245666503906,42.62716617688633,41.93828245284964,42.351013330555574,298244000
2023-07-12,43.767669677734375,43.80056964792914,42.64611193757971,42.901329149439654,481277000
2023-07-13,45.83631896972656,46.01377191487625,44.35586222212897,44.381783639889846,478204000
2023-07-14,45.32986831665039,47.94085375690044,44.92211944591565,46.44045793604773,772075000
2023-07-17,46.31882858276367,46.35372133117237,45.123499999402384,46.14735782088338,510488000
2023-07-18,47.34867858886719,47.74944898576326,45.594065463977465,46.5581057196224,569164000
2023-07-19,46.93294906616211,47.67168281088611,46.59897504315981,47.31876592185892,427502000
2023-07-20,45.380714416503906,46.942920912803515,44.9241156620399,46.36469382160293,537865000
2023-07-21,44.17341995239258,45.72565880367255,43.965059822678604,45.64789454996022,963769000
2023-07-24,44.47550201416016,44.97098300663618,43.90525353851573,44.594137397549694,382516000
2023-07-25,45.53923797607422,46.04169370953587,44.78555057285621,44.80349705034792,348081000
2023-07-26,45.31291961669922,45.91208233149028,44.49343628066657,45.88017875854229,364237000
2023-07-27,45.759559631347656,47.24998426093751,45.61001707056192,46.376665137451575,455976000
2023-07-28,46.60694885253906,46.88310168130462,46.23907847934213,46.52519903560094,331194000
2023-07-31,46.58602523803711,46.98579928794226,46.3637079681612,46.61095026774676,251055000
2023-08-01,46.36470031738281,46.7564993884591,45.88616945228999,46.3178432431884,237858000
2023-08-02,44.133541107177734,45.699733110392835,43.254239992985966,45.69076177542876,530142000
2023-08-03,44.37879180908203,44.979947380659944,43.66597942336427,43.66597942336427,324176000
2023-08-04,44.54329299926758,45.50234756183001,44.25717237997522,44.84736009563098,362666000
2023-08-07,45.27803039550781,45.400655128648054,44.42664342016852,44.97296695444659,322154000
2023-08-08,44.52733612060547,45.10356664242382,43.92119480836412,44.715756986658505,353843000
2023-08-09,42.423789978027344,44.17641010034291,42.00507315736143,44.13852436844698,586449000
2023-08-10,42.25829315185547,43.44066481177175,41.70698393305918,42.03099019324286,492705000
2023-08-11,40.72998809814453,41.889431464332574,40.51464942799337,41.623246353337215,533085000
2023-08-14,43.619117736816406,43.66597480294201,40.18765244113688,40.362116194769875,690286000
2023-08-15,43.8055419921875,45.12948122569519,43.57624624979999,44.42364752699655,676512000
2023-08-16,43.35294342041016,44.538304546583966,43.273186375605505,44.38378002605648,527451000
2023-08-17,43.21137619018555,43.927177736442225,42.86942340203336,43.83546018459533,452395000
2023-08-18,43.16651153564453,43.44465716941068,41.53252668330837,42.504541812711565,583768000
2023-08-21,46.82328796386719,46.92098767446869,44.08668826541733,44.35785535241688,692573000
2023-08-22,45.52825927734375,48.03955236680591,45.194285260085415,47.98770953500303,755293000
2023-08-23,46.97182846069336,47.05557105969461,45.06966590460551,45.72565339980645,779046000
2023-08-24,47.0186882019043,50.11219423827407,47.014702631702306,50.06234798957418,1156044000
2023-08-25,45.877197265625,47.6587282173918,44.88623538665841,46.8681553415664,925341000
2023-08-28,46.69169616699219,46.83625296106333,44.75065488017665,46.33977561628421,685192000
2023-08-29,48.634727478027344,48.93081957760332,46.249048206065815,46.5232082617889,701397000
2023-08-30,49.113258361816406,49.7742278710723,48.276824895402335,48.89393031688107,735206000
2023-08-31,49.2039794921875,49.59178914058814,48.8081949008338,49.228904516562515,528570000
2023-09-01,48.360565185546875,49.64761519313272,47.994687598350154,49.60973326514342,463830000
2023-09-05,48.399444580078125,48.70151880661507,47.71355011794706,48.07543831193929,382653000
2023-09-06,46.920860290527344,48.404428217365016,46.44129363976494,48.29675192445169,468670000
2023-09-07,46.10330581665039,46.20599974475195,45.01754791417301,45.38943829933542,433330000
2023-09-08,45.436302185058594,46.46722371434069,45.13619975911865,45.80520320149125,473069000
2023-09-11,45.04347610473633,46.025539902373815,44.18005364346136,46.01058517599768,473966000
2023-09-12,44.73638916015625,45.536999459957386,44.39839790348207,44.60478224808882,349256000
2023-09-13,45.34955978393555,45.79323440179784,44.37048163678398,44.46719292129203,398355000
2023-09-14,45.445274353027344,45.85006363868303,44.996613561123056,45.8131750613874,370097000
2023-09-15,43.76927947998047,45.4632178335496,43.67755057038964,45.20598666420072,506831000
2023-09-18,43.835086822509766,44.11026598094779,41.8749411626801,42.6207150197008,500271000
2023-09-19,43.39041519165039,43.835086328947064,42.87395603803026,43.7024829281991,373064000
2023-09-20,42.113224029541016,43.7722706240914,42.09727282869751,43.470171462670386,367108000
2023-09-21,40.89485549926758,41.97463066173917,40.85796692750404,41.45917191816058,450736000
2023-09-22,41.48609924316406,41.98959657847822,41.10822617218465,41.44821038693328,479236000
2023-09-25,42.09626770019531,42.40933182158676,41.0543776162706,41.46714623078314,419091000
2023-09-26,41.78620529174805,42.69249905291122,41.53096703896299,41.87593746027921,402282000
2023-09-27,42.3415412902832,42.744341431006085,41.50504268914909,42.20395553022343,444935000
2023-09-28,42.96070098876953,43.31663645116769,41.98960209746007,42.33357225596652,424663000
2023-09-29,43.36946868896485,44.01254845640997,43.17803909015806,43.69649108414493,397830000
2023-10-02,44.64865493774414,45.04048245716081,43.73039595276652,43.898891446595,433298000
2023-10-03,43.387420654296875,44.99562050159697,43.117227684036216,44.67457689561349,470850000
2023-10-04,43.909854888916016,44.01155233952571,43.163084716605525,43.61174546536846,361821000
2023-10-05,44.554935455322266,44.76630599321606,43.75731831894087,43.91883469559828,393483000
2023-10-06,45.625736236572266,45.65265626506475,43.89490543600504,44.061407980133865,434436000
2023-10-09,45.1381950378418,45.469207213017526,44.23589096073579,44.708478616295075,409675000
2023-10-10,45.66162109375,46.12124684777387,44.95373627488307,45.17507531550578,368582000
2023-10-11,46.6666259765625,46.71946955859621,45.91287659330196,46.05844175921358,378137000
2023-10-12,46.805213928222656,47.46723822927066,46.19204731268838,46.63771490362162,481325000
2023-10-13,45.32563018798828,46.97570471236393,45.145169391645375,46.82016719199545,474115000
2023-10-16,45.95774459838867,46.08735476029038,44.77826474104746,44.928816083518186,375099000
2023-10-17,43.80715560913086,44.62072750788772,42.35349724282602,43.868971251552885,812333000
2023-10-18,42.07035446166992,43.09031094806606,41.70046078038666,42.46417874850183,627294000
2023-10-19,41.97563934326172,43.168077212016314,41.757289685675055,42.68352429308483,501233000
2023-10-20,41.263763427734375,42.34353877331354,40.95568161669413,41.76526400722088,477266000
2023-10-23,42.84703063964844,43.11922033673946,40.82307664352765,41.10623136446677,478530000
2023-10-24,43.532981872558594,43.5668810255137,42.56387990123347,42.9487282788918,401463000
2023-10-25,41.65459442138672,43.52002535417708,41.43126239759443,43.26877302407248,398379000
2023-10-26,40.20591735839844,42.13017050427248,39.76124631016128,41.72837068029658,541001000
2023-10-27,40.379398345947266,41.08329728392404,39.89584197944323,41.00752338515214,416784000
2023-10-30,41.03843307495117,41.64163109365404,40.3604576251133,40.96465592174652,388028000
2023-10-31,40.658565521240234,40.757273552176585,39.11318181784756,40.329550161466386,517969000
2023-11-01,42.19896697998047,42.25479998188949,40.747301323669774,40.762256048704266,437593000
2023-11-02,43.37644958496094,43.75332234424489,42.76627246802236,43.19897822868172,409172000
2023-11-03,44.870994567871094,45.174086428721,43.59281034902624,43.8889268867807,424610000
2023-11-06,45.614768981933594,45.798223011195105,44.765304753189504,45.15015696243412,400733000
2023-11-07,45.81816101074219,46.080374555632474,45.02353336587058,45.582863690228386,343165000
2023-11-08,46.43532180786133,46.72744863605115,45.831123444068034,45.96273036829276,346719000
2023-11-09,46.81019592285156,48.08638320008785,46.610790709948866,47.32565472798377,540496000
2023-11-10,48.191070556640625,48.32766364227746,47.14220498356334,47.35855787314543,421245000
2023-11-13,48.475223541259766,48.969748796661186,47.95577501016581,48.1761176095815,384136000
2023-11-14,49.50813293457031,49.68560428700353,48.89396993275051,49.53206353654858,416954000
2023-11-15,48.7424201965332,49.81122656013526,48.0564692193451,49.78630328795808,475497000
2023-11-16,49.332664489746094,49.37753247238456,48.18609109090698,48.53405091082967,339756000
2023-11-17,49.15120315551758,49.568954199838785,48.86106931599939,49.3765281147281,325205000
2023-11-20,50.25890350341797,50.397489558773835,49.03455933420522,49.165169788318394,414120000
2023-11-21,49.7952766418457,50.366568411025234,49.07542649691953,49.97673388984551,565747000
2023-11-22,48.57093811035156,50.18511670142029,47.54799225396744,49.703557028583894,899420000
2023-11-24,47.63373565673828,48.77532658141017,47.60282592861512,48.325669336815935,294645000
2023-11-27,48.09834671020508,48.38548731555285,47.510103445888454,47.65766154840481,395662000
2023-11-28,47.6786003112793,48.17910819028839,47.33163699319086,48.09236545909725,401491000
2023-11-29,47.99666213989258,48.61681177274642,47.71749705929675,48.23495273654885,382005000
2023-11-30,46.630733489990234,47.96674352591701,46.28377015509841,47.88099726514556,526247000
2023-12-01,46.6257438659668,47.05944990418179,46.049465900778685,46.38646066120802,369317000
2023-12-04,45.37448501586914,45.93979802137365,44.87597384591377,45.93979802137365,437543000
2023-12-05,46.43142318725586,46.46532151700449,45.140163841646064,45.33459997495961,371718000
2023-12-06,45.37149429321289,47.25005219470193,45.280757679582,47.07854839373765,380590000
2023-12-07,46.46133804321289,46.49424361639184,45.47220434901942,45.56792757808214,350823000
2023-12-08,47.36870574951172,47.60302719608969,46.41546736033398,46.46033928594401,359224000
2023-12-11,46.49224090576172,47.393627560593224,45.69754725900702,47.353746056504626,509728000
2023-12-12,47.51927185058594,47.52824471452688,45.912927610504205,45.912927610504205,372387000
2023-12-13,47.94902038574219,48.45355849420569,47.47040810748177,47.49134732333681,447792000
2023-12-14,48.21026611328125,48.52934100326086,47.28495045380948,48.25015142544688,391232000
2023-12-15,48.74869918823242,49.26121358218172,47.980924159413945,48.05471159561218,479948000
2023-12-18,49.93227767944336,50.28724783914224,49.00795855556237,49.25723605827901,412587000
2023-12-19,49.46063995361328,49.55636317420033,48.75368939419547,49.281159865930675,464444000
2023-12-20,47.971954345703125,49.85449831929735,47.95899143016388,49.511490749608875,397894000
2023-12-21,48.848419189453125,48.953115280045736,48.27906644393615,48.66993565248791,300425000
2023-12-22,48.688873291015625,49.24027260571634,48.32691966505345,49.05281623744541,252507000
2023-12-26,49.13658142089844,49.45665286845571,48.81850309781851,48.82647939940057,244200000
2023-12-27,49.27418899536133,49.53642943515857,48.94314771611391,49.36791910846013,233648000
2023-12-28,49.37887954711914,49.73983287122963,49.26919684127221,49.49953204501984,246587000
2023-12-29,49.37887954711914,49.85250906748791,48.61010784761711,49.66903891502132,389293000
2024-01-02,48.02878952026367,49.15253129584884,47.457447488056715,49.10167999879026,411254000
2024-01-03,47.431522369384766,48.04474284454288,47.183241449788504,47.34776550065434,320896000
2024-01-04,47.85927963256836,48.35982768135906,47.3706941328935,47.62894445792347,306535000
2024-01-05,48.955108642578125,49.4038088927802,48.16639428593929,48.3219454810566,415039000
2024-01-08,52.10198211669922,52.123921699220006,49.33600098033536,49.36890655044413,642510000
2024-01-09,52.986419677734375,54.16799628302355,51.54060955653382,52.249557041176296,773100000
2024-01-10,54.19292449951172,54.442201988108685,53.334412767924995,53.46104844034716,533796000
2024-01-11,54.6635627746582,55.18605048150879,53.40521272938546,54.840053191345746,596759000
2024-01-12,54.5518913269043,54.81114207663485,54.172992236795146,54.46215126794727,352994000
2024-01-16,56.219051361083984,56.67074127144449,54.74133601464206,54.85899501538464,449580000
2024-01-17,55.89100646972656,56.3077977062965,54.581801354818275,56.18415552246115,474394000
2024-01-18,56.94196319580078,57.43353849056932,55.944853126147336,57.09452091474022,491650000
2024-01-19,59.31906509399414,59.32803795704181,57.05961145486245,57.82140334356974,543501000
2024-01-22,59.48159408569336,60.15663944433183,58.8992822616046,59.87545295780241,452955000
2024-01-23,59.6999626159668,59.73685443495751,58.41568304614902,59.39783691409728,294654000
2024-01-24,61.184661865234375,62.66736391279241,59.76477747230483,60.12972084943654,560271000
2024-01-25,61.43892288208008,62.53773920716308,60.67413746929077,62.16980235813448,482777000
2024-01-26,60.854610443115234,61.604439770268314,60.39793774576205,60.78381649467955,390309000
2024-01-29,62.28447341918945,62.30840232360706,60.73097744998884,61.055035142050976,348733000
2024-01-30,62.59257507324219,63.30949885561756,62.08006064595033,62.718214176475605,410735000
2024-01-31,61.349178314208984,62.089034402842934,60.52456880100295,61.262427961717485,453795000
2024-02-01,62.844852447509766,63.00837994825412,61.4718330718424,61.92052952927185,369146000
2024-02-02,65.96878814697266,66.40751128682628,63.50592191536747,63.78910149469645,476578000
2024-02-05,69.13162994384766,69.29615400361993,67.01077810938553,68.02782694293316,680078000
2024-02-06,68.02582550048828,69.55239893007112,66.108386710131,69.42875675979734,683111000
2024-02-07,69.89640045166016,70.01705293105977,67.40462245828914,68.12154618534456,495575000
2024-02-08,69.43972778320312,70.58939534958982,69.2542683281726,69.87147502102263,414422000
2024-02-09,71.9245376586914,71.9763817179636,70.00908414671076,70.32915559936207,436637000
2024-02-12,72.03919982910156,74.39536957580593,71.0440830164451,72.39017991002451,613710000
2024-02-13,71.9195556640625,73.2377338167756,69.41880791459157,70.19655257557241,602580000
2024-02-14,73.6864242553711,74.0214517262709,71.73009661007124,72.99044348203591,504917000
2024-02-15,72.44800567626953,73.76120070674112,72.19075571305264,73.65551186894326,420122000
2024-02-16,72.40315246582031,74.18698384135303,72.29147662486973,73.88585465278437,495327000
2024-02-20,69.25128936767578,71.74805069531128,67.53825202114858,71.7390740272432,704833000
2024-02-21,67.27701568603516,68.6889240135881,66.05655384481933,67.80946909427277,673755000
2024-02-22,78.3110122680664,78.34790027976082,74.00549131721554,74.80816501857926,865100000
2024-02-23,78.58921813964844,82.15587637734276,77.3458203592003,80.55651569183838,829388000
2024-02-26,78.8634262084961,80.41293598535317,78.27811704521838,79.46966317926245,503973000
2024-02-27,78.4735336303711,79.25028909109805,76.93898781736908,79.1515685887392,391705000
2024-02-28,77.43856048583984,78.70488691297152,76.9021132659983,77.39568548362723,393110000
2024-02-29,78.88336944580078,79.75883042270817,78.1235705564048,78.8654237167532,507289000
2024-03-01,82.04120635986328,82.06214938054762,79.20542398518815,79.76879352380037,479135000
2024-03-04,84.99066162109375,87.44155809825308,83.47705094561937,83.88685863778845,615616000
2024-03-05,85.71957397460938,85.85219903908474,83.17981882492465,85.02754699331318,520639000
2024-03-06,88.44779968261719,89.4688902523757,86.78254975478006,87.77173362164056,582520000
2024-03-07,92.405517578125,92.5032385135836,89.34723648723485,89.90165539673119,608119000
2024-03-08,87.27912139892578,97.123052843531,86.26002420485035,94.86748361493764,1142269000
2024-03-11,85.53012084960938,88.54452056286361,83.92669117198699,86.18325727083518,678364000
2024-03-12,91.65167236328124,91.69853581019218,85.90505740123257,87.79866017993605,668075000
2024-03-13,90.6295928955078,91.24383884143784,88.18356420420956,90.79611790802282,635713000
2024-03-14,87.69396209716797,90.3882833699824,86.35378152826699,89.32232245586333,602318000
2024-03-15,87.5872573852539,89.29139794365639,86.01175546714047,86.68283850567245,642086000
2024-03-18,88.20349884033203,92.142264812086,86.83739140527486,90.131001426864,668976000
2024-03-19,89.14381408691406,90.28655172899164,84.7682901573293,86.4534797466604,672171000
2024-03-20,90.11505889892578,90.15295286698972,87.97216679685033,89.54168915568671,479063000
2024-03-21,91.1750259399414,92.38458214165158,90.1479556941056,92.0375720151123,480372000
2024-03-22,94.02091979980467,94.50852789687556,90.5757411997652,90.88186754884678,586719000
2024-03-25,94.7318878173828,96.4908723257128,93.2441331194467,93.67390745044555,552136000
2024-03-26,92.29782104492188,96.10097979295516,92.23899068459922,95.57846759747076,513648000
2024-03-27,89.99339294433594,92.97488937266765,88.8695984293379,92.84725495724012,586067000
2024-03-28,90.0990982055664,91.04041442208826,88.93940289555813,89.74410760252643,435212000
2024-04-01,90.1060791015625,91.96278458075768,88.95037777581965,90.04226569169144,452441000
2024-04-02,89.19767761230469,89.83785060298682,87.37088554101891,88.19652672274349,433064000
2024-04-03,88.7110366821289,90.1170311402006,88.14864498506111,88.23240577431382,370067000
2024-04-04,85.66075897216797,90.37631766546892,85.6358285290892,90.14896145814237,434965000
2024-04-05,87.75775909423828,88.22941372826789,85.68167837437112,86.6190003818051,399678000
2024-04-08,86.88526153564453,88.57743512523471,86.4854007087341,88.44779987998065,283220000
2024-04-09,85.11131286621094,87.38583323801888,82.78595022062588,87.19338119556187,501700000
2024-04-10,86.79153442382812,87.15150809881327,83.4710003679758,83.68738625967652,431929000
2024-04-11,90.35834503173828,90.48099639616544,86.6788421374309,87.17143320524475,431637000
2024-04-12,87.93524932861328,89.91859983995623,87.28111636114915,89.44394775788123,426805000
2024-04-15,85.75646209716797,90.35534773623158,85.68466822355283,88.84465613304712,443077000
2024-04-16,87.16645050048828,87.86744694735988,85.81929391974823,86.18724040676238,370453000
2024-04-17,83.79605865478516,88.52257881551526,83.71129364888468,88.08881052064652,495400000
2024-04-18,84.43025207519531,85.94493790164843,82.16770633584548,84.72840551757585,447260000
2024-04-19,75.98333740234375,84.08423897081519,75.39103216599602,82.91358102333888,875198000
2024-04-22,79.29190826416016,79.8453305652036,76.18277728835372,77.88192715774476,596341000
2024-04-23,82.18864440917969,82.53366130187051,80.03578647084935,80.53934787289336,438559000
2024-04-24,79.45045471191406,83.84292866853282,78.95785602564062,83.71130021339918,512208000
2024-04-25,82.3970718383789,83.08610152779464,78.00060291462616,78.64376576074403,424641000
2024-04-26,87.48554229736328,88.07984835062736,83.14990546047017,83.57967974791617,551011000
2024-04-29,87.50748443603516,87.74180926182623,85.0235621625501,87.34594249418755,388971000
2024-04-30,86.15634155273438,88.56646933597486,86.05463417701857,86.99195638809022,363709000
2024-05-01,82.80489349365234,85.75547993219622,81.02396844600167,84.83510772715242,559863000
2024-05-02,85.5730209350586,85.99182503612813,82.96345676553148,84.2089063673842,377898000
2024-05-03,88.53656005859375,89.02715799782622,86.79253219903528,87.53940321936913,398341000
2024-05-06,91.87802124023438,91.95779560513115,88.80179361610953,89.13584021044993,376203000
2024-05-07,90.29654693603516,91.52005583747176,88.75793456692497,90.83899901251044,437342000
2024-05-08,90.15492248535156,90.9346966114085,89.1657387845337,89.22856317850216,325721000
2024-05-09,88.49465942382812,90.81304550195526,87.9801277687823,90.27159019237384,378013000
2024-05-10,89.62245178222656,91.14112411341108,88.973301771079,90.04823965753017,335325000
2024-05-13,90.1419677734375,90.73926364427145,88.2772820639822,90.22073791617512,289680000
2024-05-14,91.09626007080078,91.39041950305226,88.68114159761363,89.34425178727211,296507000
2024-05-15,94.3609390258789,94.59228164011104,91.3385587292716,92.20907765380473,417735000
2024-05-16,94.09071350097656,95.54656142094716,93.83543705567772,94.64014935721045,323952000
2024-05-17,92.21604919433594,94.47062203748344,91.5449662156453,94.10068232469492,359691000
2024-05-20,94.51050567626952,94.92930964167746,93.17431942252952,93.48343554827802,318764000
2024-05-21,95.11479949951172,95.12875963376092,92.9150703346718,93.33287775310836,328946000
2024-05-22,94.68002319335938,95.74698053068366,92.98386328100148,95.18757861855156,548648000
2024-05-23,103.50387573242188,106.01770397120008,101.23134859062448,101.73790743867508,835065000
2024-05-24,106.1662826538086,106.17226230771774,102.70714415978956,104.1520217798762,429494000
2024-05-28,113.57715606689452,114.61220681929554,109.57058235224116,109.9305560128834,652728000
2024-05-29,114.49850463867188,115.1636079145998,110.5856661199997,112.72855774303346,557442000
2024-05-30,110.18582916259766,115.48970655822384,109.35121090850546,114.32403150789187,484553000
2024-05-31,109.3212890625,112.39652011050696,106.63594514688756,112.20007402311614,613263000
2024-06-03,114.67301940917967,114.67301940917967,111.68453916444382,113.29794252397816,438392000
2024-06-04,116.1059341430664,116.26847269779265,113.7207369592616,115.38699108204422,403324000
2024-06-05,122.09187316894533,122.10084264977677,117.13400975669744,118.03444216742469,528402000
2024-06-06,120.65396118164062,125.2299099350453,117.98357427866928,123.69528439320364,664696000
2024-06-07,120.54427337646484,121.34598817369331,117.68642510058784,119.42944840947747,412386000
2024-06-10,121.44371795654295,122.74999082651334,116.6773100476689,120.02775723865274,313434100
2024-06-11,120.5761260986328,122.53071289546244,118.41211249470813,121.4337443185908,222551200
2024-06-12,124.8542709350586,126.5296321042774,122.23153612962204,122.72018091821552,299595000
2024-06-13,129.25209045410156,129.44156821528892,126.8088590238474,129.03269675342705,260704500
2024-06-14,131.5158233642578,132.47316384016574,127.9656566008486,129.60112719578945,309320400
2024-06-17,130.61830139160156,133.36070741193845,129.22217350427294,132.62276062148734,288504400
2024-06-18,135.2056121826172,135.95354113797538,130.3291160023479,130.7778703322321,294335100
2024-06-20,130.41885375976562,140.37129003031137,129.16233868973217,139.41394956266274,517768400
2024-06-21,126.22049713134766,130.269291272292,123.9567687165166,126.76898143871918,649445800
2024-06-24,117.78385162353516,124.1163152101961,117.71404522588668,122.8996829011854,476060900
2024-06-25,125.74181365966795,126.15068514494097,118.9905115651875,120.8653174275534,414192600
2024-06-26,126.05096435546876,127.76620840809863,122.26145451808377,125.7817056647018,362975900
2024-06-27,123.64762115478516,126.0609445300648,122.58057607711105,123.75731801767638,252571700
2024-06-28,123.19886016845705,127.35734339260638,122.41104074475837,124.23598924744036,315516700
2024-07-01,123.95675659179688,124.49525872121755,118.50186042748064,123.12904675738962,284885500
2024-07-02,122.3312530517578,123.06921506851164,120.69578241236393,120.79550474728764,218374000
2024-07-03,127.92576599121094,127.92576599121094,121.02487672675784,121.32405134915432,215749000
2024-07-05,125.4825439453125,128.4942089959331,125.33295662282136,127.02825932218164,214176700
2024-07-08,127.84598541259766,130.40889591730686,126.6891925935073,127.1379469199517,237677300
2024-07-09,131.01722717285156,133.45049207075732,128.29475452643044,129.99007251430768,285366600
2024-07-10,134.5374755859375,134.7269533720769,132.0543457649315,133.6599006676726,248978600
2024-07-11,127.0481948852539,135.77402473321786,126.6991629086676,135.37513539330575,374782700
2024-07-12,128.8831329345703,131.5557253023775,126.86870653322082,127.90582806874107,252680500
2024-07-15,128.08535766601562,131.0272091690287,126.82883461080432,130.19949911473634,208326200
2024-07-16,126.0110855102539,128.68367798100022,124.23600180257188,128.08534387784246,214769500
2024-07-17,117.66417694091795,121.51351843622722,116.39768730256174,121.0148991503926,390086200
2024-07-18,120.75562286376952,122.0620106514847,116.23813305693452,121.51352635797906,320979500
2024-07-19,117.6043472290039,121.26421102849132,117.04589605324009,120.01766279092804,217223800
2024-07-22,123.19886016845705,123.72739542032818,119.52902173833404,120.01766653236042,258068900
2024-07-23,122.25147247314452,124.34567955387372,121.76282770486009,122.44095023584372,173911000
2024-07-24,113.93451690673828,119.61877422549412,113.12675602679064,118.8409292880146,327776900
2024-07-25,111.96995544433594,116.30794209044976,106.00647252262672,112.72785895570485,460067000
2024-07-26,112.74781036376952,115.87913942242228,111.27190127805348,115.8691725129428,293399100
2024-07-29,111.2818603515625,115.95891218291776,110.99266783046404,113.3760676606231,248152100
2024-07-30,103.4435577392578,111.68074265241845,102.25684143468116,111.2120393183982,486833300
2024-07-31,116.69686126708984,118.01321595584749,110.57381668062192,112.58824297616628,473174200
2024-08-01,108.9084243774414,119.82819139029309,106.51505026446524,117.20544905631928,523462300
2024-08-02,106.97378540039062,108.41978599115993,101.09008352011348,103.47348325737674,482027500
2024-08-05,100.1726303100586,103.12446373237609,90.43958549906432,91.80579772972592,552842400
2024-08-06,103.9621353149414,107.41258033181929,100.27235513846156,103.55326379264082,409012100
2024-08-07,98.63687896728516,108.4995686514933,98.41748524596572,107.51229690555586,411440400
2024-08-08,104.6801300048828,105.20866520993226,97.25069837056012,101.7183303451478,391910000
2024-08-09,104.46075439453124,106.30564447792428,103.14439960768745,105.34829623370402,290844200
2024-08-12,108.71895599365234,110.76329830179426,105.96658275414626,106.02641463942724,325559900
2024-08-13,115.81930541992188,115.90906086189524,111.27189924867696,112.12952516459808,312646700
2024-08-14,117.75394439697266,118.27250515954668,113.75501518576698,118.20269875673236,339246400
2024-08-15,122.52074432373048,122.89969228155606,117.1456284695593,118.43206727440648,318086700
2024-08-16,124.23599243164062,124.6548308372553,120.84537951120186,121.60328301302395,302589900
2024-08-19,129.64100646972656,129.64100646972656,123.07917523933752,123.93680096772644,318333600
2024-08-20,126.89861297607422,129.52135538667704,125.54236785937302,128.0454312895895,300087400
2024-08-21,128.1451416015625,128.9928003758598,126.31022649443916,126.9683999190984,257883600
2024-08-22,123.39830017089844,130.3889447703718,122.7600680862335,129.66096486520394,376189100
2024-08-23,129.01275634765625,129.2421321879317,124.87422213092064,125.51245424374224,323230300
2024-08-26,126.11080169677734,130.8975427630235,124.0265765218376,129.21222218734667,331964700
2024-08-27,127.94572448730467,128.84323320422493,123.53792378071748,124.70469880770284,303134600
2024-08-28,125.26314544677734,127.97563574905244,122.30134548595971,127.76620894054898,448101100
2024-08-29,117.2652816772461,124.08639756190335,116.38771446055244,121.02487540717718,453023300
2024-08-30,119.04036712646484,121.41379211002894,116.89630274618308,119.19992133635782,333751600
2024-09-03,107.70177459716795,115.88910303086084,106.9937360660562,115.6896583434562,477155100
2024-09-04,105.91670989990234,112.95721192187168,103.83248489547351,105.11892359162538,372470300
2024-09-05,106.91394805908205,109.3472126473878,104.47071656289586,104.70007717737126,306850700
2024-09-06,102.54605102539062,107.85136027800364,100.67123751563678,107.74166341909986,413638100
2024-09-09,106.17599487304688,106.25577578698044,103.4036727846321,104.59038154400557,273912000
2024-09-10,107.80148315429688,109.09789628161208,104.660180275284,107.51228306871651,268283700
2024-09-11,116.58717346191406,116.86639906475774,107.12337325723898,109.0879346022382,441422400
2024-09-12,118.82117462158205,120.46676065848584,115.07123444451854,116.52732649632485,366052700
2024-09-13,118.78128051757812,119.6389797203674,117.28529459768676,118.76133738659652,238358300
2024-09-16,116.46749114990234,117.8637462195167,114.05396898625608,116.47746652004344,248772300
2024-09-17,115.28067779541016,118.4820945393012,114.52271703198278,117.85377554798691,231925900
2024-09-18,113.06661987304688,117.38502682895007,112.91701975753097,115.57987289959787,310318900
2024-09-19,117.55458068847656,119.33979153223306,116.93623707940029,117.0359679559666,293506400
2024-09-20,115.6895751953125,118.30256661567998,115.0812069928948,116.746736119983,382462400
2024-09-23,115.9488754272461,116.6769175923896,114.55262048539709,116.23810026304876,206228500
2024-09-24,120.54655456542967,121.47406618937484,115.07124032940908,116.20818908018336,354966800
2024-09-25,123.1794891357422,124.60566275738312,121.28457201755812,121.69347090011009,284692900
2024-09-26,123.7080535888672,127.32833649308198,121.47405025345232,126.46066959704272,302582900
2024-09-27,121.07511901855467,123.69807805046356,118.9408465511356,123.63824105329503,271009200
2024-09-30,121.11502075195312,121.17485775300766,117.8338241021894,117.99339197466074,226553700
2024-10-01,116.68689727783205,122.11234177416986,115.48013626179672,121.44412897274736,302094500
2024-10-02,118.53194427490234,119.06052472572212,114.8318735101862,116.12839762685849,221845900
2024-10-03,122.52124786376952,124.0272091849403,120.01796257527629,120.59641230247804,277118000
2024-10-04,124.58570098876952,124.70538259718006,121.50397375972976,124.6056517279934,243678100
2024-10-07,127.37821197509766,130.29039598837593,124.61562046227938,124.65551433206126,346250200
2024-10-08,132.53436279296875,133.12278019873037,129.07364789501582,129.91139625758697,285722500
2024-10-09,132.29501342773438,134.16001952786942,131.02842299164354,133.75111306364067,246191600
2024-10-10,134.44923400878906,134.63872798675436,130.64943234270237,131.55700075403345,242311300
2024-10-11,134.4392547607422,135.4166278489941,133.30230620805418,133.65136041631004,170209500
2024-10-14,137.7005157470703,139.22642006970025,135.9352482142016,136.1047914480544,232347700
2024-10-15,131.24783325195312,138.1991821543322,128.3954862474048,137.50104323972985,377831000
2024-10-16,135.35682678222656,136.25441237650753,131.2279056562099,133.62147738626442,264879700
2024-10-17,136.5635528564453,140.51296215395072,136.50371585796043,138.96710708195366,306435900
2024-10-18,137.63070678710938,138.52829226592988,136.9126323168706,138.2989120156457,176090200
2024-10-21,143.325439453125,143.325439453125,137.63071268872676,137.76036967912168,264554500
2024-10-22,143.2057342529297,144.03351491090646,141.40058044009385,142.52756130979012,226311600
2024-10-23,139.1865234375,142.04883820987033,137.09215234233463,141.649914730207,285930000
2024-10-24,140.03427124023438,140.97175826689335,138.08949241788707,140.4431777464081,172354900
2024-10-25,141.16119384765625,143.74427387032853,140.4231840279948,140.55282576450287,205122100
2024-10-28,140.1439666748047,142.7569505719539,139.67522319765803,142.6173258267159,173586700
2024-10-29,140.87200927734375,141.8793009979601,138.52829188537018,139.91457158033694,157593600
2024-10-30,138.9670867919922,139.95444277669785,136.4438589379193,139.16654849713757,179418100
2024-10-31,132.40472412109375,137.24175143875112,131.756469630996,137.2317836775648,270039600
2024-11-01,135.0376434326172,136.94253564166783,134.2098780275083,134.33951978002003,207127800
2024-11-04,135.68592834472656,138.58814473225323,135.207217103038,136.84282779526694,187528200
2024-11-05,139.5355987548828,139.99435925396384,136.9625011145287,137.08217511986183,160537400
2024-11-06,145.22032165527344,146.09797148430005,141.58009580907174,142.577419626437,242043900
2024-11-07,148.48158264160156,148.53143666074,145.77882825788768,145.9982407267333,207323300
2024-11-08,147.23495483398438,149.3692276989738,145.86861053297918,148.37190364583935,175665800
2024-11-11,144.87127685546875,148.45168153400843,143.18581210072784,148.28212306443757,182325600
2024-11-12,147.8931427001953,149.2495037052901,145.61924560605905,146.3871892091523,198634700
2024-11-13,145.87857055664062,148.93037924410717,145.5095503668412,148.67108050956173,191903300
2024-11-14,146.36724853515625,148.60125952595652,145.16049515099348,147.24489842760545,194463300
2024-11-15,141.60003662109375,144.85132212671857,139.705127384455,144.48230195229198,250132900
2024-11-18,139.7749481201172,141.17121080701085,136.78297621414575,139.12669362767247,221205300
2024-11-19,146.61659240722656,146.7362816326987,140.61271302151263,140.9418317601378,227834900
2024-11-20,145.49960327148438,147.16513258851916,142.34805565960622,147.0155400700263,309871700
2024-11-21,146.27748107910156,152.48083638169973,140.32345672847936,148.9503167976197,400946600
2024-11-22,141.57012939453125,146.7661937868221,140.72241318136372,145.539474391015,236406200
2024-11-25,135.65602111816406,141.66988390343687,135.45655935237875,141.610046895497,344941900
2024-11-26,136.5535888671875,138.9272246590056,135.30693397114106,137.33150030488406,190287700
2024-11-27,134.97781372070312,136.85278753282546,131.44729379106423,134.64869500572706,226370900
2024-11-29,137.88002014160156,138.977082446908,135.68591074894266,136.41395288721657,141863200
2024-12-02,138.25901794433594,140.07413953973298,137.45118801543163,138.45847968192444,171682800
2024-12-03,139.88465881347656,140.16390831614373,137.58084280749418,137.89001081273594,164414000
2024-12-04,144.7515869140625,145.39984134699782,139.91456002292938,141.61999054867616,231224300
2024-12-05,144.68177795410156,146.1579148411047,143.57467148409813,144.73165063129176,172621200
2024-12-06,142.068603515625,145.32009789302302,140.9415450143936,144.22297517109268,188505600
2024-12-09,138.4480743408203,139.58510137793925,136.77246195727844,138.60766082087318,189308600
2024-12-10,134.71783447265625,141.4502349567079,133.44115786086326,138.6475487860502,210020900
2024-12-11,138.94677734375,139.80453569143606,134.85747632446007,137.00186458417264,184905200
2024-12-12,136.98190307617188,138.07904108019704,135.44592508954074,136.72258646567687,159211400
2024-12-13,133.8999786376953,139.2360360155149,132.19443031399229,138.57775313836598,231514900
2024-12-16,131.65582275390625,134.04955889819416,130.07994062496547,133.8301313094174,237951100
2024-12-17,130.05001831054688,131.24688636654815,126.52922370948323,128.75340490862754,259410300
2024-12-18,128.5738983154297,136.3435808551527,127.94553603601128,133.51098920213212,277444500
2024-12-19,130.33926391601562,133.68053537391728,129.212220572867,131.41644980197495,209719200
2024-12-20,134.34878540039062,134.92727495716574,127.88568536239204,129.4715360054975,306528600
2024-12-23,139.3058319091797,139.42551415908295,134.76769223262775,135.92467137837366,176053500
2024-12-24,139.85440063476562,141.53001300601622,138.28848684636677,139.63497303105362,105157000
2024-12-26,139.56515502929688,140.48276971800976,137.37089410442982,139.33575896662117,116205600
2024-12-27,136.6527557373047,138.65752461945982,134.35876491420703,138.1887488761999,170582600
2024-12-30,137.1315155029297,139.9042657427297,133.6705619268118,134.47844750631418,167734700
2024-12-31,133.9398651123047,137.71002369221526,133.48107297196478,137.67011945974758,155659200
2025-01-02,137.9493865966797,138.51790776015002,134.2789886408903,135.64541181631114,198247200
2025-01-03,144.09332275390625,144.52219430432945,139.36567593719187,139.6449446721197,229322500
2025-01-06,149.04037475585938,151.7632676182901,147.4345872171492,148.2025685915748,265377400
2025-01-07,139.77459716796875,152.73073241075815,139.6449312609891,152.63098706400407,351782200
2025-01-08,139.74468994140625,143.57467420574872,137.20133554653654,142.20825109505992,227349900
2025-01-10,135.55563354492188,139.55517244006612,133.870037595658,137.09161147098868,207602500
2025-01-13,132.8826141357422,133.1419459563911,129.17231238202828,129.6510717959939,204808900
2025-01-14,131.4164581298828,136.02442280388445,129.71092511662002,135.6952813829554,195590500
2025-01-15,135.88479614257812,136.09424010113997,130.94768976753863,133.30153730793728,185217300
2025-01-16,133.2217559814453,138.38824308482273,133.14196273572836,138.2785292743376,209235600
2025-01-17,137.3509521484375,138.13888566634566,135.10681862678206,136.33360735729912,201188800
2025-01-21,140.4628143310547,141.4602070208564,136.7325601923546,138.79717036536638,197749000
2025-01-22,146.6865692138672,147.40467804215123,143.29542449743752,144.28284886721386,237651400
2025-01-23,146.83615112304688,146.8461195709751,143.34527675360425,144.67181084027297,155915500
2025-01-24,142.2481231689453,148.58157206293976,141.5100624088345,147.98313043457708,234657600
2025-01-27,118.11123657226562,128.06521102414737,116.39571998533556,124.47460659166909,818830900
2025-01-28,128.6536865234375,128.66365497133788,115.94689837533356,121.49239920882492,579666400
2025-01-29,123.37747955322266,126.55916484585856,119.73700212037912,126.17018228394105,467120600
2025-01-30,124.3249969482422,124.67408285834512,117.79207196266404,122.77903527699785,392925500
2025-01-31,119.7569351196289,127.51664871512423,118.8792323275003,123.45726093608867,388161100
2025-02-03,116.35582733154295,118.26084328911304,112.71534272693827,114.45080376447106,371235700
2025-02-04,118.34063720703124,120.88398385074508,116.39571701060105,116.6550412253588,256550000
2025-02-05,124.50453186035156,124.67408679210826,120.4451438987806,121.44253659311748,262230800
2025-02-06,128.34449768066406,128.4342745987464,124.8835510706209,127.08778823658054,251483600
2025-02-07,129.50144958496094,130.03006643749526,124.67407312607986,128.88307105233656,228186300
2025-02-10,133.2217559814453,134.64802029874645,129.6211675706223,129.75081827828257,216989100
2025-02-11,132.45376586914062,134.12937845518158,130.67840791626125,132.23433823730105,178902400
2025-02-12,130.79808044433594,131.89521852186024,128.7434538800678,129.68100547013307,160278600
2025-02-13,134.93724060058594,136.14409236479662,130.82798788427175,131.21697039655388,197430000
2025-02-14,138.4879913330078,138.88694235090182,135.14671948687393,136.12416013401827,195479600
2025-02-18,139.0365447998047,143.06602007700403,137.57037622357197,140.90167961185236,219176600
2025-02-19,138.86697387695312,140.99142508356047,136.86222013681927,139.1462426003846,167536000
2025-02-20,139.74468994140625,140.29325896288867,136.43333891646114,139.6648967001902,143903600
2025-02-21,134.07949829101562,141.09118323158302,133.68054728393315,139.67487215272783,228217600
2025-02-24,129.94033813476562,138.22867021014434,129.74086261032588,136.20396396001723,251381100
2025-02-25,126.2998275756836,129.86051900489684,124.11554286315072,129.64109140603463,271428700
2025-02-26,130.9376983642578,133.38130717279842,128.15497972672858,129.6510686159171,322553800
2025-02-27,119.83672332763672,134.65797047615226,119.69708897132982,134.64800202891726,443175800
2025-02-28,124.59429168701172,124.76384661623275,116.09650940652436,117.7122806771052,389091100
2025-03-03,113.76260375976562,123.37746834229016,111.98724605192426,123.18796891235904,411381400
2025-03-04,115.68757629394533,118.9989197292815,109.82291000037466,110.3615029675652,398163300
2025-03-05,116.9941635131836,117.97160407078816,114.21143704412196,117.27343224392774,284337900
2025-03-06,110.2817153930664,115.0492514915792,109.93262945458795,113.23399700198848,321181900
2025-03-07,112.39618682861328,113.18412798197828,107.27955736061682,110.9599388924034,341755500
2025-03-10,106.70106506347656,111.5583622176382,105.18502403072868,109.61344966651625,366487400
2025-03-11,108.47642517089844,111.9473472812216,104.49682307629251,106.71103594468934,354865700
2025-03-12,115.44884490966795,116.46628328215824,112.59603885298677,113.83292501602207,323857500
2025-03-13,115.28924560546876,117.46376184203,113.5037476653848,116.73559490158163,299033100
2025-03-14,121.36392211914062,121.57339292473428,117.85278046649132,118.31162236591584,277593500
2025-03-17,119.22930908203124,122.58085727393843,117.73308248243704,122.4312330919386,255501500
2025-03-18,115.1396255493164,118.7205909220559,114.25186503478535,117.70316017412442,299686900
2025-03-19,117.224365234375,120.1469948780257,115.38899756160431,116.97499413034406,273426200
2025-03-20,118.23182678222656,119.89762393291264,116.17701131755275,116.25681189739694,248829700
2025-03-21,117.4039077758789,117.6931791575635,115.1296446207881,116.64582513098318,266498500
2025-03-24,121.1045913696289,121.91255134314883,119.03979124138472,119.5784337604655,228452500
2025-03-25,120.38638305664062,120.98487211685924,118.62083157726416,120.24673586292964,167447200
2025-03-26,113.4738311767578,118.54104631031402,112.42646947850852,118.43133002412056,293463300
2025-03-27,111.1496810913086,114.1620804707786,110.38162149260252,111.0698805170997,236902100
2025-03-28,109.39411163330078,112.58606625933989,108.79562251910656,111.209532925471,229872500
2025-03-31,108.10736083984376,110.68087252083328,103.38926370156524,104.86553641067388,299212700
2025-04-01,109.87290954589844,109.92277920039626,106.20216660392524,108.2470050831867,222614000
2025-04-02,110.1422119140625,111.69829255934154,106.52134673236148,107.02008887029169,220601200
2025-04-03,101.5439224243164,105.36428217323731,101.3444209635382,103.24961996040646,338769400
2025-04-04,94.07276153564452,99.87812106911886,91.87829866162578,98.66119636165205,532273800
2025-04-07,97.39437103271484,101.49403230771996,86.40209687721266,87.23998007579976,611041300
2025-04-08,96.05774688720705,105.5837179566193,94.2223717079774,103.548848949522,476243400
2025-04-09,114.04239654541016,114.8104562069238,97.28465510127192,98.6412345329499,612918300
2025-04-10,107.29939270019533,110.58111717003516,98.9005761841806,109.09486759895934,437812400
2025-04-11,110.65095520019533,111.26939832601622,107.2096367407114,108.2270675758849,313417300
2025-04-14,110.4314956665039,114.00249160148302,108.7956218792334,113.82294410726054,264705000
2025-04-15,111.9177474975586,113.33418114021704,110.22202704858428,110.69084593782598,228966900
2025-04-16,104.22713470458984,106.52135168992342,100.19729712933866,104.28698893886386,397016900
2025-04-17,101.23468780517578,104.20719461222582,99.79831546993584,104.1872406628714,292517500
2025-04-21,96.66622161865234,99.18985605733366,94.80092295909544,98.52153569265882,288501100
2025-04-22,98.64122772216795,99.55891150664588,97.03527729423074,98.53150383378456,241004800
2025-04-23,102.45162200927734,104.53636836662164,101.76335533667915,104.25706634151078,247526000
2025-04-24,106.16226196289062,106.2719858525715,102.85061415392688,103.21968611105362,220815000
2025-04-25,110.73074340820312,111.63845023877658,105.46402708737592,106.5812047250048,251064700
2025-04-28,108.45648193359376,110.09235573735528,105.75329251827114,109.4140660423662,207708500
2025-04-29,108.74573516845705,109.9227669482824,107.16971575631224,107.39913288387578,170444300
2025-04-30,108.64599609375,108.64599609375,103.81817538074748,104.20719367744805,235044600
2025-05-01,111.32923889160156,114.65086390129244,111.02002115064856,112.79554223516972,236121500
2025-05-02,114.21196746826172,115.10970497913569,113.08481279973248,113.8927727544179,190194800
2025-05-05,113.5336685180664,114.38152869431376,112.37659062829631,112.625961716028,133163200
2025-05-06,113.25437927246094,114.4513575039754,110.54122049681273,111.19956385128708,158525600
2025-05-07,116.76551818847656,117.3839612389874,111.9975441064208,112.76561133481998,206758800
2025-05-08,117.07474517822266,118.38144728921776,115.55856464909375,117.95252869863282,198428100
2025-05-09,116.35655975341795,117.9325869721132,114.92017974547274,117.05479580716788,132972200
2025-05-12,122.6905746459961,122.6905746459961,119.97741600529793,121.66316698651148,225023300
2025-05-13,129.60313415527344,130.88989748886456,124.1568781333485,124.66559728217727,330430100
2025-05-14,134.99954223632812,135.099296769805,131.34874548490453,132.8649261154048,281180800
2025-05-15,134.49081420898438,135.9571173935552,132.32627503661865,133.9521641466833,226632600
2025-05-16,135.0593719482422,136.00699423634137,133.12426513669956,135.87731640314823,226542500
2025-05-19,135.2289581298828,135.52819125301625,132.05695004104146,132.05695004104146,193154600
2025-05-20,134.04196166992188,134.24145551049554,132.286379343903,133.95217650431997,161514200
2025-05-21,131.4684600830078,137.05436414816955,130.26149714159004,132.72528507307794,270608700
2025-05-22,132.49586486816406,133.91229099864714,131.21908595560456,131.8973680939745,187344000
2025-05-23,130.95970153808594,132.3462040479136,128.83507041838283,129.67295354222074,198821300
2025-05-27,135.1591339111328,135.31873506532702,132.9746406768617,133.81252390577552,192953600
2025-05-28,134.4708709716797,136.904735369061,134.45091702175245,135.68780317037033,304021100
2025-05-29,138.83984375,143.12902933343943,137.56306504893934,141.89214330786072,369241900
2025-05-30,134.79006958007812,139.26876471984465,132.58562239610197,138.37103486307464,333170900
2025-06-02,137.034423828125,137.77255260816483,135.05939358324852,135.14917875467413,197663100
2025-06-03,140.86474609375,141.6427826965636,137.60296789247522,138.43088175862894,225578800
2025-06-04,141.56298828125,142.03180718032695,139.18897047063936,141.83231333868676,167120800
2025-06-05,139.63784790039062,143.63775490128222,138.48076233301106,141.8123566062966,231397900
2025-06-06,141.36349487304688,142.9095987862069,141.15401644541944,142.1515008770834,153986200
2025-06-09,142.2711944580078,144.6352274429253,141.58292783698045,142.8297832459712,185114500
2025-06-10,143.5978546142578,143.92701105784593,141.17395971410352,142.3310452201821,155881900
2025-06-11,142.4805908203125,144.6353103750697,141.52293261104455,144.25623511410478,167694000
2025-06-12,144.64527893066406,144.64527893066406,141.50299102868564,141.62269259555393,162365000
2025-06-13,141.62271118164062,143.2287733742275,140.50545582034982,142.13145812905782,180820600
2025-06-16,144.33604431152344,145.82238955213242,142.84968384945327,142.9993260342438,183133700
2025-06-17,143.76742553710938,144.8647406282524,143.42826095310537,144.13653073401778,139108000
2025-06-18,145.1240997314453,145.2936820241915,142.7698725249477,143.6576946584193,161494100
2025-06-20,143.4980926513672,145.84233449814036,142.30101614416546,145.09416929186932,242956200
2025-06-23,143.81732177734375,144.4258301714446,141.6825573691225,142.15140884759998,154308900
2025-06-24,147.53819274902344,147.59805875973225,145.14406985038545,145.20392063963206,187566100
2025-06-25,153.9324951171875,154.0721520137232,148.8948463426075,148.90483162044157,269146500
2025-06-26,154.64077758789062,156.33661581991106,153.6232685600938,155.59842060814296,198145700
2025-06-27,157.3640899658203,158.32174817747665,154.880175871103,155.65826650868465,263234500
2025-06-30,157.603515625,158.2718747820143,155.57848281781088,158.01250107649778,194580300
2025-07-01,152.92498779296875,156.81544119896878,151.1194180014287,155.9076636637482,213143600
2025-07-02,156.86532592773438,157.2144758260153,152.5957971297394,152.60576718743292,171224100
2025-07-03,158.9501953125,160.58618269349765,157.3840439934681,157.98256705200242,143716100
2025-07-07,157.85289001464844,158.92026447090194,156.95508262544374,157.81297934590498,140139000
2025-07-08,159.6085968017578,159.8280598400772,158.00253468758166,158.9402376292259,138133000
2025-07-09,162.48155212402344,164.01777813022636,160.7657585360006,160.8256093227867,183656400
2025-07-10,163.6985626220703,164.0975779997467,161.214648514871,163.91802564623063,167704100
2025-07-11,164.5165557861328,167.4792915182188,163.07010595303956,163.319494380175,193633300
2025-07-14,163.66864013671875,165.08516454052796,161.62365204151925,164.96544774793,136975800
2025-07-15,170.2824249267578,171.9782632858091,168.7860942767486,170.771231752154,230627400
2025-07-16,170.95077514648438,171.32985042878116,168.4868162544787,170.64153593048928,158831500
2025-07-17,172.5767822265625,173.7339481189201,170.4120926228971,171.59918390717252,160841100
2025-07-18,171.98822021484375,173.82371518980958,170.8410244393951,173.21520688358655,146456400
2025-07-21,170.96075439453125,172.9558617527255,170.58167912560677,172.32739806402674,123126100
2025-07-22,166.6213836669922,170.97071815657463,164.17738028748298,170.9208374301641,193114300
2025-07-23,170.36221313476562,170.84103463039327,167.55908978070133,169.1152710575868,154082200
2025-07-24,173.3149871826172,173.40476336343244,170.88095369299285,172.01816431437092,128984600
2025-07-25,173.07554626464844,174.29256285091202,172.5368740284716,173.1852777673922,122316800
2025-07-28,176.31761169433594,176.56700011257405,173.54441370124516,173.594294429185,140023500
2025-07-29,175.0806427001953,178.9411858321479,174.5918511336965,177.52466141853475,154077500
2025-07-30,178.83145141601562,179.4499298230835,175.60934208925488,176.07819353379378,174312200
2025-07-31,177.43487548828125,182.85160010862035,175.49961883405416,182.45256948733228,221685400
2025-08-01,173.29502868652344,176.1081221843386,170.47194991004753,173.6641186818972,204529000
2025-08-04,179.5596466064453,179.75915428060495,174.09305718288007,174.7314908730668,148174600
2025-08-05,177.82391357421875,179.81902093485988,175.46968627980374,179.18058718831315,156407600
2025-08-06,178.98109436035156,179.4599159046609,175.81885075769642,175.89865688532507,137192300
2025-08-07,180.32778930664065,183.43018196887525,178.3626072705472,181.12583532286257,151878400
2025-08-08,182.25303649902344,182.85157473717487,179.9586602147226,181.10585596760288,123396700
2025-08-11,181.6146240234375,183.39026839012567,179.80905426349312,181.6046539661726,138323200
2025-08-12,182.71192932128903,184.0286922178894,179.0209838780724,182.51242163652668,145485700
2025-08-13,181.1457672119141,183.51994981646104,178.9112567337155,182.1732462738988,179871700
2025-08-14,181.57472229003903,182.57227595462552,179.02098734413144,179.3102712094187,129554000
2025-08-15,180.008544921875,181.4549946043823,177.6044370814236,181.43505449173975,156602200
2025-08-18,181.56472778320312,182.49246055927404,180.14820347806383,180.1581887559372,132008000
2025-08-19,175.2103271484375,182.0535459787435,175.06070018553257,181.98370991508045,185229200
2025-08-20,174.9709014892578,175.56943975883806,168.38705663117767,174.74146841521826,215142700
2025-08-21,174.55194091796875,176.4672421817212,173.38480492387563,174.42226928848822,140040900
2025-08-22,177.55458068847656,178.15310374912357,170.78118284108405,172.1877371490149,172789400
2025-08-25,179.37013244628906,181.4650013525793,176.13806812642193,177.91371253514103,163012800
2025-08-26,181.32533264160156,181.94381103857447,178.37256711704984,179.61950918930867,168688200
2025-08-27,181.15574645996097,182.04356858750407,178.6618623689453,181.53480649120215,235518900
2025-08-28,179.72923278808594,184.01871637210735,175.9784366795831,180.3776517699909,281787800
2025-08-29,173.75389099121094,177.714180280125,172.72641192849127,177.67428483075477,243257900
2025-09-02,170.36221313476562,171.9583050821389,166.81092453439402,169.58412249632292,231164900
2025-09-03,170.20260620117188,171.9882358353705,168.46687251736884,170.64153226145447,164424900
2025-09-04,171.24008178710938,171.43958949445846,168.9955858311417,170.1527518438138,141670100
2025-09-05,166.61141967773438,168.61649709218636,163.66863936987482,167.61894341349085,224441400
2025-09-08,167.89825439453125,170.54178073137314,166.9406114031506,167.14011909123315,163769100
2025-09-09,170.3422393798828,170.56170237945196,166.33208505275803,168.67632677148754,157548400
2025-09-10,176.8961944580078,178.85139113084074,175.04074401948455,176.2078799889887,226852000
2025-09-11,176.7465362548828,179.84910351407555,176.05818301908454,179.25053151190707,151159300
2025-09-12,177.39501953125,178.17315412234487,176.028283464474,177.34513598621658,124911000
2025-09-15,177.32516479492188,178.4225418052247,174.0929031464731,175.2501343169162,147061600
2025-09-16,174.46202087402344,177.0757538913052,173.96321593348455,176.5769489507663,140737800
2025-09-17,169.8829803466797,172.78602876073558,168.00748411706098,172.22736966160153,211843800
2025-09-18,175.8187713623047,176.67671647107687,172.54661216194535,173.56416328312818,191763300
2025-09-19,176.24774169921875,177.65437533147113,174.76129744715922,175.34989886544702,237182100
2025-09-22,183.1711578369141,184.10891359634735,174.2924356467209,174.88102184557565,269637000
2025-09-23,178.0035400390625,181.98400930831284,175.78885990523673,181.53508786527135,192559600
2025-09-24,176.54702758789062,179.35030900890538,174.98077271717747,179.34033838980653,143564100
2025-09-25,177.2653045654297,179.82915407834395,172.7162058826927,174.06297010669513,191586700
2025-09-26,177.76409912109375,179.3403244887289,174.51188131329135,177.74414266212372,148573700
2025-09-29,181.4153594970703,183.5602146114836,179.8890176259668,179.99874009736317,193063500
2025-09-30,186.13406372070312,186.9022276338177,181.04624695721463,181.6448190078555,236981000
2025-10-01,186.79248046875,187.6903232769056,183.46045188172369,184.79726069745416,173844900
2025-10-02,188.43853759765625,190.59337868298996,187.6105195355423,189.146847340247,136805800
2025-10-03,187.17156982421875,189.90502650703215,184.93693332773543,188.7378247179256,137596900
2025-10-06,185.09654235839844,186.78250559975277,182.8918329061041,185.0566446584491,157678100
2025-10-07,184.5977325439453,188.6081286768816,183.56022492696124,185.78489078203316,140088000
2025-10-08,188.65802001953125,189.14685437964263,186.0941551173159,186.1240974206304,130168900
2025-10-09,192.10975646972656,194.833227386451,190.60335569438297,191.7705575158363,182997200
2025-10-10,182.72222900390625,195.1524395658232,181.6148814298513,193.04748211324377,268774400
2025-10-13,187.86993408203125,189.65564939423433,185.51557372807815,187.52076447158947,153482800
2025-10-14,179.59971618652344,184.35831986008523,179.2705030798172,184.32839277968645,205641400
2025-10-15,179.4001922607422,184.42813951825556,176.86625456034105,184.35831474003743,214450500
2025-10-16,181.37545776367188,182.84194556906473,179.34034021746592,181.79445210488137,179723300
2025-10-17,182.7821044921875,183.66000615888444,179.32039659193174,179.74936158304564,173135200
2025-10-20,182.20347595214844,184.75735492260156,181.2956472677441,182.69231029505525,128544700
2025-10-21,180.72702026367188,182.35311411361403,179.37027013728058,182.35311411361403,124240200
2025-10-22,179.84912109375,183.0015721983185,176.33752979723928,180.7070662621498,162249600
2025-10-23,181.724609375,182.59252505160657,179.36026373857848,179.98876279946896,111363700
2025-10-24,185.8148193359375,187.02193404421297,183.06142142022415,183.40060514170608,131296700
2025-10-27,191.03233337402344,191.54110896467577,187.9796341631504,189.5359184602369,153452700
2025-10-28,200.54953002929688,202.6644582837766,191.45133202040452,192.58860677151608,297986200
2025-10-29,206.54513549804688,211.68283533037865,204.29054272961417,207.48289118740504,308829600
2025-10-30,202.4050750732422,205.66726375798945,200.9286166610889,204.65966800141675,178864400
2025-10-31,202.0060272216797,207.4729250244422,201.58703290468912,205.95655376605836,179802200
2025-11-03,206.38555908203125,210.83489110171476,205.06870659183733,207.58268802254912,180267300
2025-11-04,198.21511840820312,203.4824975937368,197.4569251230167,202.51481474882632,188919300
2025-11-05,194.74343872070312,202.43500266122365,194.18476438007545,198.29492759193732,171350300
2025-11-06,187.6304626464844,197.14765392942223,185.9345289438528,195.95052515240693,223029800
2025-11-07,187.7002868652344,187.86989393508227,178.48238160939712,184.4580548583195,264942300
2025-11-10,198.5742645263672,199.46213677715232,193.3268264223904,194.6436788693004,198897100
2025-11-11,192.6983337402344,194.9529266552934,190.84277869998112,194.6935535589016,176483300
2025-11-12,193.33680725097656,195.4218083488666,190.673190567689,195.2522164876445,154935300
2025-11-13,186.41339111328125,190.9824463944715,183.4105907203728,190.5933791327836,207423100
2025-11-14,189.71546936035156,190.55345800755305,180.14839424900484,182.42294356130515,186591900
2025-11-17,186.15402221679688,188.54828000089623,183.87947275520656,185.52552307898492,173628900
2025-11-18,180.92654418945312,184.3583249108488,179.22062444838815,182.94172058465784,213598900
2025-11-19,186.07420349121097,187.41099710874653,182.39302051116815,184.3483273978252,247246400
2025-11-20,180.208251953125,195.53154064523628,179.42014682895694,195.4816571057099,343504800
2025-11-21,178.4524688720703,184.1188859589464,172.51667761994415,180.80682891210233,346926200
2025-11-24,182.11370849609375,183.06143495137792,176.05820849098825,179.06102433247585,256618300
2025-11-25,177.39501953125,177.73420328176402,169.14478047484366,174.49197074476177,320600300
2025-11-26,179.8291473388672,182.4728225932506,177.81398638784032,181.1958831941039,183852000
2025-11-28,176.57696533203125,178.86148547381688,176.0781603452176,178.58215589898683,121332800
2025-12-01,179.48995971679688,179.86905632530258,173.26486886531237,174.34228931397226,188131000
2025-12-02,181.0263214111328,185.21628046187368,179.56980408021653,181.32559224007645,182632200
2025-12-03,179.16075134277344,182.013916155068,178.68190287158453,180.64719551618873,165138000
2025-12-04,182.9518890380859,184.08922700452197,179.53987513877786,181.19598816136636,167364900
2025-12-05,181.9841461181641,184.22889322931675,180.4876480440623,183.4606866221248,143971100
2025-12-08,185.1168212890625,187.5610985176648,181.97416608957425,182.2136112701494,204378100
2025-12-09,184.5381774902344,185.2864265695677,182.89203560496765,185.12679644575,144719700
2025-12-10,183.35096740722656,185.0469957406681,181.61502392815055,184.53819180758595,162785400
2025-12-11,180.50759887695312,180.89670300875093,176.20766331092784,179.85912243695617,182136600
2025-12-12,174.61141967773438,182.3932136047752,174.21234434473615,180.6871989054384,204274900
2025-12-15,175.87843322753906,178.0034654802094,174.6213802569945,177.52459033283526,164775600
2025-12-16,177.3050994873047,178.0733061224419,174.4916756985292,175.84850127733236,148588100
2025-12-17,170.54092407226562,175.71880987812392,169.91239000563186,175.68888113429998,222775500
2025-12-18,173.73345947265625,175.7387615308714,171.41888356310693,174.1225483861358,176096000
2025-12-19,180.56748962402344,181.02640724251643,175.9283357789888,176.25756723043006,324925900
2025-12-22,183.26116943359375,183.73007341419415,181.9243013805983,183.49062822521736,129064400
2025-12-23,188.7682952880859,188.88801027625055,182.47301321780617,182.54285710968043,174873600
2025-12-24,188.169677734375,188.4689804086018,186.154389299292,187.50124372172945,65528500
2025-12-26,190.085205078125,192.240166195598,187.5611125998212,189.47662851874145,139740300
2025-12-29,187.7805938720703,188.31932652162573,185.47598909796272,187.2717899684254,120006100
2025-12-30,187.1021728515625,188.5487999407664,186.49359631469855,187.8005508490403,97687300
2025-12-31,186.06460571289065,190.11512498868177,186.05463453876877,189.1274459397885,120100500
2026-01-02,188.4091339111328,192.4795957147097,187.8204997023152,189.39681300359115,148240500
2026-01-05,187.68081665039065,193.17796293683364,185.7154145267434,191.31231822272787,183529700
2026-01-06,186.80288696289065,191.72137039337457,186.3838692947835,190.0752284670132,176862600
2026-01-07,188.66851806640625,190.9232365533545,186.12446806753155,188.12978540958392,153543200
2026-01-08,184.60801696777344,189.10749810453436,183.28113525242415,188.6685228499072,172457000
2026-01-09,184.42843627929688,185.9049768874807,183.2412119543349,184.64792389684447,131327500
2026-01-12,184.5082550048828,186.6831584288149,182.59273912358017,182.79226917353867,137968500
2026-01-13,185.3762054443359,187.6708389078061,182.9718281779948,184.5680989064521,160128900
2026-01-14,182.71246337890625,184.029389177148,180.37792970729708,183.889716612774,159586100
2026-01-15,186.6133270263672,189.25713440169068,185.895006678512,186.06460797964908,206188600
2026-01-16,185.7952423095703,189.99542077422672,185.64559857342888,188.63859508159712,187967200
2026-01-20,177.65431213378906,181.95424822676716,177.19537928172147,181.4753578011745,223345300
2026-01-21,182.89202880859375,184.947217101084,177.9835016341843,178.6319932794081,200381000
2026-01-22,184.40847778320312,185.7353746560278,183.5005985718231,184.31869154642928,139636600
2026-01-23,187.23187255859375,189.15737478680413,186.38386606278428,187.06227125943187,142748100
2026-01-26,186.03468322753903,188.6784906596197,185.55580805974404,186.7230748442759,124799600
2026-01-27,188.07989501953125,189.55643562401056,185.2664711415707,186.8028844605491,143711600
2026-01-28,191.0728759765625,191.9009400606663,189.39679023846315,190.82345963399504,148552700
2026-01-29,192.06057739257812,193.0283141326731,185.6256380470483,190.89331059974717,171764400
2026-01-30,190.68380737304688,194.0359639826301,189.0276790286862,190.76362243793776,179489500
2026-02-02,185.1766815185547,189.8557348322644,184.44839001538193,186.7629659025267,165794100
2026-02-03,179.91897583007812,185.8351396091497,175.81857039871747,185.8052108647954,204019600
2026-02-04,173.78335571289062,179.16077214377114,171.50867959294058,179.04105715530034,207014100
2026-02-05,171.47874450683594,176.40721432559468,170.63072277473634,174.52161198787914,206312900
2026-02-06,184.9771728515625,186.5634574188361,174.1924107166939,176.27752805781466,231346200
2026-02-09,189.59632873535156,193.20788788877485,183.5205500126207,183.8298238555102,196387400
2026-02-10,188.099853515625,192.0306581643501,187.68083581715956,190.9332352083219,136764800
2026-02-11,189.6063232421875,192.80882083578368,188.329312674443,192.00071425091673,144192700
2026-02-12,186.5035858154297,193.1580126884611,186.0745817463215,192.5793648877844,189932500
2026-02-13,182.3832244873047,187.0622780376601,181.16607138035295,187.04232046551596,161888000
2026-02-17,184.5381774902344,186.71308084037668,178.76168607280786,181.3256935584433,162276900
2026-02-18,187.5411376953125,189.92555739322245,186.3239846890322,188.3093443160685,164749100
2026-02-19,187.4613342285156,187.9900957055448,185.22657333636724,186.62329889395997,126554500
2026-02-20,189.3768615722656,189.88566546751952,185.5059147845697,186.13444888465776,178422300
2026-02-23,191.10281372070312,193.4972046328596,189.13741163084848,190.9531547742145,171584800
2026-02-24,192.39979553222656,193.31764595479845,186.96250644177093,191.04296985904048,175123600
2026-02-25,195.10345458984375,197.16862939564908,193.3375824661624,193.9960453222018,250637100
2026-02-26,184.4583740234375,193.8364236513225,183.8897126034445,193.81648130196652,360807900
2026-02-27,176.77635192871094,182.16373952566903,175.96824531148394,180.82687141264745,311636500
2026-03-02,182.05398559570312,183.0317086895539,174.23229218389588,174.6014235260267,209095300
2026-03-03,179.62966918945312,180.4776756968921,176.50697142699124,178.07331350693755,178099400
2026-03-04,182.6126708984375,184.26879914121503,179.6396322236537,180.01874995283958,177731200
2026-03-05,182.91197204589844,183.63029235671348,177.46472744924466,180.74703993972415,198779700
2026-03-06,177.40489196777344,182.3333469017365,176.40722643712078,179.4201653790109,189021900
2026-03-09,182.2235870361328,182.48298979408452,175.1501427003192,176.4171820751478,177213600
2026-03-10,184.3386383056641,186.00473767957752,181.58507208744064,181.97416098047233,179118500
2026-03-11,185.60574340820312,187.1921136401388,184.02934488988055,185.4860219488843,145280400
2026-03-12,182.72235107421875,184.51824924312825,181.33552155955925,183.63027948516628,155762700
2026-03-13,179.83892822265625,185.6656060713691,179.5296376335348,184.49827615888313,160988400
2026-03-16,182.8021697998047,188.4492658789173,180.9962999229416,182.55273992235968,217307400
2026-03-17,181.5150909423828,184.97717862722425,181.26566108165355,184.63795767039016,182497800
2026-03-18,179.98858642578125,182.9618014097589,179.91875397930713,182.0638447517288,156683100
2026-03-19,178.1527862548828,179.56954607641802,175.38909905828712,177.60403750119184,170968500
2026-03-20,172.30613708496094,177.85345450506617,171.32837633709812,177.59405294207926,241323500
2026-03-23,175.23944091796875,177.96321071223454,174.36144294367455,176.85574153065542,182836300
2026-03-24,174.80044555664062,175.81812366395545,173.58322660302642,174.4312942297872,147667800
2026-03-25,178.2725067138672,180.8067226806179,176.44669348987364,176.69612335614488,162602100
2026-03-26,170.8494873046875,176.10745794358192,170.74970926821888,175.66847416549638,186152200
2026-03-27,167.13795471191406,170.58008352629554,166.62910808502988,169.61229451028825,196212700
2026-03-30,164.79331970214844,169.0635577295173,163.89537828689438,168.3950875250076,185627000
2026-03-31,174.0022735595703,174.22177306603788,166.57925331681818,166.58922503111532,226181300
2026-04-01,175.3491973876953,176.96549806235143,174.3514779146501,175.5986272559566,168132000
2026-04-02,176.98544311523438,177.0852211444685,170.9791680862979,171.7873183615289,143143200
2026-04-06,177.23487854003906,177.3845303646084,175.35916114415525,176.75597747742694,107564300
2026-04-07,177.69383239746094,177.8235255680002,173.26395579650787,175.32922705160684,132534900
2026-04-08,181.66476440429688,184.837505037226,179.8888249511496,184.079243714486,147732700
2026-04-09,183.49058532714844,183.6601958045732,180.20807985372045,181.42529878487736,116428500
2026-04-10,188.1998291015625,189.56669990817065,183.87970195572368,183.88967366981893,160459500
2026-04-13,188.87826538085935,189.2274732756209,185.3164148846483,185.605746824658,133648200
2026-04-14,196.0618438720703,196.0618438720703,190.33494396561244,190.40477641072036,161307000
2026-04-15,198.41647338867188,199.94298301571828,195.2936216855987,196.09178511161633,185338400
2026-04-16,197.8976593017578,199.39423847906176,195.36344336942167,196.97974400923297,134012900
2026-04-17,201.2200469970703,201.2400056483541,198.8155547450397,199.44410763257105,160324400
2026-04-20,201.59918212890625,201.70893187328167,197.3888049886708,199.52392392325544,119381400
2026-04-21,199.42417907714844,202.28762917830335,198.54618104306965,201.66904795828867,107945300
2026-04-22,202.03819274902344,202.03819274902344,198.54617460274403,200.53164182940824,107501000
2026-04-23,199.18470764160156,203.3651545152774,196.77022843278436,201.99828375930824,113561800
2026-04-24,207.79502868652344,210.46890943516505,199.35431566144257,199.50398270942756,214134400
2026-04-27,216.1160125732422,216.33551207209095,206.90706623150768,209.17187844164343,187172400
2026-04-28,212.6838531494141,214.2402930542568,207.72518626919629,209.01225288404052,180275400
2026-04-29,208.77279663085935,212.23488436877423,207.10660696252424,212.2149257168926,123711800
2026-04-30,199.11488342285156,209.82040915320695,198.24685712515335,209.45124259423537,225239200
2026-05-01,197.99742126464844,202.5370477944956,196.67045257290908,200.8209691272831,128647000
2026-05-04,198.02734375,201.2699318245734,194.2958829090753,199.04502180842945,125368100
2026-05-05,196.05186462402344,199.7833407086998,195.58293528206713,198.84548202478717,113406600
2026-05-06,207.3560333251953,207.7950323152332,198.15705885791613,199.43413852494055,188362800
2026-05-07,211.0176696777344,213.7115092245668,206.02907228582575,207.86487247229027,168307900
2026-05-08,214.709228515625,217.30330524675068,212.40449895841255,212.5441790763045,136421400
2026-05-11,218.93955993652344,221.79303819063415,213.40221390900197,213.55186573785767,160685800
2026-05-12,220.27650451660156,223.23973257586303,214.42986778297353,218.0515943496244,159176600
2026-05-13,225.3149871826172,227.32039781394545,221.0647077692387,224.41703053540263,150405400
2026-05-14,235.202392578125,236.00055597235212,228.7770767762568,229.32582552778115,180782900
2026-05-15,224.80616760253903,230.9720668751014,223.7286287034134,229.23602944473367,180977600
2026-05-18,221.81300354003903,229.4754818886306,217.8719993892805,229.34577348371204,146280900
2026-05-19,220.1068878173828,223.9680572056967,217.41304835521052,219.1191400841904,140948200
2026-05-20,222.9603729248047,225.61431038954527,219.9971448577806,222.6710257508039,184201600
2026-05-21,219.0093994140625,226.8814055684356,217.43300079554024,221.7830583738447,203381800
2026-05-22,214.83892822265625,220.50596731800164,214.3101381389001,220.39621757095847,169275700
2026-05-26,214.37001037597656,217.6824311685512,211.5165320236786,216.04617181279937,187202600
2026-05-27,212.1151580810547,213.66161102691768,208.30386252985457,213.63168066177133,167601200
2026-05-28,213.76138305664065,215.02849096688144,210.73829446983817,210.79815519844968,143996000
2026-05-29,210.6584930419922,217.36316924965476,210.64852132770383,214.09065053210412,289410600
2026-06-01,223.8483428955078,224.3571743491113,215.20808855445495,215.23801892090273,212850700
2026-06-02,222.3118438720703,231.7502608645459,220.84519513709748,226.6618858382332,193362900
2026-06-03,214.26025390625,222.31185725112735,214.02079575535723,221.2143597561905,160907000
2026-06-04,218.4156036376953,221.35231998810903,210.73419644348996,213.67091279390368,169022200
2026-06-05,204.87075805664065,214.62982678346356,204.101614447126,214.2902104723603,219655500
2026-06-08,208.40679931640625,210.23475572682116,205.76975069388217,209.94507132882276,138372800
2026-06-09,207.95730590820312,211.16370951624515,199.11719156565087,210.3845825512031,180962500
2026-06-10,200.19598388671875,206.98838641050185,199.696542748819,204.2014963256503,161746600
2026-06-11,204.64100646972656,205.43013200106668,199.31696212361035,201.26479475008583,158643200
2026-06-12,204.96066284179688,206.83856645475237,203.21261880599857,204.6310298517525,112001800
2026-06-15,212.21253967285156,212.47225882321928,208.1071328472061,208.68648640498935,149936700
2026-06-16,207.1781768798828,211.25361840198772,207.05830064217733,210.9439520928381,125694100
2026-06-17,204.42124938964844,208.9761653200819,202.8530121596522,208.29691745433288,128363500
2026-06-18,210.4545135498047,211.1537281092123,206.26919428756833,207.09826842291383,241272000
2026-06-22,208.41677856445312,213.7508214450341,207.48782537372824,211.2036686200953,122041400
2026-06-23,199.81640625,203.5422481594977,199.77645766483005,201.94403040148535,153496200
2026-06-24,198.7775726318359,201.44458647582783,196.36027935647695,199.8963159019567,151810700
2026-06-25,195.5212249755859,200.5755669254449,191.9152592982058,199.8563704571445,149550000
2026-06-26,192.31480407714844,195.33143282930595,191.0062707295152,192.90414096411192,179304100
2026-06-29,194.7520751953125,195.96071419295149,189.58785574691487,193.6333319429392,148835700
2026-06-30,199.86634826660156,200.4057532237791,194.89191886651452,197.0195429632178,166476700
2026-07-01,197.35916137695312,199.62662840490705,193.23377271109229,195.98069896251877,146147600
2026-07-02,194.61224365234375,199.8363939026278,192.1350197738411,196.9196593659626,142068700
2026-07-06,195.33143615722656,197.3292007505161,193.77318221313823,194.20269428466304,108999000
2026-07-07,196.7098846435547,198.18824142626735,190.92636281467173,192.15498377986225,124154600
2026-07-08,203.891845703125,204.93069180759116,194.84197470333905,194.9618356993413,147419100
2026-07-09,202.5533447265625,204.36131918975943,198.73762239526957,204.23147485952867,132037400
2026-07-10,210.7242126464844,210.7641612313501,201.69430829342895,201.7742207048944,148421000
2026-07-13,203.3025054931641,210.33464515051216,202.77309911383117,208.3069001369788,121411000
2026-07-14,211.5632781982422,212.31243993744155,203.57221964678251,207.96729575339148,124379600
2026-07-15,212.26248168945312,213.57101502024952,205.80969553973085,211.7230919717581,124797200
2026-07-16,207.16818237304688,210.84407715298516,205.61992700554663,209.93509060438328,122986100
2026-07-17,202.58331298828125,206.41901728963356,197.74872640584337,202.41350482950477,144281900
2026-07-20,203.05279541015625,207.50781723343968,202.05391309694545,205.639896943356,88701500
2026-07-21,207.0583038330078,208.4167843613107,203.78197113093623,207.308024406286,108685600
2026-07-22,211.8229827880859,214.15038042761168,204.72092886821056,205.57996827489495,137645600
2026-07-23,208.5266571044922,210.63429930291463,205.72979894313585,209.22588688656515,110505300
2026-07-24,206.6088104248047,211.6731509810223,204.5810805834776,207.21812923496972,114836800
2026-07-27,196.2903594970703,208.51668459839084,195.22156333884288,207.96729627325777,154353700
2026-07-28,196.789794921875,198.47790843456417,192.52457850774027,194.78204700134697,134111500
2026-07-29,189.7976226806641,196.84974460884015,189.7976226806641,195.63110696844683,147680800
2026-07-30,194.82199096679688,197.0295274868271,191.3059363552755,193.23377181769484,129010200
2026-07-31,200.5256195068359,201.77422236802423,194.73209918257555,198.2182038580375,139961200
2026-08-03,206.40904235839844,208.50670133078404,196.62999113475112,197.46904862701152,128406900
2026-08-04,211.70310974121097,212.82185300096492,208.8163406042335,211.06382570110384,134922000
2026-08-05,218.9749755859375,221.9716224388697,216.15812022814887,216.6176127852948,158187400
2026-08-06,218.7452392578125,223.38005249670456,216.75745800384053,221.2823935806188,113940600
2026-08-07,223.70968627929688,224.50877992471257,220.4133716458871,221.29237770419127,105669400
2026-08-10,217.3068389892578,223.8894694330602,216.5277120448001,223.15029107269072,115846600
2026-08-11,217.25689697265625,221.9516406634887,215.95834695389817,221.92167541427943,101273100
2026-08-12,223.8395233154297,224.848404158734,219.95387191061064,220.7929293559802,108783600
2026-08-13,225.04818725585935,226.97602279610956,223.4599680426375,224.80845001468583,98867200
2026-08-14,224.90834045410156,227.23573802273873,224.24907448357243,226.51654155338588,75680900
2026-08-17,224.7584991455078,227.6652502746616,224.6086728983284,225.72741618855903,93678700
2026-08-18,219.4944000244141,221.39227027986857,218.44557057093272,220.20359791537197,103128200
2026-08-19,217.31683349609375,222.62089613745684,216.51772459764655,221.4222404106533,96797300
2026-08-20,216.60763549804688,219.6142657707553,215.41896310784705,218.1159423024499,92457000
2026-08-21,214.48001098632812,218.49552214328023,214.26025565862156,218.1758724878036,98869300
2026-08-24,208.2469787597656,215.3490325607492,207.01835779182304,215.28910206110336,135187300
2026-08-25,212.81187438964844,214.48998931653267,209.87515802586688,210.79412790131315,122309000
2026-08-26,209.4256591796875,213.3612577394914,208.99613188036045,212.40232405945304,179900000
2026-08-27,227.7251739501953,230.21239627098788,220.6530857022795,222.61090164325523,298909800
2026-08-28,217.3068389892578,229.00374173344596,216.56766062888835,227.10587153371227,195116400
2026-08-31,220.53323364257812,221.0526567078369,215.96834944345457,218.62536478578363,124702700
2026-09-01,217.1969757080078,220.1636574397174,214.8595947199138,216.50774446342592,109756200
2026-09-02,224.1591796875,227.6952163087265,218.23579974693772,218.5454508199983,157104700
2026-09-03,228.1946563720703,230.14247379152744,224.4987949430455,225.76737972053164,134681600
2026-09-04,230.10252380371097,234.49759976142684,229.37334400327853,230.83170360414337,135352400
2026-09-08,225.47769165039065,233.44878317831424,224.59868561283855,232.84944771666764,122965600
2026-09-09,223.4199981689453,225.9271872095504,223.21024142511232,225.0281992525124,82955500
2026-09-10,218.36000061035156,220.9900054931641,217.1999969482422,220.52999877929688,105768000
2026-09-11,218.2899932861328,222.0,218.1499938964844,221.2400054931641,89060100
2026-09-14,210.9600067138672,212.77000427246097,208.92999267578125,211.2400054931641,132267200
2026-09-15,212.1699981689453,213.94000244140625,211.16000366210935,213.3800048828125,88059700
2026-09-16,213.8999938964844,216.7599945068359,212.5,214.13999938964844,96563600
2026-09-17,219.33999633789065,219.91000366210935,217.1499938964844,218.3800048828125,94191300
2026-09-18,222.27000427246097,222.72999572753903,218.02999877929688,219.3500061035156,190287400
2026-09-21,227.3800048828125,228.5,221.55999755859375,222.94000244140625,109806100
2026-09-22,228.8699951171875,229.97999572753903,226.5,226.8500061035156,95746700
2026-09-23,225.5099945068359,228.9499969482422,224.02000427246097,228.02999877929688,89547300
2026-09-24,224.5800018310547,224.94000244140625,221.08999633789065,222.0800018310547,77469900
2026-09-25,225.07000732421875,226.94000244140625,223.1300048828125,225.1300048828125,89947700
2026-09-28,228.86000061035156,233.2100067138672,228.0399932861328,229.75,141544300
