Date,Close,High,Low,Open,Volume
2021-08-24,290.4327087402344,293.3406816671721,289.8376824227541,292.73604870310123,18175800
2021-08-25,289.8471984863281,292.3232815826595,288.32123587171554,292.04495251552714,20006100
2021-08-26,287.0448913574219,290.2503776581435,286.9105447389248,288.86836772999834,17666100
2021-08-27,287.64947509765625,288.7531556639914,284.8758490691569,286.9488636063391,22605700
2021-08-30,291.3636169433594,291.9682498481404,288.9355079671407,288.9930892639242,16348100
2021-08-31,289.7225036621094,292.23698468985657,289.3578025746856,292.1602193870829,26285300
2021-09-01,289.6744384765625,292.8991369938273,289.34813475379116,290.6725629329241,18983800
2021-09-02,289.0218811035156,291.14287031326114,288.0909444169398,290.02961237848854,16285600
2021-09-03,289.01226806640625,290.41346160185293,288.16770342962735,288.8682855530755,14747900
2021-09-07,288.0909423828125,288.96429776620096,286.1907010174333,288.8875324668998,17180400
2021-09-08,288.1197509765625,288.5036360740859,285.4901073055441,287.7070752289388,15046800
2021-09-09,285.2789611816406,289.97204208683576,285.0390293387629,288.705194927188,19927000
2021-09-10,283.8009948730469,287.84146850871275,283.4842977028129,286.4018773396256,19633400
2021-09-13,285.0294189453125,286.51701392472955,282.2366088163071,285.56686392320825,23652900
2021-09-14,287.7165832519531,289.25215240424126,286.09464217897033,287.495835484481,21853400
2021-09-15,292.5440368652344,293.02390044019006,289.66485541550026,291.0468648544565,28356300
2021-09-16,292.9280090332031,293.0143809877708,288.6476328716932,291.52681517817695,19550800
2021-09-17,287.7934265136719,292.23696868760265,287.4671227397801,291.9202715592397,41372500
2021-09-20,282.4477233886719,286.68973080217256,277.860228217035,284.3959685720782,38278700
2021-09-21,282.9276428222656,285.5573159726547,282.2270605228024,283.78181431814966,22364100
2021-09-22,286.5553894042969,288.12935637243464,282.64932121103874,284.7799171748866,26626300
2021-09-23,287.495849609375,288.7818804171432,285.54760475520084,286.8144515647207,18604600
2021-09-24,287.2942810058594,287.726140579273,284.97172879750883,286.2193914606386,14999000
2021-09-27,282.322998046875,284.53035916304015,281.142522901756,284.21366203503686,23571700
2021-09-28,272.1018371582031,279.0694657966121,271.36285777992146,278.12892262453175,43186200
2021-09-29,272.5625915527344,275.2210260039281,271.6124707643782,273.6182975889951,26353700
2021-09-30,270.5663146972656,276.23827687630234,270.278378953934,274.20365982638276,32343600
2021-10-01,277.4571533203125,278.301717984921,269.96168585473896,270.7582465838053,30086300
2021-10-04,271.7084045410156,276.1615536435043,268.9635982922401,275.8256432027342,31350700
2021-10-05,277.13079833984375,278.70473550593067,272.6104627485689,272.6104627485689,24993000
2021-10-06,281.3056945800781,281.80477159124865,274.0117895006264,274.27090536434855,28002600
2021-10-07,282.9756164550781,284.6935366211754,282.0830770442581,283.29231359523686,20430500
2021-10-08,282.9756164550781,284.6935366211754,281.9295171528448,284.2904382451461,17685700
2021-10-11,282.38055419921875,285.9699246769011,280.960147351055,281.1233138675637,19298600
2021-10-12,281.0849609375,283.5418606976777,280.57630659547624,283.4458821015579,17974100
2021-10-13,284.37677001953125,285.307706593833,281.67033223174053,283.0331577701654,23416300
2021-10-14,290.5574035644531,291.05645115386534,285.83553295482557,287.15996114857046,27262900
2021-10-15,291.95855712890625,292.18891153668244,288.4171619780037,290.1638722349593,25384800
2021-10-18,294.91461181640625,295.7975445356027,290.49986035476513,291.3444250695116,22729300
2021-10-19,295.8167724609375,296.84365846900545,294.8474384623916,295.9319350570906,17682100
2021-10-20,295.02978515625,297.22756896603414,293.7821220408967,296.75728265313415,16537100
2021-10-21,298.2448425292969,298.49435169218145,294.0220192983192,294.79942529790196,16918100
2021-10-22,296.70928955078125,298.56155617287357,295.40404521926826,297.8993420062516,17449300
2021-10-25,295.72076416015625,296.9396072317386,294.1180067552253,296.90120994069343,17554500
2021-10-26,297.6209716796875,299.81875504845516,296.171803603044,298.475142899543,28107300
2021-10-27,310.1549987792969,312.9669919625181,303.27374305157826,303.27374305157826,52588700
2021-10-28,311.28759765625,311.786645375774,308.4179927254557,311.2683843629812,26297900
2021-10-29,318.2648010253906,318.62950212965984,310.8557042019177,311.07645205149026,34766000
2021-11-01,316.1053161621094,318.1399329660543,313.2261348081766,318.01516375454963,27073200
2021-11-02,319.7138977050781,320.02101741036,316.7099471564869,317.00746021830776,26487100
2021-11-03,320.54888916015625,321.4126377941951,317.3337971387141,320.45291058114077,21500100
2021-11-04,322.8906555175781,322.98663410539643,316.2397523503642,319.48363531417436,23992200
2021-11-05,322.5259704589844,325.14603666479826,320.9520328371746,324.8773141787061,22570100
2021-11-08,323.41845703125,324.05188049254014,320.9711644072854,323.7159701176598,20897000
2021-11-09,322.4203186035156,325.07875202475316,321.0574932867859,323.5335762229284,21307400
2021-11-10,317.4777526855469,321.15352434002415,316.6332173342628,321.09594304990367,25500900
2021-11-11,319.0421142578125,320.328145224204,317.1994543880921,317.90964316198944,16849800
2021-11-12,323.1593322753906,323.6488025020353,320.3473387102782,320.4721079279366,23831000
2021-11-15,322.53558349609375,324.2726876885674,320.57773146516666,323.94638389817203,16723000
2021-11-16,325.8370056152344,326.95029273164477,321.9980966435647,322.161233873272,20886800
2021-11-17,326.05810546875,329.00986527743964,324.98124921933237,325.88504557340764,19053400
2021-11-18,328.12530517578125,329.2598774584323,324.1351564442823,325.1543261152059,22463500
2021-11-19,329.89453125,331.80790302922895,329.01960724084404,329.44266225338714,21963400
2021-11-22,326.74078369140625,336.2018030638584,326.4715696014347,331.3462958819071,31031100
2021-11-23,324.6736145019531,326.3754584116151,320.7123087229874,324.067875438659,30427600
2021-11-24,324.894775390625,325.1351461786082,321.0488427828943,323.32755315823283,21661300
2021-11-26,316.9817810058594,324.91401757282057,315.48186952965966,321.4719205549108,24217200
2021-11-29,323.6639709472656,325.9715238793215,321.8467543076653,322.0390626112231,28563500
2021-11-30,317.85675048828125,324.76981754216854,316.3183713889176,322.40457691540473,42885600
2021-12-01,317.3663635253906,326.21202075185647,316.7029671084376,322.22187131790565,33337600
2021-12-02,316.79901123046875,320.6449430720415,315.17410268003374,317.5778100810167,30766000
2021-12-03,310.56866455078125,319.8854381080619,305.7804681645628,319.20276398285586,41779300
2021-12-06,313.62615966796875,314.83763770524575,306.9342458292847,311.47244701692887,30032600
2021-12-07,322.01995849609375,322.8660390443126,317.38560254163633,318.8662948497607,31021900
2021-12-08,322.0679931640625,322.5775780301863,318.0585957516276,322.39489389495935,24761000
2021-12-09,320.2700500488281,323.52946273979535,319.327785978313,321.52959065515364,22214200
2021-12-10,329.3464660644531,329.78874012403924,321.89497120742305,322.0776553641923,38095700
2021-12-13,326.32733154296875,330.5482560904691,326.01964993405755,327.5580286364802,28899400
2021-12-14,315.69329833984375,321.7506583393585,311.62621502626087,320.38533968281865,44438700
2021-12-15,321.76031494140625,322.279524033455,312.0012673025278,315.95294877643335,35381100
2021-12-16,312.3858642578125,323.78906948093504,310.5782712717892,322.7794945853097,35034800
2021-12-17,311.3282470703125,312.40513289702955,305.03054387453375,308.52073257010983,47750300
2021-12-20,307.5880126953125,310.36668315061627,305.3381461233178,307.72260504980915,28326500
2021-12-21,314.6838073730469,315.10686227817746,307.48227910762097,310.8378750297764,24740600
2021-12-22,320.3661193847656,320.7603015592964,313.20305992289275,315.6548296221217,24831500
2021-12-23,321.7987060546875,323.43323868042853,319.9142078338815,319.9334269282315,19617800
2021-12-27,329.25994873046875,329.2887920541107,322.51031757686,322.53916090050194,19947000
2021-12-28,328.1061096191406,330.567504020854,327.21193737349995,329.9329216504245,15661500
2021-12-29,328.7791748046875,331.0386367329647,326.5965892757154,328.1541872836197,15042000
2021-12-30,326.25042724609375,329.91367522578065,325.76968573335654,328.7406647610165,15994500
2021-12-31,323.3659973144531,326.288884758608,322.9140990920403,325.47164761227714,18000800
2022-01-03,321.8564147949219,324.9812343560376,317.07784340008425,322.4333104284771,28865100
2022-01-04,316.3375549316406,322.28913749513237,313.55885476913005,321.93336411107276,32674300
2022-01-05,304.1940002441406,313.51077298431005,303.80941290749814,313.30884042531306,40054300
2022-01-06,301.79034423828125,306.4247001927171,299.49238536143025,301.0884509560254,39646100
2022-01-07,301.9441833496094,304.3094237353557,298.14631308588326,302.0499324142328,32720000
2022-01-10,302.165283203125,302.597962334878,292.95428801782003,297.56939515988586,44289500
2022-01-11,302.8479309082031,304.41512357671206,297.95398587837894,301.3095522143525,29386800
2022-01-12,306.01116943359375,310.95320590504565,304.8670023701138,307.35726904389804,34372200
2022-01-13,293.05999755859375,308.52066014986855,292.2908229193429,308.1264486110597,45366000
2022-01-14,298.2521057128906,298.8482206128136,292.0505272250826,292.53126883368355,39846400
2022-01-18,290.9928283691406,297.8674260520063,290.1178753051929,292.3581471597959,42333200
2022-01-19,291.6466064453125,301.81911235300396,291.04089684223516,294.49261706590465,45933900
2022-01-20,289.9833068847656,299.6462002381442,289.541032877528,297.16558676731063,35380700
2022-01-21,284.6278076171875,292.39657724568343,284.2239718518976,291.03128783502143,57984400
2022-01-24,284.9547424316406,285.6662305381032,265.4173987440913,280.9453743252705,85731500
2022-01-25,277.3782043457031,283.6278434641429,274.18610328061175,280.29149648415216,72848600
2022-01-26,285.2816467285156,296.61754086589866,281.74339590875957,296.1271750879496,90428900
2022-01-27,288.2910461425781,295.46370078193985,286.4546101746923,291.0024351218943,53481300
2022-01-28,296.3868408203125,296.5983683124137,283.10875927077944,288.66613137183003,49743700
2022-01-31,299.0019836425781,300.3480539279597,294.56953190677376,297.05017439324195,46444500
2022-02-01,296.8675231933594,298.6654918462446,293.37733494145994,298.45396439636784,40950400
2022-02-02,301.3865051269531,302.98257070424955,296.9829251353378,297.70403751014493,36636000
2022-02-03,289.6468200683594,299.2424331685659,288.4064984985747,297.5694324128608,43730000
2022-02-04,294.1561584472656,296.9059861831538,288.41610284488047,288.6468494123292,35096500
2022-02-07,289.3582763671875,295.98287796690846,288.3487017661909,294.3772180338793,28533300
2022-02-08,292.829345703125,293.79082898408933,288.39692186210715,289.64683839050434,32421200
2022-02-09,299.2231750488281,299.91544411863055,295.55033156667764,297.9347910965561,31284700
2022-02-10,290.73321533203125,297.2136009412112,289.1179310391646,292.3292805293152,45386200
2022-02-11,283.67596435546875,292.5696824760353,282.8875412205064,291.51204526354115,39175600
2022-02-14,283.6374816894531,285.3297011391844,280.1280746488406,282.45484705008886,36359500
2022-02-15,288.8968505859375,289.21412712294915,285.57972189739905,288.45457654151164,27058300
2022-02-16,288.5596618652344,289.8796128761614,282.9522516965207,287.4709345634299,29982100
2022-02-17,280.1100158691406,285.95826419364323,279.40667124960413,285.5343344781432,32461600
2022-02-18,277.4122619628906,283.12563925409984,275.85144328731116,282.34522991631013,34264000
2022-02-22,277.2099609375,280.8904283246642,274.10758220532034,274.5893178506724,41736100
2022-02-23,270.0321044921875,281.04460436118626,269.8683308283759,279.58010909240227,37811200
2022-02-24,283.8289794921875,284.3781651371424,261.6016916782459,262.55554816759064,56989700
2022-02-25,286.4495544433594,286.7578722133429,280.9963051733294,284.35883888428555,32546700
2022-02-28,287.8755187988281,288.2127395416602,282.29701327303695,283.5591579767434,34627500
2022-03-01,284.17584228515625,289.01245712557574,281.47810528267394,285.5728578838848,31217800
2022-03-02,289.2244567871094,290.4576988958387,282.97153735333467,284.57087386389,31873000
2022-03-03,285.11041259765625,292.05703176941057,283.30869674167064,291.82580808856017,27314500
2022-03-04,279.2717590332031,284.85990985728677,276.6800484526404,283.53995896520416,32356500
2022-03-07,268.7217712402344,279.1079901922431,268.35564745891236,277.9903600081898,43157200
2022-03-08,265.7735290527344,273.58726615536074,260.1372168079997,267.6522801991081,48159500
2022-03-09,277.96142578125,279.0212499230222,270.52342735372963,273.0862641319039,35204500
2022-03-10,275.1577453613281,276.1308607136372,270.33074508462164,272.6816172407287,30628000
2022-03-11,269.8393859863281,278.93455646472097,269.2227503051047,277.44115846333716,27209300
2022-03-14,266.34197998046875,274.9746736705197,265.74463254293596,270.0995117672135,30660700
2022-03-15,276.6607360839844,277.3062746946172,268.5483254301358,270.10914399569396,34245100
2022-03-16,283.6362609863281,283.8096787213844,272.8550174149433,278.54910553558244,37826300
2022-03-17,284.4360656738281,284.811804280285,278.7997513544338,282.5765726814542,30816600
2022-03-18,289.45562744140625,290.00481304770483,282.0369173074508,284.58046582678224,43390600
2022-03-21,288.2319641113281,289.1761761984461,284.1275685810139,287.9718375477952,28351200
2022-03-22,292.9530334472656,293.8586986740922,287.85626286698505,288.84863696836237,27599700
2022-03-23,288.5499267578125,292.1533283713497,286.84459363513463,289.5326860173236,25715400
2022-03-24,292.9916076660156,293.0879606698215,287.4227451186162,288.2127985858923,24484500
2022-03-25,292.5868835449219,294.3404079254056,288.3572608939785,294.08028132501425,22566500
2022-03-28,299.3505554199219,299.446879031132,293.2132183201872,293.2132183201872,29578200
2022-03-29,303.88848876953125,304.2835155341289,297.7607959614938,302.443281807603,30393400
2022-03-30,302.3949890136719,304.40866924528797,300.198276345619,302.29866543748443,28163600
2022-03-31,297.0478210449219,303.6283461991608,296.64317958234875,302.43362184596117,33422100
2022-04-01,298.1173095703125,298.801365976558,294.3790361342476,298.0691183624966,27110500
2022-04-04,303.4645080566406,303.5993787276326,298.39664041936675,298.76276415932574,24289600
2022-04-05,299.5238952636719,303.36813547948924,298.5507800600473,301.826575864707,23156700
2022-04-06,288.5596618652344,295.7856968034289,285.8715686354388,294.0418160572362,40110400
2022-04-07,290.361328125,292.55804141565983,285.52471299808303,285.82338673563873,31411200
2022-04-08,286.1220703125,290.1204702874654,285.4572727698381,289.46531686660774,24361900
2022-04-11,274.83978271484375,281.921271966205,274.5892708132743,281.13124798929533,34569300
2022-04-12,271.75665283203125,280.11957482236716,270.24399616662504,278.6743681898196,30966700
2022-04-13,277.1135559082031,278.0384799408657,271.0244114373308,272.40219747053607,21907200
2022-04-14,269.60809326171875,277.7783384197441,269.11674301597424,277.5663736108414,28221600
2022-04-18,270.27288818359375,272.14202437159116,268.1725283526451,268.72171390745734,20778000
2022-04-19,274.8783264160156,275.71657107306396,268.2400250211419,269.17459327763214,22297700
2022-04-20,275.8996276855469,279.11764770587973,274.94580050630236,278.8285886738467,22906700
2022-04-21,270.5523681640625,282.5861150592423,269.82976470304897,278.03852943515125,29454600
2022-04-22,264.0199890136719,272.8550320937384,263.393738668187,271.39053717811265,29405800
2022-04-25,270.46563720703125,270.8413756866367,260.87908697872507,263.3070532274066,35678900
2022-04-26,260.3492431640625,268.19188507903243,260.137278279722,267.3633137874921,46518400
2022-04-27,272.8742370605469,280.3411367431412,268.9625474500182,271.795154326994,63477700
2022-04-28,279.0501403808594,280.3508322510041,271.17856852888485,274.7723263295594,33646600
2022-04-29,267.38250732421875,279.2910262219157,266.3997773201998,278.0673990236614,37073900
2022-05-02,274.0786437988281,274.5314764230111,266.1300066784379,267.56556930704056,35151100
2022-05-03,271.48687744140625,273.7510403407447,269.91641488989063,273.5872373213016,25978600
2022-05-04,279.3873596191406,280.2544777268917,266.6213675689915,272.2672940906547,33599300
2022-05-05,267.2187194824219,275.8899595127689,264.3186620189304,275.1095502622621,43260400
2022-05-06,264.6944274902344,269.0493063035853,261.3607962940362,264.77149224146683,37780300
2022-05-09,254.91519165039062,262.41099624830406,253.70123795853172,260.1950242973113,47726000
2022-05-10,259.655517578125,263.7502706382624,255.38734673917406,261.765522095456,39336400
2022-05-11,251.0323944091797,261.44751510704526,249.82805548109343,255.97500607449467,48975900
2022-05-12,246.02236938476562,250.3868926130945,240.88706627938942,248.27688839647124,51033800
2022-05-13,251.58157348632812,253.4314509690828,246.02235572360212,247.94929795851922,34925100
2022-05-16,251.94775390625,256.10995712688276,246.43669669823026,250.46399981871846,32550900
2022-05-17,257.07342529296875,258.52824699584437,252.87267503794862,256.3893394840578,28828800
2022-05-18,245.36891174316406,254.56252427185584,244.10382723032592,253.98308927658698,31356000
2022-05-19,244.4611358642578,248.8358391110842,243.2443400632524,245.19507408358177,32692300
2022-05-20,243.90103149414062,249.6760190694131,237.99085911430905,248.42057161150723,39199300
2022-05-23,251.71368408203125,252.5345479716084,244.7412185194128,246.73060439189265,33175400
2022-05-24,250.71897888183594,252.3703436440929,244.80880649372511,249.0483104249833,29043900
2022-05-25,253.51950073242188,255.5088713495961,248.31431201157372,249.28969362909612,28547900
2022-05-26,256.78363037109375,257.9521373499767,252.46688284359203,253.27807996316005,25002100
2022-05-27,263.8719787597656,263.96855616192437,258.38672418405815,259.2751950241192,26910800
2022-05-31,262.5489807128906,265.3495488346776,259.70977573202504,263.1863562668899,37827700
2022-06-01,263.0801086425781,268.1694163803511,260.7817020928469,265.7647953206282,25292200
2022-06-02,265.16607666015625,265.2336837998182,252.63111175251524,255.38340607068776,44008200
2022-06-03,260.7624206542969,264.074846353105,259.20763325124227,261.0424863281772,28059000
2022-06-06,259.5359802246094,264.77980709613064,258.0584370323219,262.732495427998,22400300
2022-06-07,263.15740966796875,263.76581500022235,256.82231988834405,257.49833236224606,22860700
2022-06-08,261.1390380859375,263.64023679590827,260.36644828068603,262.3944559964506,17372300
2022-06-09,255.7117462158203,263.3601943996646,255.55722824112877,258.5992253476871,26439700
2022-06-10,244.3162841796875,251.6460439882833,243.87204872141055,251.6460439882833,31422800
2022-06-13,233.95413208007812,240.48237551040242,233.24916419131782,236.70642597708846,46135800
2022-06-14,236.10769653320312,237.31484044107447,233.22985484717458,235.49929128823007,28651500
2022-06-15,243.12844848632812,246.54708847653447,237.97153296010552,239.79673406143797,33111700
2022-06-16,236.5712890625,238.93728870881043,234.68814708832016,237.54665625537092,33169200
2022-06-17,239.15939331054688,241.91168786918539,235.66350856453076,236.3105360612127,43084800
2022-06-21,245.04058837890625,246.01595545881753,240.95560233610817,241.67988876042264,29928300
2022-06-22,244.45147705078125,248.35297445153836,241.78609384504884,243.253984977507,25939900
2022-06-23,249.9850616455078,250.4775859053946,244.9343892207619,246.80787935964423,25861400
2022-06-24,258.5220642089844,258.7924633838034,252.74707461734272,252.833985480181,33923200
2022-06-27,255.80828857421875,259.10135115094255,254.253471928492,259.014440327957,24615100
2022-06-28,247.68663024902344,257.7590321077553,247.53211228973697,254.92949381458487,27295500
2022-06-29,251.33709716796875,252.9884622351122,246.99136317151596,248.7586241058545,20069800
2022-06-30,248.0246124267578,250.6320551562228,244.22935890804,248.23707094153858,31730900
2022-07-01,250.68035888671875,250.86384714723536,245.88076751202806,247.59975426359935,22837700
2022-07-05,253.83827209472656,253.96381979893323,246.0063204347822,247.37763439031926,22941000
2022-07-06,257.0830078125,258.8019795069243,253.40363564931488,254.70735692498906,23824400
2022-07-07,259.197998046875,259.8353737242691,255.93387539808108,256.0304528288306,20859900
2022-07-08,258.4833984375,258.9083155891827,254.26322667634338,255.7117998376354,19658800
2022-07-11,255.44129943847656,257.3920332460969,253.19116684927542,256.5421992795978,19455200
2022-07-12,244.97299194335938,256.8223224888686,243.39887133033,256.764381930095,35868500
2022-07-13,244.0555419921875,244.8570873615849,239.603594413408,241.61228376039588,29497400
2022-07-14,245.36891174316406,246.39256746391416,237.5079908622042,241.97925680708025,25102800
2022-07-15,247.91844177246094,251.44329684800084,246.0352998179171,246.95272643826956,29774100
2022-07-18,245.53306579589844,251.89712481035676,244.6156393919706,250.8444988809621,20975000
2022-07-19,250.63209533691406,250.81558360506327,244.98265483156152,248.74893867803232,25012600
2022-07-20,253.27821350097656,255.7890798927685,250.0334233119289,250.98947230132677,22788300
2022-07-21,255.75997924804688,255.8082826850065,248.21774680153686,250.88312986354254,22404700
2022-07-22,251.43360900878906,256.23321499283503,250.18785755232344,256.14630415666,21881300
2022-07-25,249.9560546875,252.53452726402583,248.0053205741304,252.05166965931448,21056000
2022-07-26,243.26364135742188,250.9700588947091,241.01353801634696,250.95072573000826,39348000
2022-07-27,259.5262756347656,260.79136010238045,249.97536828625238,252.2061678876976,45994000
2022-07-28,266.9333190917969,268.3142846363358,258.68610373864,260.5016528744498,33459300
2022-07-29,271.1148986816406,272.33170936707273,267.1458230211277,268.17914544538223,32152800
2022-08-01,268.4786071777344,271.63648662465516,266.3829913287717,268.2951188534394,21539600
2022-08-02,265.3978576660156,268.3626103956282,263.0415102262708,266.5373945260248,22754200
2022-08-03,272.7855224609375,273.7802077511645,267.1264171273275,267.2712979571327,23518900
2022-08-04,273.9251403808594,274.0699917823572,270.5644699809408,272.1385611722735,18098700
2022-08-05,273.21051025390625,273.9251301220604,269.1255240569013,269.5794114121241,16774600
2022-08-08,270.70928955078125,276.11730051736697,269.74357435929414,274.3113883534034,18739200
2022-08-09,272.6213684082031,273.37462502798235,268.0921621074516,270.05259210657965,23405200
2022-08-10,279.2462158203125,279.8739248174104,277.1023268586765,278.29016718582943,24687800
2022-08-11,277.1795654296875,281.2259144656879,276.687070719345,280.87827114074025,20065900
2022-08-12,281.9018859863281,281.9018859863281,277.1022809714472,278.58949041203584,22619700
2022-08-15,283.408447265625,284.09409682100915,280.1636287959346,281.02312948938925,18085700
2022-08-16,282.6745300292969,283.95894794046416,280.46306311134526,281.9792138029151,18102900
2022-08-17,281.9292907714844,283.8938524278254,280.1389197170631,280.4002056199427,18253400
2022-08-18,280.81646728515625,282.5003694394688,279.76157712892405,280.8358119587755,17186200
2022-08-19,276.9259338378906,279.9260110820991,276.35495606289055,279.58728744368415,20570000
2022-08-22,268.7967529296875,273.3549182202422,268.28383861490187,272.98716276174565,25061100
2022-08-23,267.5289611816406,269.87093596211275,266.52247730381634,267.5289611816406,17527400
2022-08-24,266.8998718261719,268.2934555497755,266.24176929336426,266.5321164638544,18137000
2022-08-25,269.86126708984375,270.02577059536407,265.67082824168347,268.3902454376077,16583400
2022-08-26,259.4481201171875,271.3032415870308,259.34168014145877,270.0838482135881,27549300
2022-08-29,256.68023681640625,258.78026963394126,255.34471683203174,257.2802461928448,20338500
2022-08-30,254.49313354492188,258.44160128944475,252.2575990184028,258.07387544076863,22767100
2022-08-31,253.04151916503906,258.4996984815058,252.90601788695525,256.835171011409,24791800
2022-09-01,252.00601196289062,252.48023691824085,247.17687383626492,250.52533262450333,23263400
2022-09-02,247.80592346191406,256.20611724920184,246.26718053225406,253.2641326770218,22855400
2022-09-06,245.0864715576172,249.5188219970164,243.81870184632467,247.94138995000887,21328200
2022-09-07,249.77047729492188,250.48661397846638,245.0574662441124,246.48975437812405,24126700
2022-09-08,250.1865997314453,252.03503444444726,246.57684037919475,249.20917715444372,20319900
2022-09-09,255.93511962890625,256.68031756891503,251.89955618095607,252.1027785583023,22084700
2022-09-12,258.0545959472656,258.8288258614007,256.61263518710047,257.212644911898,18747700
2022-09-13,243.86709594726562,252.00598798329736,243.47998110571493,250.49627701855277,33353300
2022-09-14,244.0897216796875,246.03492427019088,241.8057953877336,245.3574916342139,23913000
2022-09-15,237.47018432617188,243.29611908968658,236.15402331387534,241.71867215528192,31530900
2022-09-16,236.85081481933594,237.3927608644155,234.25719690326952,236.38627698047728,39791800
2022-09-19,236.6378936767578,237.23790323040416,233.0861980227324,234.65397254260654,26826900
2022-09-20,234.63461303710938,235.66044153829108,231.91519584554464,234.26687239156138,26660300
2022-09-21,231.24746704101562,239.67670753574686,231.19907583276708,236.3959844466539,28625600
2022-09-22,233.21200561523438,235.99917354124665,229.91193818738796,230.20225587391255,31061200
2022-09-23,230.25067138671875,233.35720386281167,227.61834912688556,231.81844612716222,34176000
2022-09-26,229.7958221435547,233.66688257896323,229.26354838030127,229.4087220067833,27694200
2022-09-27,228.78932189941406,234.00557453802256,226.9408872481293,232.24423519066093,27018700
2022-09-28,233.2991180419922,234.5184966384645,227.16347665591098,229.17642964868273,29029700
2022-09-29,229.8441925048828,232.21521385312766,226.853802133828,231.18938529349765,27484200
2022-09-30,225.3924560546875,232.7861798495217,225.22793778149074,230.60870866268925,35694800
2022-10-03,232.97976684570312,233.82171772604818,227.09575348399042,227.82157728205974,28880400
2022-10-04,240.85739135742188,242.2896796214913,237.08309847338114,237.1895532288344,34888400
2022-10-05,241.16705322265625,242.50257374872547,236.23146021082852,238.0605356080036,20347100
2022-10-06,238.834716796875,242.27028548507374,238.1476119193884,239.9379683013216,20239900
2022-10-07,226.68930053710938,233.5410791626443,225.65378480022213,233.1346048289845,37769600
2022-10-10,221.8601531982422,226.99898360972267,219.4213809672786,225.53766359831536,29743600
2022-10-11,218.1439208984375,221.67625738261597,216.8858233948525,220.28267336430167,30474000
2022-10-12,218.4729461669922,220.51493088352666,216.74065333491876,218.1342225142281,21903900
2022-10-13,226.68930053710938,228.4893441994696,212.06636940173655,212.76316144954848,42551800
2022-10-14,221.19241333007812,229.59262300491255,220.97950380320253,227.94741033961475,30198600
2022-10-17,229.87322998046875,231.25714167375685,227.5602721133645,228.21836002283007,28142300
2022-10-18,230.81198120117188,236.0669387164965,227.782871649091,235.3991931876777,26329600
2022-10-19,228.85707092285156,231.88618020226818,226.7376631373762,229.39901697875123,19985700
2022-10-20,228.53768920898438,233.5313599425322,227.29895124255845,228.16994856599382,21811000
2022-10-21,234.3152618408203,235.16689978355862,226.9408971162325,227.17316603704901,26299700
2022-10-24,239.27992248535156,239.850900353894,233.52172305739012,235.90241694894004,24911200
2022-10-25,242.57998657226562,242.9477272430807,237.90567969361152,239.28957660185964,34775500
2022-10-26,223.86338806152344,230.6183830586996,222.6439948132426,223.71821446357913,82543200
2022-10-27,219.4407196044922,226.15701124638468,218.50198634809382,223.5924250678105,40424600
2022-10-28,228.2667236328125,228.97320270821285,218.76327910286216,218.94715681380413,40647700
2022-10-31,224.64727783203125,227.34733548815285,223.69885756884622,226.22472462576297,28357300
2022-11-01,220.81494140625,228.1409296481597,220.0020223387947,227.03767812320683,30592300
2022-11-02,213.00511169433594,223.84407823127708,212.94703338213586,222.0633939304996,38407000
2022-11-03,207.3436737060547,213.3051102957607,207.08237299301675,212.9954183740974,36633900
2022-11-04,214.25347900390625,214.44702903809562,206.5500636010322,210.53726518655444,36789100
2022-11-07,220.52459716796875,221.04719851693054,214.14702961237924,214.83414923285227,33498000
2022-11-08,221.49237060546875,224.18275612145348,218.5600438397234,221.32785232766216,28192500
2022-11-09,217.27291870117188,221.26012061364744,217.098728086194,220.04072724111327,27852900
2022-11-10,235.14752197265625,235.48624560984527,227.42476185380536,227.84089369162848,46268000
2022-11-11,239.1444549560547,239.99609304249012,234.13142362943438,235.15726712760653,34620200
2022-11-14,233.76365661621094,236.0475827819004,231.49908988674315,234.1894756115481,31123300
2022-11-15,234.17013549804688,239.03799304138178,232.2926687365524,237.74119127906528,31390100
2022-11-16,234.59710693359375,236.60603316606853,233.32576434985185,235.62582643468144,24093300
2022-11-17,234.54859924316406,236.0722794395261,230.6181168177236,230.76368475624398,23123500
2022-11-18,234.1021728515625,236.5478177930803,231.9767921721455,236.3245938837583,27613500
2022-11-21,234.9076690673828,237.45035420758848,234.0730450796648,234.30595375905,26394700
2022-11-22,237.79969787597656,238.07143450191685,233.6071793553725,236.40218676626338,19665700
2022-11-23,240.2744903564453,240.9538320187203,237.06216314669393,237.87737314142396,19508500
2022-11-25,240.18714904785156,241.36143645953254,239.44956540890726,240.01245273021934,9200800
2022-11-28,234.6262664794922,239.37197431349765,233.6946019523786,238.81880127712535,24778200
2022-11-29,233.2384033203125,235.6258059533278,231.18096449697632,234.27682232337006,17956300
2022-11-30,247.61143493652344,247.79583086530997,232.7823119741459,233.47136810668408,47594200
2022-12-01,247.1746826171875,248.56247947765692,243.51592255366535,246.3788718348064,26041500
2022-12-02,247.49493408203125,248.504239491352,242.32220868898867,242.44837741835488,21528500
2022-12-05,242.8171844482422,246.33037684588194,240.7403313992676,244.57377324279298,23435300
2022-12-06,237.88706970214844,244.42819318650004,236.58661356400265,243.41888770234414,22463700
2022-12-07,237.15924072265625,238.89643054089544,235.06298823693052,237.60567377568205,20481500
2022-12-08,240.0998077392578,241.40027877672188,235.88787438426903,237.61534962771674,22611800
2022-12-09,238.17822265625,240.9829448599812,236.95540766792848,237.47946700334126,20609700
2022-12-12,245.05899047851562,245.08810406106682,239.87656546489097,240.14830210772652,30665100
2022-12-13,249.3388671875,256.13231253660445,245.60246632207827,253.96810428467265,42196900
2022-12-14,249.63006591796875,254.84160556776638,246.8059293712521,249.54272515265737,35410900
2022-12-15,241.66229248046875,246.6991500991899,240.04157204816326,246.2333179219407,35560400
2022-12-16,237.46978759765625,242.4678175315528,236.32459886583192,241.21588885198315,86102000
2022-12-19,233.35487365722656,237.9744265437408,231.6662265103739,237.6347483108368,29696400
2022-12-20,234.6650390625,235.74228609848038,231.38477037827317,232.33584867761797,25150800
2022-12-21,237.21743774414062,238.37232600874938,233.02491849714485,234.55829818550004,23690600
2022-12-22,231.16156005859375,234.84943370848737,226.9690262734001,234.14096367729437,28651700
2022-12-23,231.68563842773438,231.8215067666557,227.0369865095698,229.14295316711923,21207000
2022-12-27,229.96786499023438,231.87972122287346,228.87120393787913,231.65651213728756,16688600
2022-12-28,227.6095733642578,232.64643111207874,227.26019552023155,229.89993593986588,17457100
2022-12-29,233.89837646484375,234.78152813488126,228.6965364200889,228.6965364200889,19770700
2022-12-30,232.7434844970703,232.87935283490333,229.6767250905103,231.1809912077217,21938500
2023-01-03,232.51055908203125,238.49849510687616,230.39487805775428,235.90728230837536,25740000
2023-01-04,222.33978271484375,225.9985278733158,219.2924376104367,225.4259409938991,50623400
2023-01-05,215.75015258789062,220.83553784778456,215.21637883212745,220.4958596008794,39585600
2023-01-06,218.2928466796875,219.09835714227594,212.87751216247153,216.4198034707522,43613600
2023-01-09,220.41818237304688,224.4166202823216,219.72914120805405,219.7679543800602,27369800
2023-01-10,222.09719848632812,224.48460157088834,220.62204584662,221.03935048334114,27033900
2023-01-11,228.81297302246094,228.98765452783252,224.29047536414728,224.46515686951886,28669300
2023-01-12,231.4721221923828,232.821105949786,226.6681880812586,228.3180220940589,27269500
2023-01-13,232.17083740234375,232.30670571363828,227.98801852406052,230.00664401224708,21333300
2023-01-17,233.25784301757812,233.80131636600996,230.09402846864725,230.94806647820474,29831300
2023-01-18,228.85182189941406,235.22796439382358,228.57038560512123,234.44186787994613,30028700
2023-01-19,225.0863037109375,228.57038281279662,223.87318816519613,226.88172064205048,28623000
2023-01-20,233.13169860839844,233.63635883113758,227.59018017735744,227.92985845985373,35389800
2023-01-23,235.42201232910156,237.93558370839386,232.5784623295547,233.98568794215404,31934000
2023-01-24,234.89796447753906,236.75160844059997,233.3451855854794,235.34439747923588,40234400
2023-01-25,233.51016235351562,236.1207891156233,224.08667522306712,227.5610395748184,66526600
2023-01-26,240.68209838867188,240.9829486422917,234.85914439539755,236.46045082013288,33454500
2023-01-27,240.83738708496094,242.458107545592,239.5466304719591,241.64289751902396,26498900
2023-01-30,235.54820251464844,238.35292478678218,235.05324194345323,237.2950768809861,25867400
2023-01-31,240.49769592285156,240.6335642533175,235.78110272448055,236.26634887736424,26541100
2023-02-01,245.29196166992188,247.6502511666021,238.2267779645673,240.68212262765826,31259900
2023-02-02,256.7923278808594,256.879668654006,249.65920190306966,251.18288227448434,39940400
2023-02-03,250.72669982910156,256.40408589321055,249.51358441442338,251.88158807324123,29077300
2023-02-06,249.19332885742188,250.67818108032117,247.2620584126065,249.8435718125182,22518000
2023-02-07,259.6649169921875,260.83920438047807,252.40562393796253,252.84235731907512,50841400
2023-02-08,258.85943603515625,268.59347315321855,258.35476105655573,265.13852274513965,54686000
2023-02-09,255.84120178222656,265.8955184484022,255.0453909060254,265.72080730740066,42375100
2023-02-10,255.3365936279297,256.2973717666834,252.96858945697053,253.812913229461,25818500
2023-02-13,263.3139953613281,266.49720913120274,259.26702917112374,259.742590569191,44630900
2023-02-14,264.1388244628906,266.85619025506884,261.33408832644074,264.6240704698557,37047900
2023-02-15,262.0277099609375,263.39953537520864,258.9727165508735,261.05478666212923,28922400
2023-02-16,255.05181884765625,259.51753291113,254.80858804011677,256.87118053744996,29603600
2023-02-17,251.07257080078125,253.04760380497552,249.068351286821,252.36657534668234,30000100
2023-02-21,245.82847595214844,248.57212619836037,244.77771723097973,247.58946437392655,28397400
2023-02-22,244.6998748779297,247.45324893497764,243.5615566726842,247.2100181685843,22491100
2023-02-23,247.8716583251953,249.88560171481558,243.6978093067613,248.64026115369037,29219100
2023-02-24,242.47190856933594,244.2037105882477,241.38223939221282,243.19187704458037,24990900
2023-02-27,243.3864288330078,245.97440765666494,242.63727394286974,245.62415477191715,21190000
2023-02-28,242.66650390625,244.68046206564443,241.99518451978517,242.32598969202303,22491000
2023-03-01,239.60179138183594,244.13560203633548,239.1347775749903,243.97020688018864,27565300
2023-03-02,244.31072998046875,244.592871158647,238.95965271701235,239.8742028427946,24808200
2023-03-03,248.3775177001953,248.69858408661656,244.58312376181246,245.36146516717056,30760100
2023-03-06,249.9147491455078,253.07674918507004,249.04884819003743,249.48666061100502,24109800
2023-03-07,247.26841735839844,250.71257368875254,246.5290010946981,249.36019623261095,21473200
2023-03-08,246.83058166503906,247.6478334867659,244.01883456634258,247.16137194826737,17340200
2023-03-09,245.4879913330078,252.53194586818475,244.76802281359187,248.8932225660645,26653400
2023-03-10,241.85894775390625,245.94522176909533,240.89576339451983,244.28153159617614,28333900
2023-03-13,247.0446319580078,250.92660047438005,239.07638938766013,240.70116918441778,33339700
2023-03-14,253.72865295410156,254.00107026600773,248.93213379575317,249.79803486123274,33620300
2023-03-15,258.2527160644531,259.26456442561187,252.19139432118732,252.9405641280701,46028000
2023-03-16,268.72137451171875,269.0716125790634,256.15119488258745,258.0289293565625,54768800
2023-03-17,271.8639221191406,275.65831665347815,268.8381452248547,270.7256186044692,69527400
2023-03-20,264.85888671875,269.96673338942173,262.5433248107774,269.4802718017387,43466600
2023-03-21,266.36688232421875,267.5538496813645,262.2222204606799,267.43710366119547,34558700
2023-03-22,264.917236328125,273.43031336043435,264.81019934883693,265.9971667055635,34873300
2023-03-23,270.141845703125,273.44977847868375,267.7484630649204,270.41426299778846,36610900
2023-03-24,272.97308349609375,273.03145651581804,267.8263111878216,269.7332324450906,28172000
2023-03-27,268.896484375,273.8389205347129,268.0597550905618,272.90492269572303,26840200
2023-03-28,267.7776184082031,268.66298193563654,264.68370058234905,268.32245293412296,21878600
2023-03-29,272.9146728515625,273.527619165426,270.8715283691032,271.4066242065595,25087000
2023-03-30,276.35882568359375,276.757727762298,273.8584356014265,276.53397442659906,25053400
2023-03-31,280.49371337890625,281.43744995850153,275.33723290766795,276.0474774481902,32766000
2023-04-03,279.4527587890625,280.4645776022263,276.2615716824238,278.7619618964318,24883300
2023-04-04,279.404052734375,282.58553031935185,277.9349590223858,279.4527167048261,25824300
2023-04-05,276.64093017578125,279.37484150873803,275.25939610333745,278.1100534490355,22064800
2023-04-06,283.7043151855469,284.1712991613319,274.3934361820865,275.5414780442243,29770300
2023-04-10,281.55419921875,281.7585047337455,277.0008970457906,281.37905051464327,23103000
2023-04-11,275.17181396484375,278.23654533423,274.01406284794314,278.0127623432296,27276600
2023-04-12,275.81396484375,279.2386732168352,274.32539366289427,277.07878271017614,27403400
2023-04-13,281.9920349121094,282.05040792429327,275.50265429718814,275.91126538247534,24222700
2023-04-14,278.3923034667969,280.6689405579413,276.00862936698525,279.22900330153806,20987900
2023-04-17,280.9801330566406,283.70433510204543,278.4116319357609,282.0795407288976,23836200
2023-04-18,280.5617980957031,283.86002128619106,279.2386370800672,283.6751635426458,20161800
2023-04-19,280.6397705078125,281.2235008029145,276.8356363979775,278.2463575328291,17150300
2023-04-20,278.3630065917969,281.2039550334732,277.3608970127179,277.52630699953454,23244400
2023-04-21,278.0225524902344,278.5187231488767,275.3956478853203,277.2928600656761,21676400
2023-04-24,274.1405029296875,277.2344206340081,271.17309965717897,274.4518454154845,26611000
2023-04-25,267.9625244140625,273.9751827450711,267.9138604386518,271.9417767926592,45772200
2023-04-26,287.3722839355469,291.4585727273819,284.8037824567908,288.6662882525056,64599200
2023-04-27,296.57611083984375,296.9361172975543,287.25552138127716,287.9560271426598,46462600
2023-04-28,298.9403991699219,300.56516432614853,295.0973405603856,295.77839869337646,36469600
2023-05-01,297.28643798828125,300.24413310215317,296.8875358766026,298.6582633895383,21294100
2023-05-02,297.1404724121094,300.8083821173536,295.681087639922,299.42684782678805,26404400
2023-05-03,296.1578063964844,300.25380462015016,295.8562025897096,298.3176970170622,22360800
2023-05-04,297.1404724121094,299.42684782678805,295.1848873161754,297.94798558856564,22519900
2023-05-05,302.2386474609375,303.52291347139607,296.03139143498703,297.4421422377088,28197100
2023-05-08,300.29278564453125,301.80083464980765,297.8021042471063,301.73272288949374,21318600
2023-05-09,298.6874694824219,301.64516479019926,298.0161499933003,299.6603928357848,21340800
2023-05-10,303.8536682128906,304.5249876536261,299.3393196181208,300.2635789224399,30078000
2023-05-11,301.7131652832031,302.6958271056149,297.9674351385275,301.7034562423544,31680200
2023-05-12,300.6041259765625,302.23863006419236,298.2983024080732,302.14133179180067,19774700
2023-05-15,301.0807800292969,301.50886857686805,299.26141854774806,300.73054195833356,16336500
2023-05-16,303.2990417480469,305.2157014683238,301.4407550392499,301.4407550392499,26730300
2023-05-17,306.1656799316406,306.58494426267947,302.9870076180216,304.49835287265563,24315000
2023-05-18,310.5728759765625,311.07992095632784,305.892648471435,306.68243649097326,27276000
2023-05-19,310.39739990234375,310.7971739556616,308.47655029580653,308.83731401909836,27546700
2023-05-22,313.16650390625,314.5413277664758,310.07561254298156,310.65088838415517,24115700
2023-05-23,307.3943176269531,314.66818336254534,307.38455760354833,312.04529609718725,30797200
2023-05-24,306.01947021484375,308.60334694737196,304.81038789466385,306.87751903685313,23384900
2023-05-25,317.78826904296875,318.74379887860135,312.01596067772016,315.17511275761063,43301700
2023-05-26,324.5843811035156,325.0816363269195,315.7991718307155,315.9356633458704,36630600
2023-05-30,322.9462890625,327.36326419300417,322.2735022093098,326.86600894737563,29503100
2023-05-31,320.1966552734375,327.55827021551164,319.1630749897936,323.99934398362257,45950600
2023-06-01,324.2820739746094,325.2083832572948,316.6181962485788,317.79799826429337,26773900
2023-06-02,327.0317687988281,329.0793797798021,324.25287030723234,325.9104672337744,25873800
2023-06-05,327.5582580566406,330.11288397336966,326.31019540433937,326.8562209549611,21307100
2023-06-06,325.35467529296875,327.00251216553283,323.8823700342451,326.9635018339944,20396200
2023-06-07,315.3116760253906,326.1444673202271,314.45362725824225,323.37532887108034,40717100
2023-06-08,317.1447448730469,318.49031851672504,315.2823959646681,315.8576718437754,23277700
2023-06-09,318.6365661621094,321.7567079982965,316.3159426317722,316.8814584828526,22529000
2023-06-12,323.5703430175781,323.81410551348466,317.0472562466259,320.3819105271756,24260300
2023-06-13,325.9494934082031,328.5723804542734,322.1468041193806,326.12499527780267,22951300
2023-06-14,328.9233703613281,330.58096729872784,324.50639495848685,325.9982202996805,26003800
2023-06-15,339.4149169921875,341.1114945004108,328.78687775426107,329.0598905688736,38899100
2023-06-16,333.7888488769531,342.70082003895476,333.41835487715986,342.5545684921727,46552000
2023-06-20,329.61566162109375,333.54511218147553,327.48029960440283,330.84423422142726,26375400
2023-06-21,325.2376403808594,329.3036115330344,323.78482556024073,327.97752820350655,25117800
2023-06-22,331.2342224121094,331.63399647710884,325.0231587622799,325.7836965611128,23556800
2023-06-23,326.6612854003906,329.5279351767741,325.13047930366815,326.0177487407771,23146900
2023-06-26,320.40142822265625,327.7240333118318,320.29415725203825,325.39367934124914,21520600
2023-06-27,326.2225341796875,327.76310031619386,321.0840008711868,323.58012686208883,24354100
2023-06-28,327.4706115722656,329.54747323357384,325.48150085713195,326.3102994681185,20259500
2023-06-29,326.6904602050781,327.72401072843235,324.32109606698276,326.358946806659,16997000
2023-06-30,332.0435485839844,334.17891054970244,328.78688502474677,329.32315064368396,26832800
2023-07-03,329.5571594238281,332.394558661991,328.1726050055835,330.727231395335,12508700
2023-07-05,329.7131652832031,333.12584042536054,326.3785108077479,326.7295145394102,18172400
2023-07-06,332.7552490234375,334.43233594271175,327.12922214467216,328.8842999586327,28161200
2023-07-07,328.8063659667969,333.26235165945616,328.5918537740865,330.8539769415479,21214800
2023-07-10,323.5508117675781,326.86600540201454,319.4166095021663,326.25171917261997,32791400
2023-07-11,324.17486572265625,324.55511973893175,318.84134117994995,322.800041689948,26698200
2023-07-12,328.786865234375,333.1258197926784,327.29503995487715,328.20182929500714,29995300
2023-07-13,334.1105651855469,335.1636058678445,330.56136966089974,331.08790488012767,20567200
2023-07-14,336.626220703125,342.66178201390807,335.71943143019837,338.91759393807007,28352700
2023-07-17,337.10406494140625,338.33260777182664,333.66213945063294,337.0552945851425,20363900
2023-07-18,350.5207214355469,357.62884439822335,333.63287773911316,337.20153461943244,64738600
2023-07-19,346.220703125,353.41657610071684,343.6465868791131,352.7242990079896,39732900
2023-07-20,338.215576171875,349.03863672095343,336.7530012262202,344.74842283159865,33778400
2023-07-21,335.19293212890625,341.56000752112044,331.35123269865875,340.43870595783125,69405400
2023-07-24,336.4994812011719,338.2643490243122,333.76935318489967,337.2210384138867,26678100
2023-07-25,342.2230529785156,343.11035203179654,336.46050402116185,338.4495845575855,41637700
2023-07-26,329.3426513671875,336.0705206538034,324.79891447113727,332.92109821610006,58383700
2023-07-27,322.468505859375,332.8137710712754,320.8401594248719,331.98500245672983,39635300
2023-07-28,329.92767333984375,331.52676966933615,324.8574310459994,325.3449560601863,28484900
2023-07-31,327.5388488769531,329.27443689751834,325.0426931980882,328.5138989953868,25446000
2023-08-01,327.94830322265625,330.0934250583603,325.37418677597503,326.827001708787,18311900
2023-08-02,319.3288269042969,325.30588726504845,318.21725578875714,325.30588726504845,27761300
2023-08-03,318.5098571777344,321.6495195711113,317.81757996467144,317.86632056535905,18253700
2023-08-04,319.6018981933594,326.7782818997198,319.0753628445266,323.5996092744747,23741500
2023-08-07,321.8737487792969,322.8487988022052,319.3483727907042,320.17717126140934,17741500
2023-08-08,317.91510009765625,320.54774749284115,314.9412089435367,318.8023993344605,22327600
2023-08-09,314.1903381347656,318.94855662350545,313.039756644874,318.32454016439254,22373300
2023-08-10,314.8729248046875,320.06995855318496,313.16658711260004,317.88582607311884,20113700
2023-08-11,313.0008544921875,314.3659187348988,311.2457463891283,312.2695668882884,24355500
2023-08-14,315.9552307128906,315.97472100192863,312.09401103937836,313.3713539974467,18836100
2023-08-15,313.8295593261719,316.97898134379494,312.8935197157339,314.9411305404492,16966300
2023-08-16,313.06744384765625,316.9954627703804,312.4811692512175,313.4582836388938,20698900
2023-08-17,309.6280212402344,314.50381263909213,308.9733414603899,313.20426358487214,21257200
2023-08-18,309.2371520996094,311.0936633520083,304.4199558180871,307.29267431715726,24755000
2023-08-21,314.5136413574219,315.3832578154209,309.7844104350452,310.6540268930442,24040000
2023-08-22,315.080322265625,318.61747186045255,314.1032077999083,318.0507585907704,16084600
2023-08-23,319.51641845703125,321.66608212966844,316.05742502712076,316.40920172771865,21166400
2023-08-24,312.6473083496094,325.35957674760573,312.6375276630827,325.23254709942444,23281400
2023-08-25,315.5884704589844,317.9139780573097,311.5041089468064,314.11301793529276,21684100
2023-08-28,316.29193115234375,318.68584344960186,314.3572339791844,318.207066953983,14808500
2023-08-29,320.8941955566406,321.45115801127633,314.51363868595456,314.51363868595456,19284600
2023-08-30,321.2654113769531,322.26205720426236,318.97896754783574,321.14816243481806,15222100
2023-08-31,320.2590637207031,323.33696848625215,319.3014807588833,321.6661110110973,26411000
2023-09-01,321.1384582519531,324.3922364479654,319.30147820313266,323.7278057381443,14942000
2023-09-05,325.9165344238281,327.18680118433525,321.13845995330405,321.47067530997464,18553900
2023-09-06,325.26190185546875,326.8057297509956,322.6236805967268,325.75045913900095,17535800
2023-09-07,322.35980224609375,325.45723807010125,321.49993683780025,323.7082248346301,18381000
2023-09-08,326.62005615234375,328.46681688735,321.9201377501079,322.5357246617766,19530100
2023-09-11,330.2060241699219,330.6750497904705,327.75345762157895,329.52203220068384,16583300
2023-09-12,324.17724609375,329.08237965274225,323.8939043767627,328.1345774558951,17565500
2023-09-13,328.3690490722656,329.1409777651763,323.59097536312447,323.7277558674077,16544400
2023-09-14,330.94866943359375,333.0592103619418,328.8674109262189,331.38835303568044,20267000
2023-09-15,322.6627502441406,329.6784251727831,322.10578782450574,329.2094292987057,37679800
2023-09-18,321.5292663574219,322.8385960925468,318.89104551464607,320.29809265490445,16834200
2023-09-19,321.1285705566406,321.85165532971325,317.08333334148705,318.7053464649678,16505900
2023-09-20,313.428955078125,322.0471106852366,313.1749256275898,321.9689546587249,21436500
2023-09-21,312.2173156738281,317.9041277757012,307.79098930609734,311.95350556074925,35560400
2023-09-22,309.75506591796875,314.09345652566765,308.9147319725734,313.96642687422224,21447900
2023-09-25,310.2729187011719,310.39994834578414,307.7910397456029,309.34464808220946,17836000
2023-09-26,304.9964904785156,308.6508886408052,302.92498298833925,307.9180528712019,26297600
2023-09-27,305.63165283203125,307.10707545013054,302.60259191792346,305.15284644995364,19410100
2023-09-28,306.462158203125,308.26004502387354,302.36804670236813,303.87278132742597,19683600
2023-09-29,308.52392578125,312.15879317799545,307.7715582965106,310.478154923174,24147300
2023-10-02,314.43536376953125,314.52333029570326,307.96687199890835,309.0417036720847,20570000
2023-10-03,306.21783447265625,314.03474809873137,304.08770284698994,313.4875367112798,21033500
2023-10-04,311.660400390625,312.71570064039577,306.8139213204077,306.84323355961436,20720100
2023-10-05,312.0512390136719,312.65707498694155,307.6933171593875,311.78742886180316,16965600
2023-10-06,319.77044677734375,321.65627028707706,309.0612521971817,309.30553078090355,25673600
2023-10-09,322.2718811035156,322.7408769349448,315.78382712320234,317.3179038998877,19891200
2023-10-10,320.87457275390625,323.5225441036011,320.1710492794707,323.3857337911902,20557100
2023-10-11,324.8124084472656,325.203248275294,321.60747414676473,323.6300784570828,20063200
2023-10-12,323.5811767578125,325.9946502834495,321.1970154685532,323.0046828962765,19313100
2023-10-13,320.229736328125,326.19011074612195,318.8910644547027,324.7733126546174,21072400
2023-10-16,325.02728271484375,328.447182424457,323.03396139187606,323.47364489161663,22158000
2023-10-17,324.4606018066406,325.8285559881701,319.91702585909127,322.0471280716989,18338500
2023-10-18,322.55523681640625,327.909834737972,320.7866620472197,324.8807739787621,23153600
2023-10-19,323.7375793457031,329.1703335138683,323.33695882729216,324.5485712503718,25052100
2023-10-20,319.1939392089844,324.32378924714186,318.0018585787794,324.12835446088064,25027700
2023-10-23,321.7833557128906,325.11531975085603,316.9661883632888,318.0214589074995,24374700
2023-10-24,322.96563720703125,324.24565474799095,320.1026990318568,323.71800459686386,31153600
2023-10-25,332.8735656738281,338.2770069491987,329.8933489527061,337.1239893295993,55053800
2023-10-26,320.3860778808594,333.81162115649903,319.4578072066944,332.7465699625012,37828500
2023-10-27,322.2621154785156,329.0139799295623,320.8843805209721,322.8679216685348,29856500
2023-10-30,329.5904846191406,331.6815239306809,324.235886505314,325.77974409067264,22828100
2023-10-31,330.3721618652344,331.24180806391223,327.03044704898707,331.09524685603606,20265300
2023-11-01,338.14996337890625,339.46907368839175,331.8768762591472,332.0136865785613,28158800
2023-11-02,340.3485107421875,340.84681883225545,336.879736569886,339.29321044253436,24348100
2023-11-03,344.7259521484375,346.27959030223104,339.38113512943426,341.62851616542054,23637700
2023-11-06,348.37060546875,349.3575005821622,345.2633887474612,345.36110615399525,23828300
2023-11-07,352.279052734375,354.16487636600215,349.4454269438777,351.1749086935178,25833900
2023-11-08,354.88800048828125,355.54265050853274,352.2986231921823,353.40276735497133,26767800
2023-11-09,352.43536376953125,356.44153841470893,352.1128993476677,354.0085034994957,24847300
2023-11-10,361.20989990234375,361.6300519453443,352.8067099465058,353.21708130319655,28042100
2023-11-13,358.2882995605469,360.03734267871334,357.52615152445077,359.79306407971893,19986500
2023-11-14,361.79620361328125,363.43777876485865,358.94304574778874,362.5192886771421,27683900
2023-11-15,361.9430847167969,365.33075462470396,359.436566943663,363.51941777960104,26860100
2023-11-16,368.3072204589844,368.48345088606146,362.4424045116938,363.20609957538716,27182300
2023-11-17,362.1192626953125,366.54477320500723,359.32882848725313,365.80064944827456,40157000
2023-11-20,369.55059814453125,370.95070053235196,363.24520725093254,363.46060991672704,52465100
2023-11-21,365.2719421386719,368.35609354646346,363.36268990163154,367.81760182816333,28423100
2023-11-22,369.9520263671875,371.85147806167527,367.1322205576516,370.0988850281661,23345300
2023-11-24,369.54083251953125,370.0695536363756,367.29872033158176,369.44291677497637,10176600
2023-11-27,370.6961364746094,372.683733332582,368.336537498751,368.9044009726802,22179200
2023-11-28,374.70068359375,374.994400937648,370.25557188472965,370.44160282909473,20453100
2023-11-29,370.9311218261719,376.2671856758015,369.5505906614915,375.738494499301,28963400
2023-11-30,370.9898986816406,372.1452267516367,367.6218003340975,370.578664516551,30554400
2023-12-01,366.6818542480469,370.25555453657734,363.54872995472044,368.8848238631299,33040500
2023-12-04,361.424072265625,361.7961042236622,355.31448343294096,361.3848999985792,32063300
2023-12-05,364.7333984375,365.2816906598943,357.9776315061035,358.7902991826528,23065000
2023-12-06,361.0911560058594,366.35870548187097,360.33726166675575,365.73209860202707,21182100
2023-12-07,363.1963195800781,363.6858684513926,358.66309225095546,360.53317252493974,23118900
2023-12-08,366.4076843261719,366.6328576380953,360.53309906732864,361.48282487936234,20154400
2023-12-11,363.5389099121094,363.8326571061726,358.44762055822775,360.7778775179064,27708800
2023-12-12,366.5545349121094,366.59370717928465,362.7164594804309,363.09832185609827,24838300
2023-12-13,366.5447692871094,369.7464376106383,363.0200118977458,368.16027437565873,30955500
2023-12-14,358.28118896484375,365.9475401487158,356.5188251808004,365.50693426286074,43277500
2023-12-15,362.98089599609375,364.61597239957655,358.6238993402138,359.1819921925265,78502300
2023-12-18,364.8606872558594,365.20337736605416,360.9736688806633,361.7275930990288,21802900
2023-12-19,365.4580383300781,365.4580383300781,362.1095108541582,363.7250161772289,20603700
2023-12-20,362.87310791015625,368.17002893044344,362.7849927213884,367.1615597082987,26316700
2023-12-21,365.732177734375,366.58398798641923,362.3053356484184,364.7726511936181,17708000
2023-12-22,366.7503356933594,367.3378001809741,364.9194281127133,365.8691539017797,17107500
2023-12-26,366.8287353515625,369.0610768362086,365.69297847275107,367.1616249726416,12673100
2023-12-27,366.2510681152344,367.2203652351963,365.01739550459973,365.87900622442777,14905400
2023-12-28,367.4357604980469,368.5910885400905,366.33917592392487,367.5238756999293,14327000
2023-12-29,368.1799011230469,369.2764857473798,365.6734134446601,368.14072884940924,18730800
2024-01-02,363.117919921875,368.0427796247224,359.1036138103624,366.0454121665628,25258600
2024-01-03,362.85357666015625,365.45797986261033,360.8072662610182,361.2968150611858,23083500
2024-01-04,360.2491760253906,365.30132326469203,359.49528162444665,362.9221232500447,20901500
2024-01-05,360.0630798339844,364.2829873663412,358.8392080466493,361.25757989361074,21004600
2024-01-08,366.8580627441406,367.35741205524755,361.2967958412056,361.58071261682426,23134000
2024-01-09,367.9350891113281,368.1308907001316,363.4312342532303,364.2341014424794,20830000
2024-01-10,374.7691650390625,376.1399255368866,368.4540036584579,368.5029465849431,25514200
2024-01-11,376.59033203125,382.5138608324762,372.4291670394017,377.9316910243427,27850800
2024-01-12,380.3500671386719,380.55566927985785,376.6099069263744,377.43234537080764,21661200
2024-01-16,382.1123962402344,385.79381264906647,379.5177936668549,385.43155133047776,27202300
2024-01-17,381.32916259765625,381.9557695556543,376.7665639671979,379.87031666196907,22234100
2024-01-18,385.6371765136719,385.75466344784127,381.96556042243856,383.5321225973024,23392100
2024-01-19,390.3368835449219,390.3368835449219,385.27493541414515,387.4877057228784,29331100
2024-01-22,388.2220153808594,392.2460923450514,385.36303712070327,391.6586277842315,27016900
2024-01-23,390.56201171875,391.0319893054533,385.69589563777015,387.4778603727062,20525900
2024-01-24,394.1455383300781,397.1513752160577,392.079656679383,393.14686950723774,24867000
2024-01-25,396.4072570800781,398.5025403738,394.1161721859946,395.8687653294727,21021200
2024-01-26,395.4868469238281,397.6800456471152,394.0182006704119,395.917652215205,17803300
2024-01-29,401.1558532714844,401.4104281984527,395.8785030835569,397.57235261817027,24510200
2024-01-30,400.0495300292969,404.41629745270484,397.9542764658384,403.64283177462937,33477600
2024-01-31,389.2696838378906,406.6388988452341,388.90742243854083,398.45362583308616,47871100
2024-02-01,395.34002685546875,399.4718199134869,393.40140285508346,393.4307745878308,30657700
2024-02-02,402.6245422363281,404.02464472350925,395.12465055102524,395.36942496681314,28256700
2024-02-05,397.17095947265625,402.5657971362689,395.5456537728456,401.33212452419457,25352300
2024-02-06,397.0142517089844,399.44242436350055,394.4881932042721,397.39611409161796,18382600
2024-02-07,405.3953857421875,405.640160164174,398.88439209328425,398.9235643671154,22340500
2024-02-08,405.4541015625,406.8738050650789,403.90714046810643,405.3953580956046,21225300
2024-02-09,411.7594909667969,412.0238664464446,406.41362634312986,406.5702855474464,22032800
2024-02-12,406.5800476074219,411.94548291897434,406.0806983084005,411.76925253567924,21202900
2024-02-13,397.82696533203125,401.4985815288795,394.9582163813525,396.4758057908408,27824900
2024-02-14,401.67205810546875,402.0153819358465,396.84600689910087,400.2791853329973,20401200
2024-02-15,398.79803466796875,401.3189759217452,396.5713838346197,400.34788638470263,21825500
2024-02-16,396.3457946777344,400.49504745207923,395.73763633762957,400.17133095818804,22296500
2024-02-20,395.1000061035156,396.7675320143623,390.41126629664336,395.5413968145009,24307900
2024-02-21,394.50164794921875,394.60956341609165,389.6363517174895,392.53004284668083,18518900
2024-02-22,403.79083251953125,404.9482969480148,400.76964859968683,402.3587150074255,27009900
2024-02-23,402.505859375,407.92046175721333,401.162019956702,407.73411674298126,16295900
2024-02-26,399.7593688964844,404.2911603614398,399.58278265548927,403.6045125913183,16193500
2024-02-27,399.7005310058594,400.524490398334,396.13982903252327,400.2007738907874,14835800
2024-02-28,399.9359130859375,401.48573495033145,397.58173927175767,400.38712249937714,13183100
2024-02-29,405.7428283691406,406.29213449344473,398.17021687273217,400.8382880200403,31947300
2024-03-01,407.5673828125,407.93031407980567,403.0355914321904,403.41813008815376,17823400
2024-03-04,406.9984436035156,409.38204334564557,404.4480762959748,405.54668869062186,17596000
2024-03-05,394.96270751953125,406.3412493979287,392.99110225962716,406.056777618859,26919200
2024-03-06,394.4134216308594,397.4248173487459,390.78407881855424,395.2766257394995,22344100
2024-03-07,401.3288269042969,401.9565926355365,394.5605358436286,398.3664647487739,18718500
2024-03-08,398.46453857421875,402.58436507476455,396.61060766849016,400.171309298901,18002200
2024-03-11,396.7969665527344,397.9348236347475,393.5992262388283,396.05149669102667,16120800
2024-03-12,407.3515930175781,407.6360648031442,399.02369122398767,399.8378319323999,22457000
2024-03-13,407.17498779296875,410.1961717884516,403.5946789555971,410.11771230614136,17115900
2024-03-14,417.1017761230469,419.6521433696343,410.009799228429,412.21684262615895,34157300
2024-03-15,408.4698181152344,414.53182378938754,404.9091164524236,411.28501994441507,45079900
2024-03-18,409.3526306152344,412.69753127897746,405.8802070917239,406.34123515822085,20106000
2024-03-19,413.3645324707031,413.61957818454806,407.61639479250874,409.8528643144651,19837900
2024-03-20,417.1116638183594,417.82770774754715,412.62890552421754,413.94331910643774,17860100
2024-03-21,421.1725158691406,422.59484462108253,419.00471729967956,421.6237252238155,21296200
2024-03-22,420.5545959472656,421.65320840400005,417.93558766825475,421.4962894258474,17648500
2024-03-25,414.7868347167969,419.2499850699005,413.5606994442316,417.12140106535213,18060500
2024-03-26,413.59991455078125,417.85705232022457,413.3056540804049,417.48430243445387,16725600
2024-03-27,413.3841857910156,416.3465480734724,411.0104044220357,416.3367294110972,16705000
2024-03-28,412.687744140625,413.81578270674646,411.1182848623514,412.92315255513495,21871200
2024-04-01,416.46417236328125,419.72079454258875,414.15903226844193,415.8560141116514,16316000
2024-04-02,413.39398193359375,414.31603809824145,409.86270618972446,412.0893571765106,17912000
2024-04-03,412.4228515625,415.17920112214335,411.0888008867087,411.71659648353796,16502300
2024-04-04,409.90191650390625,420.48592418548293,409.5978373618215,416.8761593197056,19370900
2024-04-05,417.3960266113281,418.36714603884514,410.33350586860576,411.99124304246095,16554800
2024-04-08,416.48382568359375,419.12247124179834,415.21844567326013,417.0527692258899,14272400
2024-04-09,418.1415710449219,419.5736887198931,413.5705349702072,418.2985199584035,12496900
2024-04-10,415.1792297363281,415.93451830181,411.68719880938414,414.1296507389469,16216600
2024-04-11,419.76007080078125,421.1725811111206,414.2964045264092,417.6903687099733,17966400
2024-04-12,413.8451843261719,417.06256218596104,411.75584496590756,415.9541310748391,19253800
2024-04-15,405.7428283691406,418.67118954498375,405.53681612132254,418.4553885722258,20273500
2024-04-16,406.6648864746094,410.4119627811132,405.8311384974836,406.6550977488978,16765600
2024-04-17,403.9772033691406,410.88280503231437,402.49602250375233,409.2839199801292,15855500
2024-04-18,396.5517272949219,404.02627254838046,396.2378594372626,402.79031869935466,21029900
2024-04-19,391.5000915527344,397.738683518828,390.1758594431205,396.31635459832717,30565800
2024-04-22,393.304931640625,395.1588624515417,388.1944084543801,392.441727661041,20286900
2024-04-23,399.7887878417969,400.40676483693346,395.3648819975192,396.52234656320184,15734500
2024-04-24,401.2502746582031,404.59517495198185,399.01380533371923,401.7407287200192,15065300
2024-04-25,391.421630859375,392.25540884693,380.6218216022703,386.507271018032,40586500
2024-04-26,398.5626220703125,405.1150815807432,398.01331587991365,404.30094095620495,29694700
2024-04-29,394.5703125,398.562615947593,391.56873588609426,397.5130370183344,19582100
2024-04-30,381.8969421386719,394.4820099813431,381.7400231834723,393.8247883748175,28781400
2024-05-01,387.39984130859375,394.050396924473,382.85823208751793,385.1143087080168,23562500
2024-05-02,390.2445373535156,392.2946320183516,387.1154376190438,390.067981051651,17709400
2024-05-03,398.8960876464844,399.3767230316146,394.1877108514565,394.5997054208104,17446700
2024-05-06,405.6448059082031,406.02734455936377,398.61168058742396,400.9560656726651,16996600
2024-05-07,401.52496337890625,406.75322090554647,401.27973632622934,406.74340224425765,20018200
2024-05-08,402.7020568847656,404.3597941214035,398.9451617518151,400.3773092630151,11792300
2024-05-09,404.44805908203125,404.84041635842834,401.2895336143813,402.73146980472023,14689700
2024-05-10,406.8218688964844,407.44966453116945,403.93799631140473,405.0562460600837,13402300
2024-05-13,405.82135009765625,410.3629599472109,402.9767222457907,410.029454744504,15440200
2024-05-14,408.60711669921875,409.51935413927424,403.69275704643184,404.15378509704203,15109300
2024-05-15,415.75115966796875,416.46852499785643,410.0418061194269,410.6608977071615,22239500
2024-05-16,413.6973876953125,418.05067177577746,413.0684896947791,414.49335406459187,17530100
2024-05-17,412.9308776855469,415.5939551336606,410.7886480687753,415.2205329091171,15352200
2024-05-20,417.9720458984375,419.37726753163014,412.7147152549324,412.9309055053418,16272100
2024-05-21,421.6079406738281,425.4698558470045,417.4905197677202,419.4362019217813,21453300
2024-05-22,423.0622863769531,424.91956115828395,419.7310254046841,422.6397422694005,18073700
2024-05-23,419.6032409667969,426.0889176680517,418.05062390261264,425.46982612085486,17211700
2024-05-24,422.7085876464844,423.59299146281916,417.0581916118114,419.7900340603218,11855300
2024-05-28,422.86578369140625,423.35712243524114,419.2102222377172,422.1877338257991,15718000
2024-05-29,421.7356872558594,423.4750155168305,418.31595899186647,418.31595899186647,15517100
2024-05-30,407.4869079589844,416.9500674611062,407.0643338259667,416.9500674611062,28394500
2024-05-31,407.9389343261719,409.5308671519035,397.50290358954135,409.5308671519035,47995300
2024-06-03,406.35675048828125,409.2163453409128,401.83645840787784,408.3319416725267,17484700
2024-06-04,408.8626708984375,409.2262568074665,402.58334672161834,405.28571008638386,14348900
2024-06-05,416.6651306152344,416.73389525429343,409.0886648755249,410.5725176189358,16988000
2024-06-06,417.16619873046875,417.942522272772,413.294447378338,416.66505364933033,14861300
2024-06-07,416.5078430175781,418.8957420228007,415.67256118761725,418.81714102196315,13621700
2024-06-10,420.45819091796875,420.66454478320344,416.5471539046789,417.3431202309482,13982900
2024-06-11,425.1848449707031,425.3224341996882,417.8835591764401,418.10958577165815,14551100
2024-06-12,433.4197692871094,435.7192312163597,425.74505981738713,427.7792095971262,22366200
2024-06-13,433.93072509765625,435.7093989946261,431.75901618030764,433.21338970261115,15960600
2024-06-14,434.9035949707031,435.4637283515464,429.15492551069684,430.68790003484014,13582000
2024-06-17,440.6031188964844,443.1286073434569,433.0856417971322,434.92324397820295,20790000
2024-06-18,438.6083068847656,442.3424996772447,437.18344238899346,441.9199255268032,17112500
2024-06-20,437.9793701171875,438.79497924029823,433.6260860366594,438.5689526211533,19877400
2024-06-21,441.9886779785156,442.774807970896,438.77533339876635,439.63025801243765,34187100
2024-06-24,439.9152526855469,444.9072412251996,438.677069430459,442.00833058442447,15913700
2024-06-25,443.138427734375,443.60028735592437,439.01117026568124,440.4851865060809,16413400
2024-06-26,444.3274841308594,445.7425422004591,440.4262530619795,441.222219477512,16507000
2024-06-27,445.0055236816406,448.2680202655606,443.94421515967235,444.3471165440364,14806300
2024-06-28,439.20770263671875,447.49166642517747,438.6770484115445,445.22168389223947,28362300
2024-07-01,448.8182678222656,449.44716577540373,437.9400216100097,440.8880538633733,17662800
2024-07-02,451.3240966796875,451.6287242891569,445.2609636362825,445.3494309967801,13979800
2024-07-03,452.788330078125,453.0339994689676,449.9484075142332,450.2530351597629,9932800
2024-07-05,459.4606628417969,460.2369864186551,451.0194672052492,451.6483651745115,16000300
2024-07-08,458.1635437011719,459.598274429734,456.4143789671548,458.46817132419625,12962300
2024-07-09,451.57958984375,459.2346253511444,450.0662582205172,458.91035499777627,17207200
2024-07-10,458.1733703613281,458.37972423311413,450.91136946375343,453.2305038870679,18196100
2024-07-11,446.8234558105469,456.72883147324404,443.7279978013262,454.96002402992053,23111200
2024-07-12,445.693359375,448.45468069664645,442.8436006787632,446.459846610387,16324300
2024-07-15,446.0962829589844,449.3391368001631,443.61011000854984,445.44771219074863,14429400
2024-07-16,441.73321533203125,446.4304129687703,438.9227718455909,446.3518119574386,17175700
2024-07-17,435.83709716796875,437.1440749862863,431.5722805813875,434.92321432561624,21778000
2024-07-18,432.74169921875,436.9475578488645,426.8751131633182,436.6429302135875,20794800
2024-07-19,429.53814697265625,433.49836608097274,424.51667935003445,425.5976305961669,20940400
2024-07-22,435.2672119140625,436.8984603038917,431.30702244593317,434.13713868906143,15808800
2024-07-23,437.14410400390625,440.62279084734524,435.4244183311835,436.21054835742433,13107100
2024-07-24,421.47039794921875,433.83249840274334,420.18309274942834,432.82034171919196,26805800
2024-07-25,411.15228271484375,422.35480083589914,410.2777152857788,421.3721232816147,29943800
2024-07-26,417.90325927734375,421.490056226304,410.0418390958428,410.95575198353527,23583800
2024-07-29,419.3379821777344,424.66407745687695,417.34314804369717,424.10394408211863,15125800
2024-07-30,415.593994140625,421.6177822082065,410.13027948455533,420.31083428857175,32687600
2024-07-31,411.1031188964844,414.47369536650564,405.0694649339739,413.21586942488864,42891400
2024-08-01,409.8846130371094,420.05533154219523,405.9342601346404,413.50088916463085,30296400
2024-08-02,401.4139099121094,407.81114983489476,397.3358044115477,405.3446197900361,29437900
2024-08-05,388.3050231933594,394.09300828762184,378.90079195613237,382.4286307082766,40709200
2024-08-06,392.6877746582031,398.64282840268,391.59701693545804,393.07103331037194,24946500
2024-08-07,391.5281982421875,402.97638538590667,390.58483621712907,401.5613573427881,20650900
2024-08-08,395.7143859863281,398.8294567188382,393.0120229903142,395.46871662305415,20203000
2024-08-09,398.9866638183594,400.98149772413467,395.29181721770595,397.03114540515713,19276700
2024-08-12,399.7630310058594,401.6792641246606,397.23754263585204,400.008700380632,16762900
2024-08-13,406.83831787109375,407.7620371122612,402.475227409518,402.49487016333154,19414300
2024-08-14,409.6389465332031,410.48406481515934,405.3053649551057,407.61463319199424,18267000
2024-08-15,414.4823913574219,414.5611340262228,411.16480439429694,413.27150876832536,20752100
2024-08-16,411.96221923828125,414.787581998409,410.81040112271256,414.05909962624725,22775600
2024-08-19,414.9746398925781,415.19121979816396,409.98347800679744,412.44459964164133,15234000
2024-08-20,418.1938171386719,419.2373304106215,415.08298552534507,415.14205004692775,16387600
2024-08-21,417.5440673828125,419.7689009161739,415.1616884163413,417.48497282390196,16067300
2024-08-22,409.087646484375,420.1528703345148,408.16226230018384,417.7606371537281,19361900
2024-08-23,410.308349609375,412.73993890763575,405.68142906839694,410.4953972510095,18493800
2024-08-26,407.0596618652344,410.7907306533513,404.94310328054127,409.89487877847426,13152800
2024-08-27,407.404296875,407.91619944694173,403.87012920932085,406.43952621400086,13492900
2024-08-28,404.21466064453125,408.54622911327857,400.975815861933,408.42810007077503,14882700
2024-08-29,406.6954345703125,415.48655408743093,404.2146347079457,408.4871383812944,17045200
2024-08-30,410.65289306640625,410.9974260333262,405.7207960910566,409.13683384861065,24308300
2024-09-03,403.0726623535156,413.3503087826454,400.7001374742272,411.41094371784055,20313600
2024-09-04,402.5410461425781,404.8446523736478,398.0814949690352,399.59755429893164,15135800
2024-09-05,402.0390319824219,406.67577709695456,399.8141682348964,401.2809872314555,14195500
2024-09-06,395.45306396484375,404.2638620080845,394.56703607993364,402.6985921439958,19609500
2024-09-09,399.4105529785156,402.2949806412775,395.8960636873458,400.9069042814964,15295100
2024-09-10,407.7586975097656,409.855548179251,401.3597804269513,401.85200481793703,19594300
2024-09-11,416.4611511230469,417.3963592828998,403.21045111442425,409.03840014283475,19266900
2024-09-12,420.3595886230469,420.7238298297295,413.2223356546228,416.72697057085117,17395700
2024-09-13,423.89373779296875,425.1144444971336,418.84351144501346,419.2077526362247,15874600
2024-09-16,424.632080078125,426.7880250402565,421.5606050753592,423.9035976857479,13834700
2024-09-17,428.3828430175781,434.9786612819886,425.54762597309116,433.3838592052121,18874200
2024-09-18,424.1103210449219,429.249144206207,423.7165475930165,428.235163297131,18898000
2024-09-19,431.8677978515625,434.63409626466625,430.1056262859268,434.36830593406904,21706600
2024-09-20,428.5009765625,432.4092391189892,427.4673174405253,430.42066355244185,55167100
2024-09-23,426.76837158203125,429.67247726227924,423.6968964015023,427.52638627626743,15128900
2024-09-24,422.495849609375,426.61083784634445,419.4735849772464,426.2662748026867,17015800
2024-09-25,425.39013671875,426.3844395741606,421.90520976014716,423.14559476109406,13396400
2024-09-26,424.6025695800781,428.5305103087993,422.45647860828996,428.32378449228514,14492000
2024-09-27,421.3637390136719,425.1341945131492,420.82230422369577,424.8093096047705,14896100
2024-09-30,423.6082458496094,423.7264049247719,418.7549211722127,421.5507517579481,16807300
2024-10-01,414.147705078125,421.81656847562806,412.2969368087723,421.78703621784,19092900
2024-10-02,410.64312744140625,416.24464344442003,410.22964573183543,416.0083553062398,16582300
2024-10-03,410.062255859375,413.02542591560956,407.84724636027164,411.1353013004486,13686400
2024-10-04,409.5897216796875,413.2223397680441,408.51667620718774,411.73581262468696,19169700
2024-10-07,403.1711730957031,410.6234277369143,402.6395623275357,409.5307039810632,20919800
2024-10-08,408.26068115234375,409.19591936395466,401.82240877121177,404.50993429186275,19229300
2024-10-09,410.96795654296875,413.8425600403991,407.857094965171,409.3928325735408,14974300
2024-10-10,409.37310791015625,410.8596349305785,406.72493873590105,408.77260867644156,13848400
2024-10-11,409.8456726074219,410.6430736171545,406.8234080163179,409.6684790592566,14144900
2024-10-14,412.6218566894531,417.4456494762865,411.0270245046469,411.2731366880873,16653100
2024-10-15,412.22802734375,415.9098858066577,408.80216519233556,415.61453317923247,18900200
2024-10-16,409.6487731933594,409.8850312589263,404.09649835161355,408.71356498849764,15508900
2024-10-17,410.2394714355469,415.9295838303706,409.127039576057,415.7917465890575,14820000
2024-10-18,411.65704345703125,413.1238623045801,409.7865970653071,410.6529166681237,17145300
2024-10-21,412.26739501953125,412.4445885621628,407.3156196249642,409.64875806524304,14206100
2024-10-22,420.8616943359375,423.88392916296095,411.53896348036403,411.9819473916582,25482200
2024-10-23,417.9969787597656,424.3761879435249,415.95916247362294,424.159607999447,19654400
2024-10-24,418.1249084472656,419.35546932603506,415.83112614516494,418.7155536346828,13581600
2024-10-25,421.49169921875,425.7937351729216,419.9362835126177,420.1233311665373,16899100
2024-10-28,419.9559631347656,425.2227696357769,419.670464602579,424.9471252042487,14882400
2024-10-29,425.23260498046875,426.43363353122214,419.17822176857095,421.3440208086144,17644100
2024-10-30,425.8035888671875,431.68074872313076,425.3802831426112,430.6372355196224,29749100
2024-10-31,400.0307312011719,409.6881704469,399.9814907408766,408.9005934690843,53971000
2024-11-01,403.9881591796875,409.0383852046151,401.16279656048295,402.64932353081855,24230400
2024-11-04,402.10791015625,404.0374512515174,399.26286901744754,403.42706781751014,19672300
2024-11-05,405.0612487792969,408.4477546696806,401.73380740675793,402.019305938334,17626000
2024-11-06,413.6456298828125,413.91145024796907,404.1358522419557,406.00632872643234,26681800
2024-11-07,418.81402587890625,420.21195632741785,413.3503473156427,414.7285695615749,19901800
2024-11-08,415.9689636230469,419.8673720771894,415.2207729945687,418.7057298172818,16891400
2024-11-11,411.5093688964844,418.20360735923634,409.53061759674426,415.9492116532179,24503300
2024-11-12,416.4513244628906,417.8394007087299,410.71200186963034,411.7456609678349,19401200
2024-11-13,418.5876159667969,422.6533640239858,411.7062988498683,415.0829808583345,21502200
2024-11-14,420.2513427734375,421.51143597611144,413.4684764416515,418.390720208814,30246900
2024-11-15,408.5461730957031,416.22486023548765,407.207337406915,413.29122260558944,28247600
2024-11-18,409.2944030761719,411.8933320342017,405.6913172118432,408.4182293083614,24727000
2024-11-19,411.2928466796875,411.4405079817959,405.1498661250552,406.68560375296545,18133500
2024-11-20,409.028564453125,410.8005900683197,404.19491792354364,410.3871084118776,19191700
2024-11-21,407.2629089355469,414.07906953202513,404.717960528392,413.80287334750346,20780200
2024-11-22,411.33685302734375,411.73141473144454,405.4775199069054,405.7833074853181,24814600
2024-11-25,413.10247802734375,415.36135617252853,409.2159842267064,412.69804256956826,27691100
2024-11-26,422.17755126953125,423.21330950979313,413.161695275106,413.891635863064,23458900
2024-11-27,417.2454833984375,421.4279216336492,416.28865548862075,419.33668746447955,18332400
2024-11-29,417.7090759277344,419.10980447039015,412.1259395107062,414.384847961252,16271900
2024-12-02,425.126953125,427.1195090506518,415.58826631722377,415.84474493949193,20207200
2024-12-03,425.343994140625,426.59673575541547,421.9309618493427,424.0024483022702,18302000
2024-12-04,431.4794921875,433.698935348809,426.754535872994,427.1490975254907,26009400
2024-12-05,436.60882568359375,438.62112911545074,430.24644042721326,431.9726738856543,21697800
2024-12-06,437.54595947265625,440.04159877439776,435.7703869006791,436.2931878578621,18821000
2024-12-09,439.9626770019531,442.2413029263077,434.51765390142566,436.5891402244184,19144400
2024-12-10,437.30926513671875,443.51385110608015,435.602778974257,438.35489731377754,18469500
2024-12-11,442.892333984375,444.2338797106506,438.019420871054,438.019420871054,19200200
2024-12-12,443.45458984375,449.96496224230685,443.0106891858234,443.0106891858234,20834800
2024-12-13,441.1956787109375,445.2991859531554,439.5286279530639,442.34980235220513,20177800
2024-12-16,445.4570617675781,446.03904550783295,439.2327587604127,441.1957234184863,23598800
2024-12-17,448.2880859375,449.1068307764244,443.4645114369834,444.8849575716068,22733500
2024-12-18,431.4499206542969,446.50265760588917,431.08492025325205,445.1907332778121,24444500
2024-12-19,431.09478759765625,437.1612597390131,430.39443838506674,435.6224481744677,22963700
2024-12-20,430.670654296875,437.71367214918683,422.80889160222836,427.2280306144627,64263700
2024-12-23,429.3389892578125,431.70638949616176,426.9518413679703,430.80874434392524,19152500
2024-12-24,433.363525390625,433.6298778354008,428.2933464556966,428.74709084992185,7164500
2024-12-26,432.16009521484375,434.9516783695283,430.7002140852734,433.1169230295789,8194200
2024-12-27,424.6830139160156,429.3093219032342,420.55978930279264,428.69774687773787,18117700
2024-12-30,419.0604553222656,421.7435167493127,416.17025429217676,420.27376177490316,13158700
2024-12-31,415.7756652832031,420.93464819489714,414.9470768224156,420.3131993235258,13246500
2025-01-02,412.89532470703125,420.2836247921959,409.21600045312425,419.7509500092328,16896500
2025-01-03,417.6005859375,418.27134378737713,413.8423310893823,415.3613950253171,16662900
2025-01-06,422.03948974609375,428.42162361284306,419.7016808979234,422.1874466156374,20573600
2025-01-07,416.63385009765625,424.80139942668757,415.0851648128758,423.1738138555601,18139100
2025-01-08,418.7941589355469,421.1714329663283,415.81518360520914,417.7090917280971,15054600
2025-01-10,413.2603454589844,418.9420997125399,409.383695034764,418.8631994200863,20201100
2025-01-13,411.5242614746094,412.81646832203865,406.69081302742603,409.6007318390263,17604800
2025-01-14,410.0248718261719,414.03957499111027,405.14208486737954,412.1357932076061,16935900
2025-01-15,420.5203857421875,422.3353935398116,412.5895665870108,413.43790279096226,19637800
2025-01-16,418.8138427734375,423.6571645662551,418.6264508238549,422.8779150872359,15300000
2025-01-17,423.2034606933594,428.57945778773313,422.35515456567043,428.1947398206691,26197500
2025-01-21,422.6806335449219,425.0480336398343,419.82002384260585,424.3575582513444,26085700
2025-01-22,440.1402282714844,441.1956738632283,430.07874109453735,431.6175525305707,27803800
2025-01-23,440.6432800292969,440.6827452232724,435.50404480374874,435.9972543675129,18389300
2025-01-24,438.029296875,440.5841189283991,435.40541825453283,439.1143639891968,15549500
2025-01-27,428.6583557128906,429.2896784954125,417.74856099112463,418.2516444520013,35647800
2025-01-28,441.1266784667969,442.29064589853647,425.52151949148305,428.69779052094407,23491700
2025-01-29,436.32275390625,440.8109789415141,434.41897223898974,440.62355690140845,23581400
2025-01-30,409.3540954589844,417.1172097708342,407.54896156269734,413.0827588425547,54586300
2025-01-31,409.4231872558594,414.97673266362114,409.2752303832896,413.28996411007114,34161900
2025-02-03,405.3393859863281,409.7683985075356,403.1100689884043,406.01014380943144,25679100
2025-02-04,406.7696533203125,408.2986210393196,404.1753661823544,407.085314667825,20532100
2025-02-05,407.67718505859375,408.20982973334895,404.82641922275565,406.74994863541014,16316700
2025-02-06,410.1728515625,412.5205341470821,408.3775613386283,408.3775613386283,16309800
2025-02-07,404.1852722167969,412.96439718513943,402.5576865372201,410.82388435232116,22886800
2025-02-10,406.6216735839844,409.8176617640726,405.33934082368563,408.09142837737437,20817900
2025-02-11,405.852294921875,406.88802298158646,403.74134350470337,404.0767525043344,18140600
2025-02-12,403.4849548339844,405.17172339110687,398.8783635040398,401.6797906754277,19121700
2025-02-13,404.96453857421875,405.4182829681306,400.8412835235649,401.4726062482461,23891700
2025-02-14,402.8831481933594,403.35664020130986,400.3677915145921,402.2518556192141,22758500
2025-02-18,404.0768127441406,405.02376683445937,400.9794417214404,402.45907065768193,21423100
2025-02-19,409.1371154785156,409.84733856693146,402.1138149948078,402.34070226719325,24114200
2025-02-20,411.3017272949219,414.4448231183109,407.75338500421714,410.4714772753562,23508700
2025-02-21,403.4735412597656,413.19936436928833,403.15727713591093,412.49761092708707,27524800
2025-02-24,399.31243896484375,404.62012670611466,394.6867476536957,403.77011965609864,26443700
2025-02-25,393.283203125,397.25657880262406,392.09714469383994,396.44608593506547,29387400
2025-02-26,395.0920104980469,398.91710270889797,389.6755831630129,393.3919661639477,19619000
2025-02-27,387.97552490234375,401.03224256641477,387.6197164134029,396.61410618114576,21127400
2025-02-28,392.38372802734375,393.01631660620876,382.0846478468725,388.10398215130573,32845700
2025-03-03,383.9823913574219,394.1925506012372,381.6794393165997,394.1925506012372,23007700
2025-03-04,384.1009521484375,388.02488953137174,376.5792652913011,378.9514121108331,29342900
2025-03-05,396.3669738769531,397.0094560898268,384.2986543499986,384.822503579622,23433100
2025-03-06,392.284912109375,397.4838599812305,388.12373889118527,389.7051801734712,23304600
2025-03-07,388.7464294433594,390.21913135054257,381.0665954583891,387.76792604607476,22034100
2025-03-10,375.7490234375,381.9166113327009,372.8431337183802,381.3631114017718,32840100
2025-03-11,376.03570556640625,381.5212976511773,372.53677123025375,374.6025176419591,30380200
2025-03-12,378.82293701171875,380.7503233781215,374.55308456142495,378.5066728711865,24253600
2025-03-13,374.37518310546875,380.8492026304598,373.0705217726956,378.7142611357114,20473000
2025-03-14,384.0515441894531,385.7021804869834,375.10656321193693,375.3734195488383,19952800
2025-03-17,384.1899719238281,388.15342385678485,381.0962841175908,382.2131776873556,22474300
2025-03-18,379.0700378417969,382.87537263830677,376.67813379609476,382.57886557924786,19486900
2025-03-19,383.3201904296875,385.1585946525035,379.5445060727477,381.0567525075918,19185500
2025-03-20,382.35150146484375,387.24407880313566,378.83281046953476,381.26425870483627,18470500
2025-03-21,386.7202453613281,387.194656647968,378.3583844724842,378.77352451177876,39675900
2025-03-24,388.51910400390625,390.81219242783766,385.2870564688155,390.81219242783766,21004500
2025-03-25,390.5749816894531,391.7610400507305,388.08423198363494,389.3493790004213,15775000
2025-03-26,385.4452209472656,390.72325787798576,384.0614710304359,390.4168571879551,16108400
2025-03-27,386.0481262207031,387.6888690270636,382.9050306805178,385.60336562359333,13766800
2025-03-28,374.4048156738281,384.6149747790714,372.5565178920864,383.5771397086297,21632000
2025-03-31,371.0343933105469,372.6948931611048,362.97893300010196,368.2174556076631,35184700
2025-04-01,377.7554626464844,378.4078083047587,368.8994337189865,370.302940607575,19689500
2025-04-02,377.7060852050781,380.61194495123306,372.2501138660857,373.584455994143,16092600
2025-04-03,368.78082275390625,373.10014336261634,365.0644702169303,370.4413527847735,30198000
2025-04-04,355.664794921875,370.2436515761853,355.30898645827625,359.90502676066706,49209900
2025-04-07,353.707763671875,366.6953157485582,340.7894367933375,346.8087713756296,50425000
2025-04-08,350.44610595703125,369.31460473132455,346.1861164728992,363.98715955184485,35868900
2025-04-09,385.95916748046875,388.66739600040677,349.00301621371585,349.43791334353114,50199700
2025-04-10,376.9252014160156,379.4456016968333,363.53240398806116,377.62695483918543,38024400
2025-04-11,383.94287109375,385.52428234575257,374.4937970946495,376.2234920445777,23839200
2025-04-14,383.3102722167969,390.0709046779098,379.75203666792555,388.6575040815548,19251200
2025-04-15,381.2544250488281,387.3429548173336,379.702634359307,384.0021677861047,17199900
2025-04-16,367.2982177734375,377.1821883945702,363.7301188576812,376.25312290658945,21967800
2025-04-17,363.5126647949219,369.9767899290697,362.6330071079686,369.41339637295704,21120200
2025-04-21,354.9531555175781,360.25097956592975,351.54320368031085,358.6102367890087,20807300
2025-04-22,362.5638122558594,363.5027713530303,355.6845470865514,359.1637239988867,19485000
2025-04-23,370.0459899902344,375.9763723537339,368.69186067990836,371.6965961898571,20545500
2025-04-24,382.80621337890625,383.94289425966036,370.8367380816756,371.34083029267134,22232300
2025-04-25,387.3034362792969,387.6098369882708,380.13755681192964,382.5097039822226,18973200
2025-04-28,386.62139892578125,388.18305301396595,382.1538550582223,387.41210451108003,16579400
2025-04-29,389.468017578125,390.5157161336794,385.8504804253008,386.75978890275064,14974000
2025-04-30,390.6738586425781,392.0576085897077,379.97939447353656,385.7713871677669,36461100
2025-05-01,420.464111328125,431.91962985286955,419.9699127886788,426.1078502028247,58938100
2025-05-02,430.2295227050781,434.34125858777406,425.00089318437847,426.73058824697114,30757400
2025-05-05,431.1092224121094,434.40057183462085,427.0963020072091,427.84749353573557,20136100
2025-05-06,428.2823486328125,432.65107712392626,426.1671945058241,427.18524232094876,15104200
2025-05-07,428.3218994140625,433.0365428333408,426.1078693467033,428.80620435216304,23295300
2025-05-08,433.08599853515625,438.52218293606853,430.6051120016966,432.84876270467214,23491300
2025-05-09,433.63946533203125,435.6261229679929,430.8225275981773,434.89471877509555,15324200
2025-05-12,444.04730224609375,444.1560114514232,434.67728663767485,440.7658165502587,22821900
2025-05-13,443.9286804199219,445.4409267506546,440.192510488539,442.5844447017788,23618800
2025-05-14,447.6845703125,448.6334230518337,442.940276452347,442.940276452347,19902800
2025-05-15,448.6946105957031,451.7246558325709,446.0210270484144,446.3576953837484,21992300
2025-05-16,449.82342529296875,449.91254071320964,444.3376746324017,447.6251542704443,23849800
2025-05-19,454.3783874511719,455.0913410046994,446.3873726676465,446.46660651740484,21336500
2025-05-20,453.6852722167969,453.8535912700005,449.87295142774695,451.13050930908776,15441800
2025-05-21,448.14007568359375,453.29906971148773,447.3875051898017,450.12049890400635,19216900
2025-05-22,450.40765380859375,455.74490907390424,449.4570590917957,450.4967994491365,18025600
2025-05-23,445.7734375,449.24908978205974,444.5158796844098,445.57541331723985,16883500
2025-05-27,456.18060302734375,456.4380677238799,451.65532857824905,452.0118204825961,20974300
2025-05-28,452.8831787109375,457.9926743719098,452.45739496057166,456.7054113344306,17086300
2025-05-29,454.1902770996094,457.2005290082406,450.8532686393741,457.0321797296883,13974800
2025-05-30,455.8537902832031,457.16087682654637,451.08099341488645,455.2200705832806,34770500
2025-06-02,457.44805908203125,457.58667299374565,452.41779739511384,452.66535029783114,16626500
2025-06-03,458.4383239746094,459.59688499027794,456.3489615190331,456.9530063856754,15743800
2025-06-04,459.3294372558594,461.13162957016016,458.48775137554446,459.4581695952893,14162700
2025-06-05,463.1022033691406,465.0529216385449,459.4879366863286,460.4088263203011,20131700
2025-06-06,465.7757873535156,468.7068055435685,464.1914425792919,465.4886174973397,15285600
2025-06-09,468.12255859375,468.7958952647425,464.0329796350046,465.10242514198006,16469900
2025-06-10,466.31048583984375,468.172058367284,462.38922592870773,466.57783210788693,15375900
2025-06-11,467.99383544921875,470.81594475736864,465.0628173622344,465.4192790589967,16399200
2025-06-12,474.1826477050781,475.7174938929388,468.88500933710617,470.37032681118086,18950600
2025-06-13,470.3109436035156,474.48963821321644,468.1324959807857,471.7467626653197,16814500
2025-06-16,474.4500427246094,475.9848587535654,470.35055183096546,470.55848782417763,15626100
2025-06-17,473.3608093261719,474.0539393845567,469.4395492382731,470.74663593423935,15414100
2025-06-18,475.53924560546875,476.291816149254,469.8158233270243,473.3211811212961,17526500
2025-06-20,472.7270202636719,478.7277002496467,472.2022093150259,477.5097592999014,37576200
2025-06-23,481.2428283691406,482.97569863590195,467.8848838113984,473.5290716918197,24864000
2025-06-24,485.3126525878906,487.03564153308133,482.0350542054208,484.1640335829149,22305600
2025-06-25,487.4515075683594,489.71910084538035,484.5997232276066,487.223778215148,17495100
2025-06-26,492.580810546875,493.1650318097281,487.98621386300664,488.15456314430565,21578900
2025-06-27,491.0855712890625,494.4126679494895,488.2040517426954,492.6797975508017,34539200
2025-06-30,492.5411682128906,495.8583832017286,490.4815111095117,492.17479474651304,28369000
2025-07-01,487.2336120605469,493.1748817381986,486.1741086010328,491.61036068604886,19945400
2025-07-02,486.28302001953125,488.66943364597034,483.9164299655294,485.1937811955959,16319600
2025-07-03,493.9571533203125,495.2345347518064,488.6100166980764,488.9763901568408,13984800
2025-07-07,492.8481140136719,493.8680307430937,490.3824968234557,492.51144569917784,13981600
2025-07-08,491.7588806152344,493.3234318678901,489.2734398258723,492.37280697303856,11846600
2025-07-09,498.5814514160156,501.8194324629264,494.84833435120834,495.4028504286207,18659500
2025-07-10,496.57135009765625,499.502368126141,492.8778497571002,498.12595942487985,16492100
2025-07-11,498.393310546875,500.0865639242522,492.9273231662245,493.5907782355643,16459500
2025-07-14,498.0962829589844,499.0369961700355,496.1257713282032,496.6109653955542,12058800
2025-07-15,500.86883544921875,503.3245408608939,497.8684955298327,498.09622485625505,14927200
2025-07-16,500.6707763671875,501.7600151535772,496.9773064981989,500.23508085263165,15154400
2025-07-17,506.6913146972656,508.34495123446135,500.67081092720053,500.7302212088446,17503100
2025-07-18,505.0574035644531,509.60250130270686,502.463054063605,509.4440336050126,21209700
2025-07-21,505.0673522949219,507.0775109565722,500.6014880788464,501.75013722027745,14066800
2025-07-22,500.32421875,506.19619667447284,500.32421875,505.968437121084,13868600
2025-07-23,500.9183654785156,501.82937349813983,495.7989881406536,501.78975657062705,16396600
2025-07-24,505.8793640136719,508.6420329312165,502.33438916388565,503.79000158856684,16107000
2025-07-25,508.681640625,513.2167663968169,505.3643953860848,507.4537274302719,19125700
2025-07-28,507.4834899902344,509.9590192096989,505.1267813382861,509.04804137949895,14308000
2025-07-29,507.5527648925781,512.5533213636355,506.55264151082275,510.48381297361453,16469200
2025-07-30,508.21624755859375,510.89974304598894,504.45345515414937,510.127348903314,26380400
2025-07-31,528.2778930664062,550.0130499577134,526.6935786680993,549.795171976257,51617300
2025-08-01,518.9797973632812,530.5553736121248,515.7616096000787,529.7632164041114,28977600
2025-08-04,530.3969116210938,532.9813491761439,522.9604134562841,523.0990575737549,25349000
2025-08-05,522.584228515625,532.0407382325785,522.0792108748774,531.9219176627233,19171600
2025-08-06,519.8016967773438,526.4955370830186,518.9006307843745,525.70337986457,21355700
2025-08-07,515.7418212890625,522.9208551796034,512.483986539974,521.6434435727333,16079100
2025-08-08,516.9300537109375,519.524403327164,514.3257923084495,517.4845698020915,15531000
2025-08-11,516.6627197265625,522.4257584225397,514.6327376205326,517.1875004407061,20194400
2025-08-12,524.0595703125,525.7825288027884,517.5836082950698,518.6233183732385,18667000
2025-08-13,515.484375,527.4857348349631,514.2861971986356,526.9014833945702,19619200
2025-08-14,517.36572265625,520.8017882377586,515.0486614235291,517.4449565045493,20269100
2025-08-15,515.0783081054688,520.9502551513766,513.9990113965767,517.6528943134479,25213300
2025-08-18,512.0383911132812,517.7024328589179,508.9885829187347,516.4844919382945,23760600
2025-08-19,504.7801513671875,510.117376123604,503.57209201860513,509.95896886179673,21481000
2025-08-20,500.76983642578125,505.9981527246316,499.5023667236012,504.87920872605446,27723000
2025-08-21,500.1251220703125,503.48747238505433,498.6175369804135,499.57962247206007,18443300
2025-08-22,503.0907287597656,506.56216679087737,498.310055406757,500.1350363394598,24324200
2025-08-25,500.1449890136719,504.04291093011733,500.00611695670057,502.4956437530773,21638600
2025-08-26,497.94305419921875,500.85906441774694,494.44186237473224,500.2440985723917,30835700
2025-08-27,502.6047058105469,503.1502356611414,495.82052770460996,497.90339657266526,17277900
2025-08-28,505.4810485839844,506.919197559233,501.3748189208979,502.9518399416591,18015600
2025-08-29,502.55511474609375,505.44137107101903,500.3730559294206,504.5090396010348,20961600
2025-09-02,500.9979553222656,501.87077891116434,492.75577163159113,496.3859077753076,18128000
2025-09-03,501.22607421875,503.64616490840893,498.220801883355,499.6788070917271,16345100
2025-09-04,503.8246765136719,504.0032003466391,499.04400319618804,500.18461248708434,15509500
2025-09-05,490.9605407714844,507.79205789513924,488.35199810583333,504.9157294675595,31994800
2025-09-08,494.1344299316406,497.1099483047291,490.990285532587,494.0451377441344,16771000
2025-09-09,494.34271240234375,498.15137232357364,493.63851485593227,497.33805669614713,14410500
2025-09-10,496.28668212890625,499.1233585890913,492.66647432597284,498.87539873589674,21611800
2025-09-11,496.9215087890625,499.0638857033828,493.8170463660224,498.15138006137016,18881600
2025-09-12,505.7389221191406,508.3672905695674,499.73830564164535,502.51544395369297,23624900
2025-09-15,511.1544189453125,511.26350676755015,502.8626547877709,504.63805606783444,17143800
2025-09-16,504.885986328125,513.0091239663263,504.4495745277025,512.6620043570016,19711900
2025-09-17,505.8579406738281,507.1175961354426,501.80132099339164,506.4530503919847,15816600
2025-09-18,504.3008117675781,508.88310546808697,503.51725007824297,507.31598208941665,18913700
2025-09-19,513.703369140625,515.0621842649809,506.1455578149837,506.39351766303514,52474100
2025-09-22,510.25189208984375,513.5150225661836,508.3574445613838,511.3826037577857,20009300
2025-09-23,505.0744323730469,510.3907077578639,503.17008724169204,509.60711582016205,19799600
2025-09-24,505.9869079589844,508.29788064425674,502.7832857896144,506.215041937542,13533700
2025-09-25,502.8923645019531,505.84805701475193,500.9186136455738,504.15198973027213,15786500
2025-09-26,507.28619384765625,509.74596656687834,502.4856945681329,505.8976246789574,16213100
2025-09-29,510.4005432128906,512.6321819161793,504.7272507672145,507.3258652143003,17617800
2025-09-30,513.7232666015625,513.9315141469417,505.5009089039439,509.05168089535164,19728200
2025-10-01,515.4689331054688,516.262392605391,507.5143608700387,510.5989672146665,22632300
2025-10-02,511.53125,517.3434144406598,506.51254498360566,513.4157691025699,21222900
2025-10-03,513.1281127929688,516.2425031799986,510.7973143114264,512.8801529316524,15112300
2025-10-06,524.256591796875,526.6965386672223,513.9712214168786,514.377848960065,21388600
2025-10-07,519.7039794921875,525.4764919541412,517.1847292577561,523.9788048028778,14615200
2025-10-08,520.56689453125,522.6497936321297,518.8213080060119,519.0097599169904,13363400
2025-10-09,518.136962890625,520.0512058016051,513.1777655449532,518.07745494396,18343600
2025-10-10,506.7902526855469,519.307291372133,505.4711195982234,515.3994417043425,24133800
2025-10-13,509.8550720214844,512.1957986627914,507.50441729945595,512.1957986627914,14284200
2025-10-14,509.3790283203125,511.07509568876407,501.87079590760095,506.0662879637401,14684300
2025-10-15,509.2401428222656,512.9694689959882,505.83814063109804,510.75768630195654,14694700
2025-10-16,507.4349670410156,512.6321960787722,503.9833851231019,508.3970827878481,15559600
2025-10-17,509.3888854980469,511.27334399694297,503.17003321642534,504.88592623971425,19867800
2025-10-20,512.5726928710938,514.4671401409408,509.2401268135401,510.41049011219013,14665600
2025-10-21,513.4356689453125,514.4572928075203,508.85337476268893,513.2770012430817,15586200
2025-10-22,516.2921142578125,520.943843958813,513.4852520447155,516.8971823641815,18962700
2025-10-23,516.3118896484375,519.6742395740552,514.3777908083965,518.1964086283891,14023500
2025-10-24,519.3370971679688,521.0628883153897,516.4607987679614,518.5237814648117,15532400
2025-10-27,527.1825561523438,530.2175826339089,524.6930292943027,527.4404441110845,18734700
2025-10-28,537.6464233398438,549.2013167264516,536.3570441492753,545.511702993095,29986700
2025-10-29,537.1306762695312,541.8121902511471,532.3500025514267,540.4930267482002,36023000
2025-10-30,521.469482421875,530.6042843733296,517.8591725476514,526.150935240438,41023100
2025-10-31,513.5843505859375,525.0004316167937,510.896444053691,524.5640198650095,34006400
2025-11-03,512.810791015625,520.6760707602963,510.3907002836433,515.5680732671589,22374700
2025-11-04,510.13275146484375,511.34276641791416,503.6956934801851,507.5837170627558,20958700
2025-11-05,503.02130126953125,510.6287232020861,502.4460174356622,509.11117977922714,23024300
2025-11-06,493.04339599609375,501.5732213085109,491.7639146320967,501.53353925537283,27406500
2025-11-07,492.76568603515625,495.30479262227396,489.2248119110569,492.89463000746537,24019800
2025-11-10,501.8707275390625,502.71379706788474,494.7294718777327,495.9593732946225,26101500
2025-11-11,504.5289001464844,505.4414057875519,498.2505695472254,500.68055811559174,17980000
2025-11-12,506.96881103515625,507.4944847122113,495.04688194383186,505.20330782589343,26574900
2025-11-13,499.182861328125,509.309533151825,497.1991825232493,506.1455630365654,25273100
2025-11-14,506.0166320800781,507.42505738590404,493.38060745410195,494.16416907736203,28505700
2025-11-17,503.3486022949219,507.94082387806293,500.7896697837805,504.300789978241,19092800
2025-11-18,489.76043701171875,498.87544447228873,482.8076324047851,491.3275301094218,33815100
2025-11-19,483.14483642578125,491.14898819063853,478.88983663624714,486.1005289347495,23245300
2025-11-20,475.41387939453125,490.45844852333465,472.50235794747454,489.60385435710714,26802500
2025-11-21,469.1436462402344,475.9007957312625,465.3179114267742,475.4834301610789,31769200
2025-11-24,471.0118103027344,473.89352206444323,465.0694984877541,472.0055061050608,34421000
2025-11-25,473.98297119140625,476.12935785467323,461.95927573241335,471.08139630740516,28019800
2025-11-26,482.4393310546875,485.23161394332453,478.1664510662567,483.244222260298,25709100
2025-11-28,488.9082946777344,489.5243812398697,483.5820692635899,484.5260924315005,14386700
2025-12-01,483.6715087890625,486.77183499200703,481.59468809959253,485.3608038657598,23964000
2025-12-02,486.91094970703125,490.38888506208144,483.2541563831954,483.6516286444489,19562700
2025-12-03,474.71832275390625,481.18726202656165,472.20427350128017,473.31720798581483,34615100
2025-12-04,477.8087158203125,478.28570075231454,473.48613274494215,476.7355376297969,22318200
2025-12-05,480.1141052246094,480.35258253184975,475.86108806940297,479.4781253050461,22608700
2025-12-08,487.92449951171875,489.19642891935564,481.3263751862239,481.8331697469475,21965900
2025-12-09,488.9181823730469,489.01755801519323,485.42038417588924,486.016607703579,14696100
2025-12-10,475.5430603027344,481.19719183884354,472.084987996716,480.97857754952304,35756200
2025-12-11,480.4221496582031,482.96600869209163,472.86010822118624,473.6252734590456,24669200
2025-12-12,475.5132751464844,479.4085762318817,473.3370788032073,476.79515128743174,21248100
2025-12-15,471.8266296386719,477.6894285774835,469.5411111878212,477.0733420562278,23727700
2025-12-16,473.38677978515625,474.87732355778707,467.911505956298,468.9350114671635,20705600
2025-12-17,473.1184387207031,476.9739832708393,472.0055042784347,473.903466892556,24527200
2025-12-18,480.9289245605469,486.51349034093164,474.87732052138307,475.1754171439269,28573500
2025-12-19,482.856689453125,484.7745151206103,479.44828972039977,484.2875835443981,70836100
2025-12-22,481.86297607421875,485.6489546100234,479.6470235443271,483.05539282771,16963000
2025-12-23,483.7807922363281,484.75459468390824,481.6840783901604,481.922585996358,14683600
2025-12-24,484.9433898925781,486.0762176057581,481.77349801821515,482.6181454723109,5855900
2025-12-26,484.6353759765625,485.0427948985028,482.8964083055729,483.64168016456847,8842200
2025-12-29,484.02923583984375,485.27135560420123,481.1276307272214,481.80333660098637,10893400
2025-12-30,484.4068603515625,486.5929730105466,482.43933166580535,482.8666136001516,13944500
2025-12-31,480.5711364746094,485.0626606980731,480.25314655477007,484.76453377627826,15601600
2026-01-02,469.95849609375,481.6046121327098,467.1960229709088,481.3363251826272,25571600
2026-01-05,469.8690490722656,473.0687506521617,466.54016219074447,471.0714124582114,25250300
2026-01-06,475.4933776855469,475.7219083069673,466.78859294331005,470.81304872472026,23037700
2026-01-07,480.4221496582031,486.61288592496,474.9369593023546,476.73554642416184,25564200
2026-01-08,475.0959167480469,479.6172511411785,472.86010104573086,478.20618966596595,18162600
2026-01-09,476.258544921875,476.7951491709672,469.2231916595613,471.07145138115897,18491000
2026-01-12,474.1717529296875,477.95773148860775,472.68120923483104,473.6649886945649,23519900
2026-01-13,467.7028503417969,472.78062170166186,463.01260460367837,471.68755017526297,28545800
2026-01-14,456.4840087890625,465.24841354789686,454.2879494306214,463.51936213123724,28184300
2026-01-15,453.7811279296875,461.32327541703046,453.02590941718984,461.1940901109254,23225800
2026-01-16,456.9609375,460.26996150673693,453.60227115836847,454.9437362325269,34246700
2026-01-20,451.65460205078125,453.92022725149957,446.44764578645413,448.37541805572727,26130000
2026-01-21,441.31024169921875,449.836168925793,435.9144806057656,449.74673993987386,37980500
2026-01-22,448.2959289550781,449.9851935867555,441.89652570286836,444.79810039972057,25349400
2026-01-23,463.0125732421875,468.1301005814363,447.6897705604439,449.02131930234236,38000200
2026-01-26,467.3152770996094,471.2602507862521,459.0874767807031,462.3766075757791,29291200
2026-01-27,477.5503234863281,479.82589540353166,470.17711748937944,470.7137217228436,29213900
2026-01-28,478.5937194824219,480.69040309270366,474.9865988275796,480.16374552458444,36875400
2026-01-29,430.7671203613281,439.71038237575016,418.365786117595,437.21619626544543,128855300
2026-01-30,427.577392578125,436.8286984461687,423.7616041817895,436.4014165119217,58566800
2026-02-02,420.70098876953125,428.02452201181774,419.58805431821895,427.5276741085398,42219900
2026-02-03,408.61767578125,419.3893355198486,405.98438775489564,419.3496095186449,61424100
2026-02-04,411.578857421875,417.15347618992746,406.66005118226167,408.40896545860215,45012400
2026-02-05,391.188232421875,405.72597626088844,389.84673704915224,404.87141244319446,66289200
2026-02-06,398.61114501953125,399.25704122003975,390.4429643868461,396.6535630940219,53515300
2026-02-09,410.99261474609375,412.2744908996196,398.3428555009064,402.2977759502542,45480500
2026-02-10,410.6646728515625,421.0090502850332,410.0982892644293,416.97464756162884,44857900
2026-02-11,401.8207702636719,413.8345489802859,398.4819668946231,413.5563153661985,42491000
2026-02-12,399.3067321777344,403.6392618034954,395.50089045865866,402.44681466699853,40802400
2026-02-13,398.7900390625,402.98343690196634,395.54063411681335,401.900312028468,34091600
2026-02-17,394.35809326171875,397.99502346077054,392.0427954340728,396.70323107498865,32078800
2026-02-18,397.08087158203125,400.02220283554806,393.82155037537984,395.62013745533494,23223400
2026-02-19,396.8517761230469,402.7976819572589,395.0690225854118,399.07278661262325,28234000
2026-02-20,395.6267395019531,398.5050592846536,393.56508699389525,394.51123443489973,34015200
2026-02-23,382.9182434082031,393.7642745182822,381.55377772275136,393.405742102137,43238300
2026-02-24,387.429931640625,387.78846403174964,380.1693467763097,382.5895619940176,33884700
2026-02-25,398.9831237792969,399.84960746436826,388.5852587696308,388.95376053046306,43625500
2026-02-26,400.0986022949219,405.8453028142193,397.1306190557743,403.0765245044552,34405900
2026-02-27,391.15484619140625,395.2183958601928,388.30640407164015,389.30236795593413,51367200
2026-03-02,396.9413757324219,399.57073485574693,389.0533591512552,391.2743390590049,35474900
2026-03-03,402.2996826171875,405.05852201627056,391.0851500003899,391.5532542396072,38199200
2026-03-04,403.5645751953125,409.3710312257941,398.69429724653685,399.6504140582061,35808000
2026-03-05,409.0224304199219,409.9486695143622,402.7677785996419,402.78771732924594,39001300
2026-03-06,407.30938720703125,411.38287590243635,406.8612216895844,407.54843921074234,31123900
2026-03-09,407.757568359375,408.55432729115563,401.8714182880504,403.2857003455267,30131900
2026-03-10,404.122314453125,408.5443965203919,401.30371964643086,408.37506928692744,31706400
2026-03-11,403.245849609375,407.35918518479474,399.96912002302975,403.9330670994013,25512100
2026-03-12,400.2380065917969,404.4808221962511,400.0886180975,402.9968458288957,27263900
2026-03-13,393.9534912109375,403.16615688192843,392.65875035547907,399.3815063856616,26848000
2026-03-16,398.33575439453125,399.01300251860397,393.1965772756644,396.4633374914087,27733700
2026-03-17,397.7979431152344,402.7677932271478,396.1446394015159,398.6544574759768,26228300
2026-03-18,390.20867919921875,396.3936061005556,389.42185925959103,395.5271224277118,25908500
2026-03-19,387.4498596191406,390.90585551603124,385.4977789148814,388.52551763585893,25138800
2026-03-20,380.3287048339844,385.43800417098345,378.58576812261686,385.2288602760525,50853200
2026-03-23,381.4541931152344,385.64719283721575,380.1395134056624,382.3505545919761,29680100
2026-03-24,371.2355651855469,380.9263046350485,370.34917314154325,380.8167328036651,42733600
2026-03-25,369.5424499511719,375.5381416220395,368.13813722010167,375.39872248264555,31181200
2026-03-26,364.4928894042969,373.2075730440749,363.7160388213271,369.32332012922615,36836600
2026-03-27,355.3300476074219,360.9871459448897,355.07111764854045,360.43934753557875,37883400
2026-03-30,357.5111999511719,363.88536295562653,354.84202394218255,360.43933630538186,44797000
2026-03-31,368.67596435546875,371.3949263066763,361.6046146993887,363.07862179545566,45244400
2026-04-01,367.8791809082031,372.48052926345224,366.7139201659809,371.98254731341393,29417200
2026-04-02,371.9526672363281,372.1319638369453,362.680245817395,365.7278929006101,24099100
2026-04-06,371.3750305175781,372.22160592655575,368.0086676124431,371.9825539180967,16146600
2026-04-07,370.78741455078125,370.9467724245638,365.080530373921,368.8452727581139,21443300
2026-04-08,372.8191223144531,383.44606961738685,369.91092498913014,383.4261612830284,33064800
2026-04-09,371.5642395019531,371.9924966612836,365.5685176937085,370.9965328148009,30435300
2026-04-10,369.37310791015625,374.1238749235223,368.5365019241105,371.47460743717505,28111100
2026-04-13,382.8186340332031,382.98796126737693,369.5225100750242,372.10205289266787,35745800
2026-04-14,391.5233459472656,393.09698589720546,384.95994763093,386.3543213772784,37504500
2026-04-15,409.5602722167969,412.69755239260473,395.1287651714373,396.3936283702306,45063400
2026-04-16,418.56378173828125,419.12151906860663,410.4765600541581,418.16537187855886,41642400
2026-04-17,421.0835876464844,429.83808848207923,418.99205736838906,423.10539315661504,48568200
2026-04-20,416.38262939453125,421.6213787702164,414.6197538627068,419.4501847919345,27582200
2026-04-21,422.4480285644531,425.45582843737157,415.516128706763,418.5438369146158,32048500
2026-04-22,431.1726989746094,431.9495495900464,421.9600330275293,424.4698510786937,29378200
2026-04-23,414.0719909667969,421.9500690544079,409.7495112929088,418.19529609754903,38308000
2026-04-24,422.90618896484375,423.23487407473965,414.12178001797366,415.28707116170386,27457400
2026-04-27,423.1053771972656,425.38611256831246,415.3866572294081,420.6752229306716,30867300
2026-04-28,427.5174865722656,428.1847957314844,420.197146128082,422.8563830057505,30438100
2026-04-29,422.746826171875,425.0973167681131,418.59367375245296,422.8663369761165,38288300
2026-04-30,406.1341552734375,412.74737011555624,396.4035989759817,409.15192465494977,70909400
2026-05-01,412.76727294921875,415.4264794885345,408.7834174283456,411.1338775963461,31372400
2026-05-04,411.9505615234375,419.0816663151199,409.14193618030583,409.87897009526375,28066500
2026-05-05,409.7196044921875,415.09780308537887,407.1500007946646,413.6437044066962,25700900
2026-05-06,412.2891845703125,416.73120520087787,403.4748984673602,406.3532485673598,30285900
2026-05-07,419.07171630859375,426.25263786097554,417.06984955189336,418.41437649189606,34942400
2026-05-08,413.44451904296875,416.9403619714099,412.32904436576047,415.70537649227293,33383800
2026-05-11,410.99444580078125,411.02432350049145,403.86334099070683,406.22377045102496,35657900
2026-05-12,406.1241760253906,413.8229876767416,404.9987623844293,412.8071154720842,38594200
2026-05-13,403.57452392578125,404.6700902960666,399.41140211310335,401.57265715241186,29667100
2026-05-14,407.7774658203125,410.17774231087935,399.2619871856725,402.8474630718804,27077500
2026-05-15,420.2170715332031,426.4418454559798,411.2434277199191,412.5979239362014,50771200
2026-05-18,421.83056640625,423.40417602339767,413.9325494355234,414.93848271907115,32564100
2026-05-19,415.7352600097656,430.9535870211983,414.808990493047,428.16486989475214,33018700
2026-05-20,419.36053466796875,420.3963455784958,409.63991780241736,412.49835957243755,27864000
2026-05-21,418.3025207519531,425.5388979071037,414.92886694253497,423.9518891931334,31393500
2026-05-22,417.7835388183594,423.60257118762803,415.54772693408205,418.7517174636334,22390300
2026-05-26,415.248291015625,418.9812539216563,412.24393696715845,415.6475333356961,30398000
2026-05-27,411.8946228027344,415.15846763645,408.8104019854481,410.23773822181624,28901500
2026-05-28,426.18768310546875,428.68298564682067,411.89461329838434,412.2040283766931,47250500
2026-05-29,449.3940124511719,449.48383969057267,431.54760317786213,431.7372486144539,79654400
2026-06-01,459.6546936035156,465.4438139523178,457.40892124774234,463.96658383705716,53628900
2026-06-02,440.48077392578125,452.64787129328397,439.6024225764256,446.0403151791343,37036800
2026-06-03,426.53704833984375,439.56254639446627,423.45285793258154,437.62618910935214,39037000
2026-06-04,427.2456970214844,435.33048350032107,425.60879436274143,434.9911260035114,26899500
2026-06-05,415.8870849609375,428.66302140752947,413.6213308264138,427.5351398188391,34782200
2026-06-08,410.9663391113281,416.37616844333525,407.79232157753756,413.3618539280056,32086700
2026-06-09,402.6520080566406,411.20591258759293,397.7312786929967,408.26144336727174,35317300
2026-06-10,396.61334228515625,404.2789346443135,396.41373636313654,397.80110870103243,32576000
2026-06-11,389.6065673828125,396.1043451719433,383.278483574852,394.46741202742857,47224100
2026-06-12,390.00579833984375,391.003919361718,381.55171206615995,390.6945042817559,34865800
2026-06-15,399.0088806152344,400.99513175706005,392.11186050588947,396.05442037645633,32266400
2026-06-16,393.0899963378906,396.094350419825,389.9559121071713,395.0463355104342,31506800
2026-06-17,378.1980285644531,389.6364865987809,376.6110198431126,389.51671695343225,41987800
2026-06-18,378.6871032714844,380.6534028700893,372.5786075934489,377.11008548581106,59714200
2026-06-22,366.6497802734375,380.9129385065033,366.3802985575179,375.0339909424311,45171100
2026-06-23,373.23736572265625,376.51120135394876,369.9735210485466,371.6802994138851,40647600
2026-06-24,364.7733154296875,378.16811350773463,364.09460041679364,370.87185096853153,44509900
2026-06-25,352.1670227050781,363.5456265920902,348.54386902384044,362.0883479855026,66179000
2026-06-26,372.2691955566406,375.90234020580533,354.762144454129,356.4789138154501,186201600
2026-06-29,367.8774719238281,379.7850483907747,359.2237492715265,376.790685328561,51229900
2026-06-30,372.319091796875,373.44697342275583,366.7595808670141,370.3328407149792,44945700
2026-07-01,383.5579528808594,388.09939143880604,374.18561213385976,380.1144231011508,48065800
2026-07-02,389.7562561035156,391.4630649298244,382.97903650468743,383.7575696594082,42128900
2026-07-06,386.0133056640625,388.418780928489,380.5036887115837,386.31276024010407,34224500
2026-07-07,388.109375,394.8267404517197,387.4905448392632,391.75251064257776,29297500
2026-07-08,382.6197204589844,384.58602015004215,380.6134873969759,383.3084264217563,25908300
2026-07-09,383.6377868652344,383.92725049460796,372.64849496928053,373.74643420118315,31083200
2026-07-10,384.37640380859375,391.1736053926777,380.783162110783,387.07131223677504,24644600
2026-07-13,390.2553405761719,392.91034623109437,383.4281962321871,387.02143811329415,28914900
2026-07-14,384.20672607421875,387.46061042423804,377.93852713765,382.1007052927433,27863900
2026-07-15,394.8866271972656,398.2103568181361,385.6739591427675,387.07132248997675,36253700
2026-07-16,400.3463439941406,405.2271399033625,391.31333055964967,397.56157784187184,37047400
2026-07-17,393.08001708984375,397.64143734197864,388.6583483977542,394.1180409920291,33049800
2026-07-20,401.53411865234375,402.4224305318551,388.91785418191677,390.67455694621333,27915800
2026-07-21,397.00262451171875,400.7156358198418,395.57531880381754,398.0606303262699,24126600
2026-07-22,389.6065673828125,400.246541441447,386.2329133568751,398.8291961465565,28142500
2026-07-23,380.8630065917969,391.04385321150613,376.68090752842744,389.23725659651495,30351800
2026-07-24,380.9828186035156,388.29903252889795,379.9347732203772,386.32274187573427,27659400
2026-07-27,388.368896484375,393.45931979821836,387.2609663085435,389.3470355932277,27856200
2026-07-28,392.61090087890625,399.56780545733704,390.5647345556998,392.4212554523594,32367500
2026-07-29,389.8061828613281,400.4960502148319,388.00954678983055,392.6607942930367,47209000
2026-07-30,450.2524108886719,457.8281459885008,431.6274684759506,437.07720086969465,110160700
2026-07-31,463.8468017578125,465.962813447145,448.4857046349594,449.1544591210436,60846000
2026-08-03,486.73370361328125,490.7261876465455,474.10747895013026,475.2353605631651,66762100
2026-08-04,491.884033203125,498.50158065157444,478.2696778930625,479.99640781848416,50455500
2026-08-05,486.5440673828125,497.3038108374591,484.7674131728324,495.42733843271316,33388900
2026-08-06,498.9207458496094,500.61756372489685,487.60205742358346,487.6319998350186,36441500
2026-08-07,499.0505065917969,504.23075699317457,497.79289485093346,498.2719734340298,28846200
2026-08-10,505.109130859375,512.7647021753171,501.32624359045303,502.4940586092805,31206100
2026-08-11,502.86334228515625,504.38047525067043,498.61133704649393,503.3823542433026,23049800
2026-08-12,491.5047302246094,500.557695253814,490.59643643442394,499.0505227551261,29001500
2026-08-13,495.9463806152344,500.3979918654044,492.0836571155829,492.34314786956145,23039000
2026-08-14,494.4691467285156,499.07050046550256,492.991947114923,495.42733437790497,16217600
2026-08-17,479.44744873046875,491.73431632358415,477.51109147171053,489.21906226283284,29635800
2026-08-18,480.72503662109375,483.36006030134655,476.2534434403709,480.6352093836093,24087600
2026-08-19,483.3999938964844,488.3806080919379,478.4592826108848,479.16797047398614,19961900
2026-08-20,481.1499938964844,484.1600036621094,479.5,483.29998779296875,20020800
2026-08-21,483.239990234375,486.3599853515625,478.5299987792969,479.8800048828125,22489200
2026-08-24,486.9200134277344,487.8999938964844,481.8599853515625,483.2049865722656,2042610
